                   #Radius (m)               Density (kg/m^3)              Bulk modulus (Pa)             Shear modulus (Pa)               Viscosity (Pa.s)
                2575000.000000                     930.000000                   1.000000e+30                   3.500000e+09                      24.000000
                2574999.710145                     930.000000                   1.000000e+30                   3.500000e+09                      24.000000
                2574999.420290                     930.000000                   1.000000e+30                   3.500000e+09                      24.000000
                2574999.130435                     930.000000                   1.000000e+30                   3.500000e+09                      24.000000
                2574998.840580                     930.000000                   1.000000e+30                   3.500000e+09                      24.000000
                2574998.550725                     930.000000                   1.000000e+30                   3.500000e+09                      24.000000
                2574998.260870                     930.000000                   1.000000e+30                   3.500000e+09                      24.000000
                2574997.971014                     930.000000                   1.000000e+30                   3.500000e+09                      24.000000
                2574997.681159                     930.000000                   1.000000e+30                   3.500000e+09                      24.000000
                2574997.391304                     930.000000                   1.000000e+30                   3.500000e+09                      24.000000
                2574997.101449                     930.000000                   1.000000e+30                   3.500000e+09                      24.000000
                2574996.811594                     930.000000                   1.000000e+30                   3.500000e+09                      24.000000
                2574996.521739                     930.000000                   1.000000e+30                   3.500000e+09                      24.000000
                2574996.231884                     930.000000                   1.000000e+30                   3.500000e+09                      24.000000
                2574995.942029                     930.000000                   1.000000e+30                   3.500000e+09                      24.000000
                2574995.652174                     930.000000                   1.000000e+30                   3.500000e+09                      24.000000
                2574995.362319                     930.000000                   1.000000e+30                   3.500000e+09                      24.000000
                2574995.072464                     930.000000                   1.000000e+30                   3.500000e+09                      24.000000
                2574994.782609                     930.000000                   1.000000e+30                   3.500000e+09                      24.000000
                2574994.492754                     930.000000                   1.000000e+30                   3.500000e+09                      24.000000
                2574994.202899                     930.000000                   1.000000e+30                   3.500000e+09                      24.000000
                2574993.913043                     930.000000                   1.000000e+30                   3.500000e+09                      24.000000
                2574993.623188                     930.000000                   1.000000e+30                   3.500000e+09                      24.000000
                2574993.333333                     930.000000                   1.000000e+30                   3.500000e+09                      24.000000
                2574993.043478                     930.000000                   1.000000e+30                   3.500000e+09                      24.000000
                2574992.753623                     930.000000                   1.000000e+30                   3.500000e+09                      24.000000
                2574992.463768                     930.000000                   1.000000e+30                   3.500000e+09                      24.000000
                2574992.173913                     930.000000                   1.000000e+30                   3.500000e+09                      24.000000
                2574991.884058                     930.000000                   1.000000e+30                   3.500000e+09                      24.000000
                2574991.594203                     930.000000                   1.000000e+30                   3.500000e+09                      24.000000
                2574991.304348                     930.000000                   1.000000e+30                   3.500000e+09                      24.000000
                2574991.014493                     930.000000                   1.000000e+30                   3.500000e+09                      24.000000
                2574990.724638                     930.000000                   1.000000e+30                   3.500000e+09                      24.000000
                2574990.434783                     930.000000                   1.000000e+30                   3.500000e+09                      24.000000
                2574990.144928                     930.000000                   1.000000e+30                   3.500000e+09                      24.000000
                2574989.855072                     930.000000                   1.000000e+30                   3.500000e+09                      24.000000
                2574989.565217                     930.000000                   1.000000e+30                   3.500000e+09                      24.000000
                2574989.275362                     930.000000                   1.000000e+30                   3.500000e+09                      24.000000
                2574988.985507                     930.000000                   1.000000e+30                   3.500000e+09                      24.000000
                2574988.695652                     930.000000                   1.000000e+30                   3.500000e+09                      24.000000
                2574988.405797                     930.000000                   1.000000e+30                   3.500000e+09                      24.000000
                2574988.115942                     930.000000                   1.000000e+30                   3.500000e+09                      24.000000
                2574987.826087                     930.000000                   1.000000e+30                   3.500000e+09                      24.000000
                2574987.536232                     930.000000                   1.000000e+30                   3.500000e+09                      24.000000
                2574987.246377                     930.000000                   1.000000e+30                   3.500000e+09                      24.000000
                2574986.956522                     930.000000                   1.000000e+30                   3.500000e+09                      24.000000
                2574986.666667                     930.000000                   1.000000e+30                   3.500000e+09                      24.000000
                2574986.376812                     930.000000                   1.000000e+30                   3.500000e+09                      24.000000
                2574986.086957                     930.000000                   1.000000e+30                   3.500000e+09                      24.000000
                2574985.797101                     930.000000                   1.000000e+30                   3.500000e+09                      24.000000
                2574985.507246                     930.000000                   1.000000e+30                   3.500000e+09                      24.000000
                2574985.217391                     930.000000                   1.000000e+30                   3.500000e+09                      24.000000
                2574984.927536                     930.000000                   1.000000e+30                   3.500000e+09                      24.000000
                2574984.637681                     930.000000                   1.000000e+30                   3.500000e+09                      24.000000
                2574984.347826                     930.000000                   1.000000e+30                   3.500000e+09                      24.000000
                2574984.057971                     930.000000                   1.000000e+30                   3.500000e+09                      24.000000
                2574983.768116                     930.000000                   1.000000e+30                   3.500000e+09                      24.000000
                2574983.478261                     930.000000                   1.000000e+30                   3.500000e+09                      24.000000
                2574983.188406                     930.000000                   1.000000e+30                   3.500000e+09                      24.000000
                2574982.898551                     930.000000                   1.000000e+30                   3.500000e+09                      24.000000
                2574982.608696                     930.000000                   1.000000e+30                   3.500000e+09                      24.000000
                2574982.318841                     930.000000                   1.000000e+30                   3.500000e+09                      24.000000
                2574982.028986                     930.000000                   1.000000e+30                   3.500000e+09                      24.000000
                2574981.739130                     930.000000                   1.000000e+30                   3.500000e+09                      24.000000
                2574981.449275                     930.000000                   1.000000e+30                   3.500000e+09                      24.000000
                2574981.159420                     930.000000                   1.000000e+30                   3.500000e+09                      24.000000
                2574980.869565                     930.000000                   1.000000e+30                   3.500000e+09                      24.000000
                2574980.579710                     930.000000                   1.000000e+30                   3.500000e+09                      24.000000
                2574980.289855                     930.000000                   1.000000e+30                   3.500000e+09                      24.000000
                2574980.000000                     930.000000                   1.000000e+30                   3.500000e+09                      24.000000
                2574980.000000                     930.000000                   1.000000e+30                   3.500000e+09                      15.000000
                2573685.581395                     930.000000                   1.000000e+30                   3.500000e+09                      15.000000
                2572391.162791                     930.000000                   1.000000e+30                   3.500000e+09                      15.000000
                2571096.744186                     930.000000                   1.000000e+30                   3.500000e+09                      15.000000
                2569802.325581                     930.000000                   1.000000e+30                   3.500000e+09                      15.000000
                2568507.906977                     930.000000                   1.000000e+30                   3.500000e+09                      15.000000
                2567213.488372                     930.000000                   1.000000e+30                   3.500000e+09                      15.000000
                2565919.069767                     930.000000                   1.000000e+30                   3.500000e+09                      15.000000
                2564624.651163                     930.000000                   1.000000e+30                   3.500000e+09                      15.000000
                2563330.232558                     930.000000                   1.000000e+30                   3.500000e+09                      15.000000
                2562035.813953                     930.000000                   1.000000e+30                   3.500000e+09                      15.000000
                2560741.395349                     930.000000                   1.000000e+30                   3.500000e+09                      15.000000
                2559446.976744                     930.000000                   1.000000e+30                   3.500000e+09                      15.000000
                2558152.558140                     930.000000                   1.000000e+30                   3.500000e+09                      15.000000
                2556858.139535                     930.000000                   1.000000e+30                   3.500000e+09                      15.000000
                2555563.720930                     930.000000                   1.000000e+30                   3.500000e+09                      15.000000
                2554269.302326                     930.000000                   1.000000e+30                   3.500000e+09                      15.000000
                2552974.883721                     930.000000                   1.000000e+30                   3.500000e+09                      15.000000
                2551680.465116                     930.000000                   1.000000e+30                   3.500000e+09                      15.000000
                2550386.046512                     930.000000                   1.000000e+30                   3.500000e+09                      15.000000
                2549091.627907                     930.000000                   1.000000e+30                   3.500000e+09                      15.000000
                2547797.209302                     930.000000                   1.000000e+30                   3.500000e+09                      15.000000
                2546502.790698                     930.000000                   1.000000e+30                   3.500000e+09                      15.000000
                2545208.372093                     930.000000                   1.000000e+30                   3.500000e+09                      15.000000
                2543913.953488                     930.000000                   1.000000e+30                   3.500000e+09                      15.000000
                2542619.534884                     930.000000                   1.000000e+30                   3.500000e+09                      15.000000
                2541325.116279                     930.000000                   1.000000e+30                   3.500000e+09                      15.000000
                2540030.697674                     930.000000                   1.000000e+30                   3.500000e+09                      15.000000
                2538736.279070                     930.000000                   1.000000e+30                   3.500000e+09                      15.000000
                2537441.860465                     930.000000                   1.000000e+30                   3.500000e+09                      15.000000
                2536147.441860                     930.000000                   1.000000e+30                   3.500000e+09                      15.000000
                2534853.023256                     930.000000                   1.000000e+30                   3.500000e+09                      15.000000
                2533558.604651                     930.000000                   1.000000e+30                   3.500000e+09                      15.000000
                2532264.186047                     930.000000                   1.000000e+30                   3.500000e+09                      15.000000
                2530969.767442                     930.000000                   1.000000e+30                   3.500000e+09                      15.000000
                2529675.348837                     930.000000                   1.000000e+30                   3.500000e+09                      15.000000
                2528380.930233                     930.000000                   1.000000e+30                   3.500000e+09                      15.000000
                2527086.511628                     930.000000                   1.000000e+30                   3.500000e+09                      15.000000
                2525792.093023                     930.000000                   1.000000e+30                   3.500000e+09                      15.000000
                2524497.674419                     930.000000                   1.000000e+30                   3.500000e+09                      15.000000
                2523203.255814                     930.000000                   1.000000e+30                   3.500000e+09                      15.000000
                2521908.837209                     930.000000                   1.000000e+30                   3.500000e+09                      15.000000
                2520614.418605                     930.000000                   1.000000e+30                   3.500000e+09                      15.000000
                2519320.000000                     930.000000                   1.000000e+30                   3.500000e+09                      15.000000
                2518025.581395                     930.000000                   1.000000e+30                   3.500000e+09                      15.000000
                2516731.162791                     930.000000                   1.000000e+30                   3.500000e+09                      15.000000
                2515436.744186                     930.000000                   1.000000e+30                   3.500000e+09                      15.000000
                2514142.325581                     930.000000                   1.000000e+30                   3.500000e+09                      15.000000
                2512847.906977                     930.000000                   1.000000e+30                   3.500000e+09                      15.000000
                2511553.488372                     930.000000                   1.000000e+30                   3.500000e+09                      15.000000
                2510259.069767                     930.000000                   1.000000e+30                   3.500000e+09                      15.000000
                2508964.651163                     930.000000                   1.000000e+30                   3.500000e+09                      15.000000
                2507670.232558                     930.000000                   1.000000e+30                   3.500000e+09                      15.000000
                2506375.813953                     930.000000                   1.000000e+30                   3.500000e+09                      15.000000
                2505081.395349                     930.000000                   1.000000e+30                   3.500000e+09                      15.000000
                2503786.976744                     930.000000                   1.000000e+30                   3.500000e+09                      15.000000
                2502492.558140                     930.000000                   1.000000e+30                   3.500000e+09                      15.000000
                2501198.139535                     930.000000                   1.000000e+30                   3.500000e+09                      15.000000
                2499903.720930                     930.000000                   1.000000e+30                   3.500000e+09                      15.000000
                2498609.302326                     930.000000                   1.000000e+30                   3.500000e+09                      15.000000
                2497314.883721                     930.000000                   1.000000e+30                   3.500000e+09                      15.000000
                2496020.465116                     930.000000                   1.000000e+30                   3.500000e+09                      15.000000
                2494726.046512                     930.000000                   1.000000e+30                   3.500000e+09                      15.000000
                2493431.627907                     930.000000                   1.000000e+30                   3.500000e+09                      15.000000
                2492137.209302                     930.000000                   1.000000e+30                   3.500000e+09                      15.000000
                2490842.790698                     930.000000                   1.000000e+30                   3.500000e+09                      15.000000
                2489548.372093                     930.000000                   1.000000e+30                   3.500000e+09                      15.000000
                2488253.953488                     930.000000                   1.000000e+30                   3.500000e+09                      15.000000
                2486959.534884                     930.000000                   1.000000e+30                   3.500000e+09                      15.000000
                2485665.116279                     930.000000                   1.000000e+30                   3.500000e+09                      15.000000
                2484370.697674                     930.000000                   1.000000e+30                   3.500000e+09                      15.000000
                2483076.279070                     930.000000                   1.000000e+30                   3.500000e+09                      15.000000
                2481781.860465                     930.000000                   1.000000e+30                   3.500000e+09                      15.000000
                2480487.441860                     930.000000                   1.000000e+30                   3.500000e+09                      15.000000
                2479193.023256                     930.000000                   1.000000e+30                   3.500000e+09                      15.000000
                2477898.604651                     930.000000                   1.000000e+30                   3.500000e+09                      15.000000
                2476604.186047                     930.000000                   1.000000e+30                   3.500000e+09                      15.000000
                2475309.767442                     930.000000                   1.000000e+30                   3.500000e+09                      15.000000
                2474015.348837                     930.000000                   1.000000e+30                   3.500000e+09                      15.000000
                2472720.930233                     930.000000                   1.000000e+30                   3.500000e+09                      15.000000
                2471426.511628                     930.000000                   1.000000e+30                   3.500000e+09                      15.000000
                2470132.093023                     930.000000                   1.000000e+30                   3.500000e+09                      15.000000
                2468837.674419                     930.000000                   1.000000e+30                   3.500000e+09                      15.000000
                2467543.255814                     930.000000                   1.000000e+30                   3.500000e+09                      15.000000
                2466248.837209                     930.000000                   1.000000e+30                   3.500000e+09                      15.000000
                2464954.418605                     930.000000                   1.000000e+30                   3.500000e+09                      15.000000
                2463660.000000                     930.000000                   1.000000e+30                   3.500000e+09                      15.000000
                2462365.581395                     930.000000                   1.000000e+30                   3.500000e+09                      15.000000
                2461071.162791                     930.000000                   1.000000e+30                   3.500000e+09                      15.000000
                2459776.744186                     930.000000                   1.000000e+30                   3.500000e+09                      15.000000
                2458482.325581                     930.000000                   1.000000e+30                   3.500000e+09                      15.000000
                2457187.906977                     930.000000                   1.000000e+30                   3.500000e+09                      15.000000
                2455893.488372                     930.000000                   1.000000e+30                   3.500000e+09                      15.000000
                2454599.069767                     930.000000                   1.000000e+30                   3.500000e+09                      15.000000
                2453304.651163                     930.000000                   1.000000e+30                   3.500000e+09                      15.000000
                2452010.232558                     930.000000                   1.000000e+30                   3.500000e+09                      15.000000
                2450715.813953                     930.000000                   1.000000e+30                   3.500000e+09                      15.000000
                2449421.395349                     930.000000                   1.000000e+30                   3.500000e+09                      15.000000
                2448126.976744                     930.000000                   1.000000e+30                   3.500000e+09                      15.000000
                2446832.558140                     930.000000                   1.000000e+30                   3.500000e+09                      15.000000
                2445538.139535                     930.000000                   1.000000e+30                   3.500000e+09                      15.000000
                2444243.720930                     930.000000                   1.000000e+30                   3.500000e+09                      15.000000
                2442949.302326                     930.000000                   1.000000e+30                   3.500000e+09                      15.000000
                2441654.883721                     930.000000                   1.000000e+30                   3.500000e+09                      15.000000
                2440360.465116                     930.000000                   1.000000e+30                   3.500000e+09                      15.000000
                2439066.046512                     930.000000                   1.000000e+30                   3.500000e+09                      15.000000
                2437771.627907                     930.000000                   1.000000e+30                   3.500000e+09                      15.000000
                2436477.209302                     930.000000                   1.000000e+30                   3.500000e+09                      15.000000
                2435182.790698                     930.000000                   1.000000e+30                   3.500000e+09                      15.000000
                2433888.372093                     930.000000                   1.000000e+30                   3.500000e+09                      15.000000
                2432593.953488                     930.000000                   1.000000e+30                   3.500000e+09                      15.000000
                2431299.534884                     930.000000                   1.000000e+30                   3.500000e+09                      15.000000
                2430005.116279                     930.000000                   1.000000e+30                   3.500000e+09                      15.000000
                2428710.697674                     930.000000                   1.000000e+30                   3.500000e+09                      15.000000
                2427416.279070                     930.000000                   1.000000e+30                   3.500000e+09                      15.000000
                2426121.860465                     930.000000                   1.000000e+30                   3.500000e+09                      15.000000
                2424827.441860                     930.000000                   1.000000e+30                   3.500000e+09                      15.000000
                2423533.023256                     930.000000                   1.000000e+30                   3.500000e+09                      15.000000
                2422238.604651                     930.000000                   1.000000e+30                   3.500000e+09                      15.000000
                2420944.186047                     930.000000                   1.000000e+30                   3.500000e+09                      15.000000
                2419649.767442                     930.000000                   1.000000e+30                   3.500000e+09                      15.000000
                2418355.348837                     930.000000                   1.000000e+30                   3.500000e+09                      15.000000
                2417060.930233                     930.000000                   1.000000e+30                   3.500000e+09                      15.000000
                2415766.511628                     930.000000                   1.000000e+30                   3.500000e+09                      15.000000
                2414472.093023                     930.000000                   1.000000e+30                   3.500000e+09                      15.000000
                2413177.674419                     930.000000                   1.000000e+30                   3.500000e+09                      15.000000
                2411883.255814                     930.000000                   1.000000e+30                   3.500000e+09                      15.000000
                2410588.837209                     930.000000                   1.000000e+30                   3.500000e+09                      15.000000
                2409294.418605                     930.000000                   1.000000e+30                   3.500000e+09                      15.000000
                2408000.000000                     930.000000                   1.000000e+30                   3.500000e+09                      15.000000
                2408000.000000                    1100.000000                   1.000000e+30                   0.000000e+00                       2.000000
                2407998.183076                    1100.000000                   1.000000e+30                   0.000000e+00                       2.000000
                2407994.953988                    1100.000000                   1.000000e+30                   0.000000e+00                       2.000000
                2407990.112749                    1100.000000                   1.000000e+30                   0.000000e+00                       2.000000
                2407983.662230                    1100.000000                   1.000000e+30                   0.000000e+00                       2.000000
                2407975.606258                    1100.000000                   1.000000e+30                   0.000000e+00                       2.000000
                2407965.949611                    1100.000000                   1.000000e+30                   0.000000e+00                       2.000000
                2407954.698013                    1100.000000                   1.000000e+30                   0.000000e+00                       2.000000
                2407941.858140                    1100.000000                   1.000000e+30                   0.000000e+00                       2.000000
                2407927.437606                    1100.000000                   1.000000e+30                   0.000000e+00                       2.000000
                2407911.444962                    1100.000000                   1.000000e+30                   0.000000e+00                       2.000000
                2407893.889694                    1100.000000                   1.000000e+30                   0.000000e+00                       2.000000
                2407874.782213                    1100.000000                   1.000000e+30                   0.000000e+00                       2.000000
                2407854.133850                    1100.000000                   1.000000e+30                   0.000000e+00                       2.000000
                2407831.956852                    1100.000000                   1.000000e+30                   0.000000e+00                       2.000000
                2407808.264371                    1100.000000                   1.000000e+30                   0.000000e+00                       2.000000
                2407783.070457                    1100.000000                   1.000000e+30                   0.000000e+00                       2.000000
                2407756.390053                    1100.000000                   1.000000e+30                   0.000000e+00                       2.000000
                2407728.238981                    1100.000000                   1.000000e+30                   0.000000e+00                       2.000000
                2407698.633937                    1100.000000                   1.000000e+30                   0.000000e+00                       2.000000
                2407667.592479                    1100.000000                   1.000000e+30                   0.000000e+00                       2.000000
                2407635.133015                    1100.000000                   1.000000e+30                   0.000000e+00                       2.000000
                2407601.274796                    1100.000000                   1.000000e+30                   0.000000e+00                       2.000000
                2407566.037902                    1100.000000                   1.000000e+30                   0.000000e+00                       2.000000
                2407529.443231                    1100.000000                   1.000000e+30                   0.000000e+00                       2.000000
                2407491.512485                    1100.000000                   1.000000e+30                   0.000000e+00                       2.000000
                2407452.268161                    1100.000000                   1.000000e+30                   0.000000e+00                       2.000000
                2407411.733531                    1100.000000                   1.000000e+30                   0.000000e+00                       2.000000
                2407369.932636                    1100.000000                   1.000000e+30                   0.000000e+00                       2.000000
                2407326.890266                    1100.000000                   1.000000e+30                   0.000000e+00                       2.000000
                2407282.631947                    1100.000000                   1.000000e+30                   0.000000e+00                       2.000000
                2407237.183929                    1100.000000                   1.000000e+30                   0.000000e+00                       2.000000
                2407190.573163                    1100.000000                   1.000000e+30                   0.000000e+00                       2.000000
                2407142.827293                    1100.000000                   1.000000e+30                   0.000000e+00                       2.000000
                2407093.974635                    1100.000000                   1.000000e+30                   0.000000e+00                       2.000000
                2407044.044162                    1100.000000                   1.000000e+30                   0.000000e+00                       2.000000
                2406993.065485                    1100.000000                   1.000000e+30                   0.000000e+00                       2.000000
                2406941.068838                    1100.000000                   1.000000e+30                   0.000000e+00                       2.000000
                2406888.085059                    1100.000000                   1.000000e+30                   0.000000e+00                       2.000000
                2406834.145569                    1100.000000                   1.000000e+30                   0.000000e+00                       2.000000
                2406779.282358                    1100.000000                   1.000000e+30                   0.000000e+00                       2.000000
                2406723.527963                    1100.000000                   1.000000e+30                   0.000000e+00                       2.000000
                2406666.915450                    1100.000000                   1.000000e+30                   0.000000e+00                       2.000000
                2406609.478394                    1100.000000                   1.000000e+30                   0.000000e+00                       2.000000
                2406551.250858                    1100.000000                   1.000000e+30                   0.000000e+00                       2.000000
                2406492.267375                    1100.000000                   1.000000e+30                   0.000000e+00                       2.000000
                2406432.562925                    1100.000000                   1.000000e+30                   0.000000e+00                       2.000000
                2406372.172916                    1100.000000                   1.000000e+30                   0.000000e+00                       2.000000
                2406311.133165                    1100.000000                   1.000000e+30                   0.000000e+00                       2.000000
                2406249.479870                    1100.000000                   1.000000e+30                   0.000000e+00                       2.000000
                2406187.249596                    1100.000000                   1.000000e+30                   0.000000e+00                       2.000000
                2406124.479250                    1100.000000                   1.000000e+30                   0.000000e+00                       2.000000
                2406061.206058                    1100.000000                   1.000000e+30                   0.000000e+00                       2.000000
                2405997.467544                    1100.000000                   1.000000e+30                   0.000000e+00                       2.000000
                2405933.301510                    1100.000000                   1.000000e+30                   0.000000e+00                       2.000000
                2405868.746010                    1100.000000                   1.000000e+30                   0.000000e+00                       2.000000
                2405803.839329                    1100.000000                   1.000000e+30                   0.000000e+00                       2.000000
                2405738.619961                    1100.000000                   1.000000e+30                   0.000000e+00                       2.000000
                2405673.126584                    1100.000000                   1.000000e+30                   0.000000e+00                       2.000000
                2405607.398041                    1100.000000                   1.000000e+30                   0.000000e+00                       2.000000
                2405541.473312                    1100.000000                   1.000000e+30                   0.000000e+00                       2.000000
                2405475.391495                    1100.000000                   1.000000e+30                   0.000000e+00                       2.000000
                2405409.191780                    1100.000000                   1.000000e+30                   0.000000e+00                       2.000000
                2405342.913428                    1100.000000                   1.000000e+30                   0.000000e+00                       2.000000
                2405276.595745                    1100.000000                   1.000000e+30                   0.000000e+00                       2.000000
                2405210.278062                    1100.000000                   1.000000e+30                   0.000000e+00                       2.000000
                2405143.999709                    1100.000000                   1.000000e+30                   0.000000e+00                       2.000000
                2405077.799994                    1100.000000                   1.000000e+30                   0.000000e+00                       2.000000
                2405011.718177                    1100.000000                   1.000000e+30                   0.000000e+00                       2.000000
                2404945.793448                    1100.000000                   1.000000e+30                   0.000000e+00                       2.000000
                2404880.064905                    1100.000000                   1.000000e+30                   0.000000e+00                       2.000000
                2404814.571528                    1100.000000                   1.000000e+30                   0.000000e+00                       2.000000
                2404749.352160                    1100.000000                   1.000000e+30                   0.000000e+00                       2.000000
                2404684.445479                    1100.000000                   1.000000e+30                   0.000000e+00                       2.000000
                2404619.889979                    1100.000000                   1.000000e+30                   0.000000e+00                       2.000000
                2404555.723945                    1100.000000                   1.000000e+30                   0.000000e+00                       2.000000
                2404491.985432                    1100.000000                   1.000000e+30                   0.000000e+00                       2.000000
                2404428.712239                    1100.000000                   1.000000e+30                   0.000000e+00                       2.000000
                2404365.941893                    1100.000000                   1.000000e+30                   0.000000e+00                       2.000000
                2404303.711619                    1100.000000                   1.000000e+30                   0.000000e+00                       2.000000
                2404242.058325                    1100.000000                   1.000000e+30                   0.000000e+00                       2.000000
                2404181.018573                    1100.000000                   1.000000e+30                   0.000000e+00                       2.000000
                2404120.628565                    1100.000000                   1.000000e+30                   0.000000e+00                       2.000000
                2404060.924115                    1100.000000                   1.000000e+30                   0.000000e+00                       2.000000
                2404001.940631                    1100.000000                   1.000000e+30                   0.000000e+00                       2.000000
                2403943.713095                    1100.000000                   1.000000e+30                   0.000000e+00                       2.000000
                2403886.276039                    1100.000000                   1.000000e+30                   0.000000e+00                       2.000000
                2403829.663526                    1100.000000                   1.000000e+30                   0.000000e+00                       2.000000
                2403773.909132                    1100.000000                   1.000000e+30                   0.000000e+00                       2.000000
                2403719.045921                    1100.000000                   1.000000e+30                   0.000000e+00                       2.000000
                2403665.106431                    1100.000000                   1.000000e+30                   0.000000e+00                       2.000000
                2403612.122651                    1100.000000                   1.000000e+30                   0.000000e+00                       2.000000
                2403560.126004                    1100.000000                   1.000000e+30                   0.000000e+00                       2.000000
                2403509.147328                    1100.000000                   1.000000e+30                   0.000000e+00                       2.000000
                2403459.216855                    1100.000000                   1.000000e+30                   0.000000e+00                       2.000000
                2403410.364197                    1100.000000                   1.000000e+30                   0.000000e+00                       2.000000
                2403362.618327                    1100.000000                   1.000000e+30                   0.000000e+00                       2.000000
                2403316.007561                    1100.000000                   1.000000e+30                   0.000000e+00                       2.000000
                2403270.559542                    1100.000000                   1.000000e+30                   0.000000e+00                       2.000000
                2403226.301224                    1100.000000                   1.000000e+30                   0.000000e+00                       2.000000
                2403183.258853                    1100.000000                   1.000000e+30                   0.000000e+00                       2.000000
                2403141.457958                    1100.000000                   1.000000e+30                   0.000000e+00                       2.000000
                2403100.923329                    1100.000000                   1.000000e+30                   0.000000e+00                       2.000000
                2403061.679004                    1100.000000                   1.000000e+30                   0.000000e+00                       2.000000
                2403023.748258                    1100.000000                   1.000000e+30                   0.000000e+00                       2.000000
                2402987.153587                    1100.000000                   1.000000e+30                   0.000000e+00                       2.000000
                2402951.916694                    1100.000000                   1.000000e+30                   0.000000e+00                       2.000000
                2402918.058475                    1100.000000                   1.000000e+30                   0.000000e+00                       2.000000
                2402885.599011                    1100.000000                   1.000000e+30                   0.000000e+00                       2.000000
                2402854.557552                    1100.000000                   1.000000e+30                   0.000000e+00                       2.000000
                2402824.952508                    1100.000000                   1.000000e+30                   0.000000e+00                       2.000000
                2402796.801436                    1100.000000                   1.000000e+30                   0.000000e+00                       2.000000
                2402770.121032                    1100.000000                   1.000000e+30                   0.000000e+00                       2.000000
                2402744.927118                    1100.000000                   1.000000e+30                   0.000000e+00                       2.000000
                2402721.234637                    1100.000000                   1.000000e+30                   0.000000e+00                       2.000000
                2402699.057639                    1100.000000                   1.000000e+30                   0.000000e+00                       2.000000
                2402678.409277                    1100.000000                   1.000000e+30                   0.000000e+00                       2.000000
                2402659.301795                    1100.000000                   1.000000e+30                   0.000000e+00                       2.000000
                2402641.746527                    1100.000000                   1.000000e+30                   0.000000e+00                       2.000000
                2402625.753884                    1100.000000                   1.000000e+30                   0.000000e+00                       2.000000
                2402611.333349                    1100.000000                   1.000000e+30                   0.000000e+00                       2.000000
                2402598.493476                    1100.000000                   1.000000e+30                   0.000000e+00                       2.000000
                2402587.241879                    1100.000000                   1.000000e+30                   0.000000e+00                       2.000000
                2402577.585231                    1100.000000                   1.000000e+30                   0.000000e+00                       2.000000
                2402569.529259                    1100.000000                   1.000000e+30                   0.000000e+00                       2.000000
                2402563.078741                    1100.000000                   1.000000e+30                   0.000000e+00                       2.000000
                2402558.237502                    1100.000000                   1.000000e+30                   0.000000e+00                       2.000000
                2402555.008413                    1100.000000                   1.000000e+30                   0.000000e+00                       2.000000
                2402553.393390                    1100.000000                   1.000000e+30                   0.000000e+00                       2.000000
                2402553.191489                    1100.000000                   1.000000e+30                   0.000000e+00                       2.000000
                2402553.191489                    1250.000000                   1.000000e+30                   6.000000e+09                      15.000000
                2399432.624113                    1250.000000                   1.000000e+30                   6.000000e+09                      15.000000
                2396312.056738                    1250.000000                   1.000000e+30                   6.000000e+09                      15.000000
                2393191.489362                    1250.000000                   1.000000e+30                   6.000000e+09                      15.000000
                2390070.921986                    1250.000000                   1.000000e+30                   6.000000e+09                      15.000000
                2386950.354610                    1250.000000                   1.000000e+30                   6.000000e+09                      15.000000
                2383829.787234                    1250.000000                   1.000000e+30                   6.000000e+09                      15.000000
                2380709.219858                    1250.000000                   1.000000e+30                   6.000000e+09                      15.000000
                2377588.652482                    1250.000000                   1.000000e+30                   6.000000e+09                      15.000000
                2374468.085106                    1250.000000                   1.000000e+30                   6.000000e+09                      15.000000
                2371347.517730                    1250.000000                   1.000000e+30                   6.000000e+09                      15.000000
                2368226.950355                    1250.000000                   1.000000e+30                   6.000000e+09                      15.000000
                2365106.382979                    1250.000000                   1.000000e+30                   6.000000e+09                      15.000000
                2361985.815603                    1250.000000                   1.000000e+30                   6.000000e+09                      15.000000
                2358865.248227                    1250.000000                   1.000000e+30                   6.000000e+09                      15.000000
                2355744.680851                    1250.000000                   1.000000e+30                   6.000000e+09                      15.000000
                2352624.113475                    1250.000000                   1.000000e+30                   6.000000e+09                      15.000000
                2349503.546099                    1250.000000                   1.000000e+30                   6.000000e+09                      15.000000
                2346382.978723                    1250.000000                   1.000000e+30                   6.000000e+09                      15.000000
                2343262.411348                    1250.000000                   1.000000e+30                   6.000000e+09                      15.000000
                2340141.843972                    1250.000000                   1.000000e+30                   6.000000e+09                      15.000000
                2337021.276596                    1250.000000                   1.000000e+30                   6.000000e+09                      15.000000
                2333900.709220                    1250.000000                   1.000000e+30                   6.000000e+09                      15.000000
                2330780.141844                    1250.000000                   1.000000e+30                   6.000000e+09                      15.000000
                2327659.574468                    1250.000000                   1.000000e+30                   6.000000e+09                      15.000000
                2324539.007092                    1250.000000                   1.000000e+30                   6.000000e+09                      15.000000
                2321418.439716                    1250.000000                   1.000000e+30                   6.000000e+09                      15.000000
                2318297.872340                    1250.000000                   1.000000e+30                   6.000000e+09                      15.000000
                2315177.304965                    1250.000000                   1.000000e+30                   6.000000e+09                      15.000000
                2312056.737589                    1250.000000                   1.000000e+30                   6.000000e+09                      15.000000
                2308936.170213                    1250.000000                   1.000000e+30                   6.000000e+09                      15.000000
                2305815.602837                    1250.000000                   1.000000e+30                   6.000000e+09                      15.000000
                2302695.035461                    1250.000000                   1.000000e+30                   6.000000e+09                      15.000000
                2299574.468085                    1250.000000                   1.000000e+30                   6.000000e+09                      15.000000
                2296453.900709                    1250.000000                   1.000000e+30                   6.000000e+09                      15.000000
                2293333.333333                    1250.000000                   1.000000e+30                   6.000000e+09                      15.000000
                2290212.765957                    1250.000000                   1.000000e+30                   6.000000e+09                      15.000000
                2287092.198582                    1250.000000                   1.000000e+30                   6.000000e+09                      15.000000
                2283971.631206                    1250.000000                   1.000000e+30                   6.000000e+09                      15.000000
                2280851.063830                    1250.000000                   1.000000e+30                   6.000000e+09                      15.000000
                2277730.496454                    1250.000000                   1.000000e+30                   6.000000e+09                      15.000000
                2274609.929078                    1250.000000                   1.000000e+30                   6.000000e+09                      15.000000
                2271489.361702                    1250.000000                   1.000000e+30                   6.000000e+09                      15.000000
                2268368.794326                    1250.000000                   1.000000e+30                   6.000000e+09                      15.000000
                2265248.226950                    1250.000000                   1.000000e+30                   6.000000e+09                      15.000000
                2262127.659574                    1250.000000                   1.000000e+30                   6.000000e+09                      15.000000
                2259007.092199                    1250.000000                   1.000000e+30                   6.000000e+09                      15.000000
                2255886.524823                    1250.000000                   1.000000e+30                   6.000000e+09                      15.000000
                2252765.957447                    1250.000000                   1.000000e+30                   6.000000e+09                      15.000000
                2249645.390071                    1250.000000                   1.000000e+30                   6.000000e+09                      15.000000
                2246524.822695                    1250.000000                   1.000000e+30                   6.000000e+09                      15.000000
                2243404.255319                    1250.000000                   1.000000e+30                   6.000000e+09                      15.000000
                2240283.687943                    1250.000000                   1.000000e+30                   6.000000e+09                      15.000000
                2237163.120567                    1250.000000                   1.000000e+30                   6.000000e+09                      15.000000
                2234042.553191                    1250.000000                   1.000000e+30                   6.000000e+09                      15.000000
                2230921.985816                    1250.000000                   1.000000e+30                   6.000000e+09                      15.000000
                2227801.418440                    1250.000000                   1.000000e+30                   6.000000e+09                      15.000000
                2224680.851064                    1250.000000                   1.000000e+30                   6.000000e+09                      15.000000
                2221560.283688                    1250.000000                   1.000000e+30                   6.000000e+09                      15.000000
                2218439.716312                    1250.000000                   1.000000e+30                   6.000000e+09                      15.000000
                2215319.148936                    1250.000000                   1.000000e+30                   6.000000e+09                      15.000000
                2212198.581560                    1250.000000                   1.000000e+30                   6.000000e+09                      15.000000
                2209078.014184                    1250.000000                   1.000000e+30                   6.000000e+09                      15.000000
                2205957.446809                    1250.000000                   1.000000e+30                   6.000000e+09                      15.000000
                2202836.879433                    1250.000000                   1.000000e+30                   6.000000e+09                      15.000000
                2199716.312057                    1250.000000                   1.000000e+30                   6.000000e+09                      15.000000
                2196595.744681                    1250.000000                   1.000000e+30                   6.000000e+09                      15.000000
                2193475.177305                    1250.000000                   1.000000e+30                   6.000000e+09                      15.000000
                2190354.609929                    1250.000000                   1.000000e+30                   6.000000e+09                      15.000000
                2187234.042553                    1250.000000                   1.000000e+30                   6.000000e+09                      15.000000
                2184113.475177                    1250.000000                   1.000000e+30                   6.000000e+09                      15.000000
                2180992.907801                    1250.000000                   1.000000e+30                   6.000000e+09                      15.000000
                2177872.340426                    1250.000000                   1.000000e+30                   6.000000e+09                      15.000000
                2174751.773050                    1250.000000                   1.000000e+30                   6.000000e+09                      15.000000
                2171631.205674                    1250.000000                   1.000000e+30                   6.000000e+09                      15.000000
                2168510.638298                    1250.000000                   1.000000e+30                   6.000000e+09                      15.000000
                2165390.070922                    1250.000000                   1.000000e+30                   6.000000e+09                      15.000000
                2162269.503546                    1250.000000                   1.000000e+30                   6.000000e+09                      15.000000
                2159148.936170                    1250.000000                   1.000000e+30                   6.000000e+09                      15.000000
                2156028.368794                    1250.000000                   1.000000e+30                   6.000000e+09                      15.000000
                2152907.801418                    1250.000000                   1.000000e+30                   6.000000e+09                      15.000000
                2149787.234043                    1250.000000                   1.000000e+30                   6.000000e+09                      15.000000
                2146666.666667                    1250.000000                   1.000000e+30                   6.000000e+09                      15.000000
                2143546.099291                    1250.000000                   1.000000e+30                   6.000000e+09                      15.000000
                2140425.531915                    1250.000000                   1.000000e+30                   6.000000e+09                      15.000000
                2137304.964539                    1250.000000                   1.000000e+30                   6.000000e+09                      15.000000
                2134184.397163                    1250.000000                   1.000000e+30                   6.000000e+09                      15.000000
                2131063.829787                    1250.000000                   1.000000e+30                   6.000000e+09                      15.000000
                2127943.262411                    1250.000000                   1.000000e+30                   6.000000e+09                      15.000000
                2124822.695035                    1250.000000                   1.000000e+30                   6.000000e+09                      15.000000
                2121702.127660                    1250.000000                   1.000000e+30                   6.000000e+09                      15.000000
                2118581.560284                    1250.000000                   1.000000e+30                   6.000000e+09                      15.000000
                2115460.992908                    1250.000000                   1.000000e+30                   6.000000e+09                      15.000000
                2112340.425532                    1250.000000                   1.000000e+30                   6.000000e+09                      15.000000
                2109219.858156                    1250.000000                   1.000000e+30                   6.000000e+09                      15.000000
                2106099.290780                    1250.000000                   1.000000e+30                   6.000000e+09                      15.000000
                2102978.723404                    1250.000000                   1.000000e+30                   6.000000e+09                      15.000000
                2099858.156028                    1250.000000                   1.000000e+30                   6.000000e+09                      15.000000
                2096737.588652                    1250.000000                   1.000000e+30                   6.000000e+09                      15.000000
                2093617.021277                    1250.000000                   1.000000e+30                   6.000000e+09                      15.000000
                2090496.453901                    1250.000000                   1.000000e+30                   6.000000e+09                      15.000000
                2087375.886525                    1250.000000                   1.000000e+30                   6.000000e+09                      15.000000
                2084255.319149                    1250.000000                   1.000000e+30                   6.000000e+09                      15.000000
                2081134.751773                    1250.000000                   1.000000e+30                   6.000000e+09                      15.000000
                2078014.184397                    1250.000000                   1.000000e+30                   6.000000e+09                      15.000000
                2074893.617021                    1250.000000                   1.000000e+30                   6.000000e+09                      15.000000
                2071773.049645                    1250.000000                   1.000000e+30                   6.000000e+09                      15.000000
                2068652.482270                    1250.000000                   1.000000e+30                   6.000000e+09                      15.000000
                2065531.914894                    1250.000000                   1.000000e+30                   6.000000e+09                      15.000000
                2062411.347518                    1250.000000                   1.000000e+30                   6.000000e+09                      15.000000
                2059290.780142                    1250.000000                   1.000000e+30                   6.000000e+09                      15.000000
                2056170.212766                    1250.000000                   1.000000e+30                   6.000000e+09                      15.000000
                2053049.645390                    1250.000000                   1.000000e+30                   6.000000e+09                      15.000000
                2049929.078014                    1250.000000                   1.000000e+30                   6.000000e+09                      15.000000
                2046808.510638                    1250.000000                   1.000000e+30                   6.000000e+09                      15.000000
                2043687.943262                    1250.000000                   1.000000e+30                   6.000000e+09                      15.000000
                2040567.375887                    1250.000000                   1.000000e+30                   6.000000e+09                      15.000000
                2037446.808511                    1250.000000                   1.000000e+30                   6.000000e+09                      15.000000
                2034326.241135                    1250.000000                   1.000000e+30                   6.000000e+09                      15.000000
                2031205.673759                    1250.000000                   1.000000e+30                   6.000000e+09                      15.000000
                2028085.106383                    1250.000000                   1.000000e+30                   6.000000e+09                      15.000000
                2024964.539007                    1250.000000                   1.000000e+30                   6.000000e+09                      15.000000
                2021843.971631                    1250.000000                   1.000000e+30                   6.000000e+09                      15.000000
                2018723.404255                    1250.000000                   1.000000e+30                   6.000000e+09                      15.000000
                2015602.836879                    1250.000000                   1.000000e+30                   6.000000e+09                      15.000000
                2012482.269504                    1250.000000                   1.000000e+30                   6.000000e+09                      15.000000
                2009361.702128                    1250.000000                   1.000000e+30                   6.000000e+09                      15.000000
                2006241.134752                    1250.000000                   1.000000e+30                   6.000000e+09                      15.000000
                2003120.567376                    1250.000000                   1.000000e+30                   6.000000e+09                      15.000000
                2000000.000000                    1250.000000                   1.000000e+30                   6.000000e+09                      15.000000
                2000000.000000                    2838.658833                   1.000000e+30                   3.000000e+10                      17.000000
                1978084.831289                    2838.658833                   1.000000e+30                   3.000000e+10                      17.000000
                1956169.662577                    2838.658833                   1.000000e+30                   3.000000e+10                      17.000000
                1934254.493866                    2838.658833                   1.000000e+30                   3.000000e+10                      17.000000
                1912339.325155                    2838.658833                   1.000000e+30                   3.000000e+10                      17.000000
                1890424.156444                    2838.658833                   1.000000e+30                   3.000000e+10                      17.000000
                1868508.987732                    2838.658833                   1.000000e+30                   3.000000e+10                      17.000000
                1846593.819021                    2838.658833                   1.000000e+30                   3.000000e+10                      17.000000
                1824678.650310                    2838.658833                   1.000000e+30                   3.000000e+10                      17.000000
                1802763.481599                    2838.658833                   1.000000e+30                   3.000000e+10                      17.000000
                1780848.312887                    2838.658833                   1.000000e+30                   3.000000e+10                      17.000000
                1758933.144176                    2838.658833                   1.000000e+30                   3.000000e+10                      17.000000
                1737017.975465                    2838.658833                   1.000000e+30                   3.000000e+10                      17.000000
                1715102.806753                    2838.658833                   1.000000e+30                   3.000000e+10                      17.000000
                1693187.638042                    2838.658833                   1.000000e+30                   3.000000e+10                      17.000000
                1671272.469331                    2838.658833                   1.000000e+30                   3.000000e+10                      17.000000
                1649357.300620                    2838.658833                   1.000000e+30                   3.000000e+10                      17.000000
                1627442.131908                    2838.658833                   1.000000e+30                   3.000000e+10                      17.000000
                1605526.963197                    2838.658833                   1.000000e+30                   3.000000e+10                      17.000000
                1583611.794486                    2838.658833                   1.000000e+30                   3.000000e+10                      17.000000
                1561696.625775                    2838.658833                   1.000000e+30                   3.000000e+10                      17.000000
                1539781.457063                    2838.658833                   1.000000e+30                   3.000000e+10                      17.000000
                1517866.288352                    2838.658833                   1.000000e+30                   3.000000e+10                      17.000000
                1495951.119641                    2838.658833                   1.000000e+30                   3.000000e+10                      17.000000
                1474035.950930                    2838.658833                   1.000000e+30                   3.000000e+10                      17.000000
                1452120.782218                    2838.658833                   1.000000e+30                   3.000000e+10                      17.000000
                1430205.613507                    2838.658833                   1.000000e+30                   3.000000e+10                      17.000000
                1408290.444796                    2838.658833                   1.000000e+30                   3.000000e+10                      17.000000
                1386375.276084                    2838.658833                   1.000000e+30                   3.000000e+10                      17.000000
                1364460.107373                    2838.658833                   1.000000e+30                   3.000000e+10                      17.000000
                1342544.938662                    2838.658833                   1.000000e+30                   3.000000e+10                      17.000000
                1320629.769951                    2838.658833                   1.000000e+30                   3.000000e+10                      17.000000
                1298714.601239                    2838.658833                   1.000000e+30                   3.000000e+10                      17.000000
                1276799.432528                    2838.658833                   1.000000e+30                   3.000000e+10                      17.000000
                1254884.263817                    2838.658833                   1.000000e+30                   3.000000e+10                      17.000000
                1232969.095106                    2838.658833                   1.000000e+30                   3.000000e+10                      17.000000
                1211053.926394                    2838.658833                   1.000000e+30                   3.000000e+10                      17.000000
                1189138.757683                    2838.658833                   1.000000e+30                   3.000000e+10                      17.000000
                1167223.588972                    2838.658833                   1.000000e+30                   3.000000e+10                      17.000000
                1145308.420260                    2838.658833                   1.000000e+30                   3.000000e+10                      17.000000
                1123393.251549                    2838.658833                   1.000000e+30                   3.000000e+10                      17.000000
                1101478.082838                    2838.658833                   1.000000e+30                   3.000000e+10                      17.000000
                1079562.914127                    2838.658833                   1.000000e+30                   3.000000e+10                      17.000000
                1057647.745415                    2838.658833                   1.000000e+30                   3.000000e+10                      17.000000
                1035732.576704                    2838.658833                   1.000000e+30                   3.000000e+10                      17.000000
                1013817.407993                    2838.658833                   1.000000e+30                   3.000000e+10                      17.000000
                 991902.239282                    2838.658833                   1.000000e+30                   3.000000e+10                      17.000000
                 969987.070570                    2838.658833                   1.000000e+30                   3.000000e+10                      17.000000
                 948071.901859                    2838.658833                   1.000000e+30                   3.000000e+10                      17.000000
                 926156.733148                    2838.658833                   1.000000e+30                   3.000000e+10                      17.000000
                 904241.564437                    2838.658833                   1.000000e+30                   3.000000e+10                      17.000000
                 882326.395725                    2838.658833                   1.000000e+30                   3.000000e+10                      17.000000
                 860411.227014                    2838.658833                   1.000000e+30                   3.000000e+10                      17.000000
                 838496.058303                    2838.658833                   1.000000e+30                   3.000000e+10                      17.000000
                 816580.889591                    2838.658833                   1.000000e+30                   3.000000e+10                      17.000000
                 794665.720880                    2838.658833                   1.000000e+30                   3.000000e+10                      17.000000
                 772750.552169                    2838.658833                   1.000000e+30                   3.000000e+10                      17.000000
                 750835.383458                    2838.658833                   1.000000e+30                   3.000000e+10                      17.000000
                 728920.214746                    2838.658833                   1.000000e+30                   3.000000e+10                      17.000000
                 707005.046035                    2838.658833                   1.000000e+30                   3.000000e+10                      17.000000
                 685089.877324                    2838.658833                   1.000000e+30                   3.000000e+10                      17.000000
                 663174.708613                    2838.658833                   1.000000e+30                   3.000000e+10                      17.000000
                 641259.539901                    2838.658833                   1.000000e+30                   3.000000e+10                      17.000000
                 619344.371190                    2838.658833                   1.000000e+30                   3.000000e+10                      17.000000
                 597429.202479                    2838.658833                   1.000000e+30                   3.000000e+10                      17.000000
                 575514.033767                    2838.658833                   1.000000e+30                   3.000000e+10                      17.000000
                 553598.865056                    2838.658833                   1.000000e+30                   3.000000e+10                      17.000000
                 531683.696345                    2838.658833                   1.000000e+30                   3.000000e+10                      17.000000
                 509768.527634                    2838.658833                   1.000000e+30                   3.000000e+10                      17.000000
                 487853.358922                    2838.658833                   1.000000e+30                   3.000000e+10                      17.000000
                 465938.190211                    2838.658833                   1.000000e+30                   3.000000e+10                      17.000000
                 444023.021500                    2838.658833                   1.000000e+30                   3.000000e+10                      17.000000
                 422107.852789                    2838.658833                   1.000000e+30                   3.000000e+10                      17.000000
                 400192.684077                    2838.658833                   1.000000e+30                   3.000000e+10                      17.000000
                 378277.515366                    2838.658833                   1.000000e+30                   3.000000e+10                      17.000000
                 356362.346655                    2838.658833                   1.000000e+30                   3.000000e+10                      17.000000
                 334447.177944                    2838.658833                   1.000000e+30                   3.000000e+10                      17.000000
                 312532.009232                    2838.658833                   1.000000e+30                   3.000000e+10                      17.000000
                 290616.840521                    2838.658833                   1.000000e+30                   3.000000e+10                      17.000000
                 268701.671810                    2838.658833                   1.000000e+30                   3.000000e+10                      17.000000
                 246786.503098                    2838.658833                   1.000000e+30                   3.000000e+10                      17.000000
                 224871.334387                    2838.658833                   1.000000e+30                   3.000000e+10                      17.000000
                 202956.165676                    2838.658833                   1.000000e+30                   3.000000e+10                      17.000000
                 181040.996965                    2838.658833                   1.000000e+30                   3.000000e+10                      17.000000
                 159125.828253                    2838.658833                   1.000000e+30                   3.000000e+10                      17.000000
                 137210.659542                    2838.658833                   1.000000e+30                   3.000000e+10                      17.000000
                 115295.490831                    2838.658833                   1.000000e+30                   3.000000e+10                      17.000000
                  93380.322120                    2838.658833                   1.000000e+30                   3.000000e+10                      17.000000
                  71465.153408                    2838.658833                   1.000000e+30                   3.000000e+10                      17.000000
                  49549.984697                    2838.658833                   1.000000e+30                   3.000000e+10                      17.000000
                  27634.815986                    2838.658833                   1.000000e+30                   3.000000e+10                      17.000000
                   5719.647274                    2838.658833                   1.000000e+30                   3.000000e+10                      17.000000
                 -16195.521437                    2838.658833                   1.000000e+30                   3.000000e+10                      17.000000
                 -38110.690148                    2838.658833                   1.000000e+30                   3.000000e+10                      17.000000
                 -60025.858859                    2838.658833                   1.000000e+30                   3.000000e+10                      17.000000
                 -81941.027571                    2838.658833                   1.000000e+30                   3.000000e+10                      17.000000
                -103856.196282                    2838.658833                   1.000000e+30                   3.000000e+10                      17.000000
                -125771.364993                    2838.658833                   1.000000e+30                   3.000000e+10                      17.000000
                -147686.533704                    2838.658833                   1.000000e+30                   3.000000e+10                      17.000000
                -169601.702416                    2838.658833                   1.000000e+30                   3.000000e+10                      17.000000
                -191516.871127                    2838.658833                   1.000000e+30                   3.000000e+10                      17.000000
                -213432.039838                    2838.658833                   1.000000e+30                   3.000000e+10                      17.000000
                -235347.208550                    2838.658833                   1.000000e+30                   3.000000e+10                      17.000000
                -257262.377261                    2838.658833                   1.000000e+30                   3.000000e+10                      17.000000
                -279177.545972                    2838.658833                   1.000000e+30                   3.000000e+10                      17.000000
                -301092.714683                    2838.658833                   1.000000e+30                   3.000000e+10                      17.000000
                -323007.883395                    2838.658833                   1.000000e+30                   3.000000e+10                      17.000000
                -344923.052106                    2838.658833                   1.000000e+30                   3.000000e+10                      17.000000
                -366838.220817                    2838.658833                   1.000000e+30                   3.000000e+10                      17.000000
                -388753.389528                    2838.658833                   1.000000e+30                   3.000000e+10                      17.000000
                -410668.558240                    2838.658833                   1.000000e+30                   3.000000e+10                      17.000000
                -432583.726951                    2838.658833                   1.000000e+30                   3.000000e+10                      17.000000
                -454498.895662                    2838.658833                   1.000000e+30                   3.000000e+10                      17.000000
                -476414.064373                    2838.658833                   1.000000e+30                   3.000000e+10                      17.000000
                -498329.233085                    2838.658833                   1.000000e+30                   3.000000e+10                      17.000000
                -520244.401796                    2838.658833                   1.000000e+30                   3.000000e+10                      17.000000
                -542159.570507                    2838.658833                   1.000000e+30                   3.000000e+10                      17.000000
                -564074.739219                    2838.658833                   1.000000e+30                   3.000000e+10                      17.000000
                -585989.907930                    2838.658833                   1.000000e+30                   3.000000e+10                      17.000000
                -607905.076641                    2838.658833                   1.000000e+30                   3.000000e+10                      17.000000
                -629820.245352                    2838.658833                   1.000000e+30                   3.000000e+10                      17.000000
                -651735.414064                    2838.658833                   1.000000e+30                   3.000000e+10                      17.000000
                -673650.582775                    2838.658833                   1.000000e+30                   3.000000e+10                      17.000000
                -695565.751486                    2838.658833                   1.000000e+30                   3.000000e+10                      17.000000
                -717480.920197                    2838.658833                   1.000000e+30                   3.000000e+10                      17.000000
                -739396.088909                    2838.658833                   1.000000e+30                   3.000000e+10                      17.000000
                -761311.257620                    2838.658833                   1.000000e+30                   3.000000e+10                      17.000000
                -783226.426331                    2838.658833                   1.000000e+30                   3.000000e+10                      17.000000
                -805141.595043                    2838.658833                   1.000000e+30                   3.000000e+10                      17.000000
                -827056.763754                    2838.658833                   1.000000e+30                   3.000000e+10                      17.000000
                -827056.763754                    3300.000000                   1.000000e+30                   5.000000e+10                      22.000000
                -820645.393492                    3300.000000                   1.000000e+30                   5.000000e+10                      22.000000
                -814234.023230                    3300.000000                   1.000000e+30                   5.000000e+10                      22.000000
                -807822.652969                    3300.000000                   1.000000e+30                   5.000000e+10                      22.000000
                -801411.282707                    3300.000000                   1.000000e+30                   5.000000e+10                      22.000000
                -794999.912445                    3300.000000                   1.000000e+30                   5.000000e+10                      22.000000
                -788588.542184                    3300.000000                   1.000000e+30                   5.000000e+10                      22.000000
                -782177.171922                    3300.000000                   1.000000e+30                   5.000000e+10                      22.000000
                -775765.801661                    3300.000000                   1.000000e+30                   5.000000e+10                      22.000000
                -769354.431399                    3300.000000                   1.000000e+30                   5.000000e+10                      22.000000
                -762943.061137                    3300.000000                   1.000000e+30                   5.000000e+10                      22.000000
                -756531.690876                    3300.000000                   1.000000e+30                   5.000000e+10                      22.000000
                -750120.320614                    3300.000000                   1.000000e+30                   5.000000e+10                      22.000000
                -743708.950352                    3300.000000                   1.000000e+30                   5.000000e+10                      22.000000
                -737297.580091                    3300.000000                   1.000000e+30                   5.000000e+10                      22.000000
                -730886.209829                    3300.000000                   1.000000e+30                   5.000000e+10                      22.000000
                -724474.839567                    3300.000000                   1.000000e+30                   5.000000e+10                      22.000000
                -718063.469306                    3300.000000                   1.000000e+30                   5.000000e+10                      22.000000
                -711652.099044                    3300.000000                   1.000000e+30                   5.000000e+10                      22.000000
                -705240.728782                    3300.000000                   1.000000e+30                   5.000000e+10                      22.000000
                -698829.358521                    3300.000000                   1.000000e+30                   5.000000e+10                      22.000000
                -692417.988259                    3300.000000                   1.000000e+30                   5.000000e+10                      22.000000
                -686006.617997                    3300.000000                   1.000000e+30                   5.000000e+10                      22.000000
                -679595.247736                    3300.000000                   1.000000e+30                   5.000000e+10                      22.000000
                -673183.877474                    3300.000000                   1.000000e+30                   5.000000e+10                      22.000000
                -666772.507212                    3300.000000                   1.000000e+30                   5.000000e+10                      22.000000
                -660361.136951                    3300.000000                   1.000000e+30                   5.000000e+10                      22.000000
                -653949.766689                    3300.000000                   1.000000e+30                   5.000000e+10                      22.000000
                -647538.396427                    3300.000000                   1.000000e+30                   5.000000e+10                      22.000000
                -641127.026166                    3300.000000                   1.000000e+30                   5.000000e+10                      22.000000
                -634715.655904                    3300.000000                   1.000000e+30                   5.000000e+10                      22.000000
                -628304.285642                    3300.000000                   1.000000e+30                   5.000000e+10                      22.000000
                -621892.915381                    3300.000000                   1.000000e+30                   5.000000e+10                      22.000000
                -615481.545119                    3300.000000                   1.000000e+30                   5.000000e+10                      22.000000
                -609070.174857                    3300.000000                   1.000000e+30                   5.000000e+10                      22.000000
                -602658.804596                    3300.000000                   1.000000e+30                   5.000000e+10                      22.000000
                -596247.434334                    3300.000000                   1.000000e+30                   5.000000e+10                      22.000000
                -589836.064072                    3300.000000                   1.000000e+30                   5.000000e+10                      22.000000
                -583424.693811                    3300.000000                   1.000000e+30                   5.000000e+10                      22.000000
                -577013.323549                    3300.000000                   1.000000e+30                   5.000000e+10                      22.000000
                -570601.953287                    3300.000000                   1.000000e+30                   5.000000e+10                      22.000000
                -564190.583026                    3300.000000                   1.000000e+30                   5.000000e+10                      22.000000
                -557779.212764                    3300.000000                   1.000000e+30                   5.000000e+10                      22.000000
                -551367.842503                    3300.000000                   1.000000e+30                   5.000000e+10                      22.000000
                -544956.472241                    3300.000000                   1.000000e+30                   5.000000e+10                      22.000000
                -538545.101979                    3300.000000                   1.000000e+30                   5.000000e+10                      22.000000
                -532133.731718                    3300.000000                   1.000000e+30                   5.000000e+10                      22.000000
                -525722.361456                    3300.000000                   1.000000e+30                   5.000000e+10                      22.000000
                -519310.991194                    3300.000000                   1.000000e+30                   5.000000e+10                      22.000000
                -512899.620933                    3300.000000                   1.000000e+30                   5.000000e+10                      22.000000
                -506488.250671                    3300.000000                   1.000000e+30                   5.000000e+10                      22.000000
                -500076.880409                    3300.000000                   1.000000e+30                   5.000000e+10                      22.000000
                -493665.510148                    3300.000000                   1.000000e+30                   5.000000e+10                      22.000000
                -487254.139886                    3300.000000                   1.000000e+30                   5.000000e+10                      22.000000
                -480842.769624                    3300.000000                   1.000000e+30                   5.000000e+10                      22.000000
                -474431.399363                    3300.000000                   1.000000e+30                   5.000000e+10                      22.000000
                -468020.029101                    3300.000000                   1.000000e+30                   5.000000e+10                      22.000000
                -461608.658839                    3300.000000                   1.000000e+30                   5.000000e+10                      22.000000
                -455197.288578                    3300.000000                   1.000000e+30                   5.000000e+10                      22.000000
                -448785.918316                    3300.000000                   1.000000e+30                   5.000000e+10                      22.000000
                -442374.548054                    3300.000000                   1.000000e+30                   5.000000e+10                      22.000000
                -435963.177793                    3300.000000                   1.000000e+30                   5.000000e+10                      22.000000
                -429551.807531                    3300.000000                   1.000000e+30                   5.000000e+10                      22.000000
                -423140.437269                    3300.000000                   1.000000e+30                   5.000000e+10                      22.000000
                -416729.067008                    3300.000000                   1.000000e+30                   5.000000e+10                      22.000000
                -410317.696746                    3300.000000                   1.000000e+30                   5.000000e+10                      22.000000
                -403906.326484                    3300.000000                   1.000000e+30                   5.000000e+10                      22.000000
                -397494.956223                    3300.000000                   1.000000e+30                   5.000000e+10                      22.000000
                -391083.585961                    3300.000000                   1.000000e+30                   5.000000e+10                      22.000000
                -384672.215699                    3300.000000                   1.000000e+30                   5.000000e+10                      22.000000
                -378260.845438                    3300.000000                   1.000000e+30                   5.000000e+10                      22.000000
                -371849.475176                    3300.000000                   1.000000e+30                   5.000000e+10                      22.000000
                -365438.104914                    3300.000000                   1.000000e+30                   5.000000e+10                      22.000000
                -359026.734653                    3300.000000                   1.000000e+30                   5.000000e+10                      22.000000
                -352615.364391                    3300.000000                   1.000000e+30                   5.000000e+10                      22.000000
                -346203.994129                    3300.000000                   1.000000e+30                   5.000000e+10                      22.000000
                -339792.623868                    3300.000000                   1.000000e+30                   5.000000e+10                      22.000000
                -333381.253606                    3300.000000                   1.000000e+30                   5.000000e+10                      22.000000
                -326969.883345                    3300.000000                   1.000000e+30                   5.000000e+10                      22.000000
                -320558.513083                    3300.000000                   1.000000e+30                   5.000000e+10                      22.000000
                -314147.142821                    3300.000000                   1.000000e+30                   5.000000e+10                      22.000000
                -307735.772560                    3300.000000                   1.000000e+30                   5.000000e+10                      22.000000
                -301324.402298                    3300.000000                   1.000000e+30                   5.000000e+10                      22.000000
                -294913.032036                    3300.000000                   1.000000e+30                   5.000000e+10                      22.000000
                -288501.661775                    3300.000000                   1.000000e+30                   5.000000e+10                      22.000000
                -282090.291513                    3300.000000                   1.000000e+30                   5.000000e+10                      22.000000
                -275678.921251                    3300.000000                   1.000000e+30                   5.000000e+10                      22.000000
                -269267.550990                    3300.000000                   1.000000e+30                   5.000000e+10                      22.000000
                -262856.180728                    3300.000000                   1.000000e+30                   5.000000e+10                      22.000000
                -256444.810466                    3300.000000                   1.000000e+30                   5.000000e+10                      22.000000
                -250033.440205                    3300.000000                   1.000000e+30                   5.000000e+10                      22.000000
                -243622.069943                    3300.000000                   1.000000e+30                   5.000000e+10                      22.000000
                -237210.699681                    3300.000000                   1.000000e+30                   5.000000e+10                      22.000000
                -230799.329420                    3300.000000                   1.000000e+30                   5.000000e+10                      22.000000
                -224387.959158                    3300.000000                   1.000000e+30                   5.000000e+10                      22.000000
                -217976.588896                    3300.000000                   1.000000e+30                   5.000000e+10                      22.000000
                -211565.218635                    3300.000000                   1.000000e+30                   5.000000e+10                      22.000000
                -205153.848373                    3300.000000                   1.000000e+30                   5.000000e+10                      22.000000
                -198742.478111                    3300.000000                   1.000000e+30                   5.000000e+10                      22.000000
                -192331.107850                    3300.000000                   1.000000e+30                   5.000000e+10                      22.000000
                -185919.737588                    3300.000000                   1.000000e+30                   5.000000e+10                      22.000000
                -179508.367326                    3300.000000                   1.000000e+30                   5.000000e+10                      22.000000
                -173096.997065                    3300.000000                   1.000000e+30                   5.000000e+10                      22.000000
                -166685.626803                    3300.000000                   1.000000e+30                   5.000000e+10                      22.000000
                -160274.256541                    3300.000000                   1.000000e+30                   5.000000e+10                      22.000000
                -153862.886280                    3300.000000                   1.000000e+30                   5.000000e+10                      22.000000
                -147451.516018                    3300.000000                   1.000000e+30                   5.000000e+10                      22.000000
                -141040.145756                    3300.000000                   1.000000e+30                   5.000000e+10                      22.000000
                -134628.775495                    3300.000000                   1.000000e+30                   5.000000e+10                      22.000000
                -128217.405233                    3300.000000                   1.000000e+30                   5.000000e+10                      22.000000
                -121806.034971                    3300.000000                   1.000000e+30                   5.000000e+10                      22.000000
                -115394.664710                    3300.000000                   1.000000e+30                   5.000000e+10                      22.000000
                -108983.294448                    3300.000000                   1.000000e+30                   5.000000e+10                      22.000000
                -102571.924187                    3300.000000                   1.000000e+30                   5.000000e+10                      22.000000
                 -96160.553925                    3300.000000                   1.000000e+30                   5.000000e+10                      22.000000
                 -89749.183663                    3300.000000                   1.000000e+30                   5.000000e+10                      22.000000
                 -83337.813402                    3300.000000                   1.000000e+30                   5.000000e+10                      22.000000
                 -76926.443140                    3300.000000                   1.000000e+30                   5.000000e+10                      22.000000
                 -70515.072878                    3300.000000                   1.000000e+30                   5.000000e+10                      22.000000
                 -64103.702617                    3300.000000                   1.000000e+30                   5.000000e+10                      22.000000
                 -57692.332355                    3300.000000                   1.000000e+30                   5.000000e+10                      22.000000
                 -51280.962093                    3300.000000                   1.000000e+30                   5.000000e+10                      22.000000
                 -44869.591832                    3300.000000                   1.000000e+30                   5.000000e+10                      22.000000
                 -38458.221570                    3300.000000                   1.000000e+30                   5.000000e+10                      22.000000
                 -32046.851308                    3300.000000                   1.000000e+30                   5.000000e+10                      22.000000
                 -25635.481047                    3300.000000                   1.000000e+30                   5.000000e+10                      22.000000
                 -19224.110785                    3300.000000                   1.000000e+30                   5.000000e+10                      22.000000
                 -12812.740523                    3300.000000                   1.000000e+30                   5.000000e+10                      22.000000
                  -6401.370262                    3300.000000                   1.000000e+30                   5.000000e+10                      22.000000
                     10.000000                    3300.000000                   1.000000e+30                   5.000000e+10                      22.000000
