                   #Radius (m)               Density (kg/m^3)              Bulk modulus (Pa)             Shear modulus (Pa)               Viscosity (Pa.s)
                2575000.000000                     930.000000                   1.000000e+30                   3.500000e+09                      24.000000
                2574999.710145                     930.000000                   1.000000e+30                   3.500000e+09                      24.000000
                2574999.420290                     930.000000                   1.000000e+30                   3.500000e+09                      24.000000
                2574999.130435                     930.000000                   1.000000e+30                   3.500000e+09                      24.000000
                2574998.840580                     930.000000                   1.000000e+30                   3.500000e+09                      24.000000
                2574998.550725                     930.000000                   1.000000e+30                   3.500000e+09                      24.000000
                2574998.260870                     930.000000                   1.000000e+30                   3.500000e+09                      24.000000
                2574997.971014                     930.000000                   1.000000e+30                   3.500000e+09                      24.000000
                2574997.681159                     930.000000                   1.000000e+30                   3.500000e+09                      24.000000
                2574997.391304                     930.000000                   1.000000e+30                   3.500000e+09                      24.000000
                2574997.101449                     930.000000                   1.000000e+30                   3.500000e+09                      24.000000
                2574996.811594                     930.000000                   1.000000e+30                   3.500000e+09                      24.000000
                2574996.521739                     930.000000                   1.000000e+30                   3.500000e+09                      24.000000
                2574996.231884                     930.000000                   1.000000e+30                   3.500000e+09                      24.000000
                2574995.942029                     930.000000                   1.000000e+30                   3.500000e+09                      24.000000
                2574995.652174                     930.000000                   1.000000e+30                   3.500000e+09                      24.000000
                2574995.362319                     930.000000                   1.000000e+30                   3.500000e+09                      24.000000
                2574995.072464                     930.000000                   1.000000e+30                   3.500000e+09                      24.000000
                2574994.782609                     930.000000                   1.000000e+30                   3.500000e+09                      24.000000
                2574994.492754                     930.000000                   1.000000e+30                   3.500000e+09                      24.000000
                2574994.202899                     930.000000                   1.000000e+30                   3.500000e+09                      24.000000
                2574993.913043                     930.000000                   1.000000e+30                   3.500000e+09                      24.000000
                2574993.623188                     930.000000                   1.000000e+30                   3.500000e+09                      24.000000
                2574993.333333                     930.000000                   1.000000e+30                   3.500000e+09                      24.000000
                2574993.043478                     930.000000                   1.000000e+30                   3.500000e+09                      24.000000
                2574992.753623                     930.000000                   1.000000e+30                   3.500000e+09                      24.000000
                2574992.463768                     930.000000                   1.000000e+30                   3.500000e+09                      24.000000
                2574992.173913                     930.000000                   1.000000e+30                   3.500000e+09                      24.000000
                2574991.884058                     930.000000                   1.000000e+30                   3.500000e+09                      24.000000
                2574991.594203                     930.000000                   1.000000e+30                   3.500000e+09                      24.000000
                2574991.304348                     930.000000                   1.000000e+30                   3.500000e+09                      24.000000
                2574991.014493                     930.000000                   1.000000e+30                   3.500000e+09                      24.000000
                2574990.724638                     930.000000                   1.000000e+30                   3.500000e+09                      24.000000
                2574990.434783                     930.000000                   1.000000e+30                   3.500000e+09                      24.000000
                2574990.144928                     930.000000                   1.000000e+30                   3.500000e+09                      24.000000
                2574989.855072                     930.000000                   1.000000e+30                   3.500000e+09                      24.000000
                2574989.565217                     930.000000                   1.000000e+30                   3.500000e+09                      24.000000
                2574989.275362                     930.000000                   1.000000e+30                   3.500000e+09                      24.000000
                2574988.985507                     930.000000                   1.000000e+30                   3.500000e+09                      24.000000
                2574988.695652                     930.000000                   1.000000e+30                   3.500000e+09                      24.000000
                2574988.405797                     930.000000                   1.000000e+30                   3.500000e+09                      24.000000
                2574988.115942                     930.000000                   1.000000e+30                   3.500000e+09                      24.000000
                2574987.826087                     930.000000                   1.000000e+30                   3.500000e+09                      24.000000
                2574987.536232                     930.000000                   1.000000e+30                   3.500000e+09                      24.000000
                2574987.246377                     930.000000                   1.000000e+30                   3.500000e+09                      24.000000
                2574986.956522                     930.000000                   1.000000e+30                   3.500000e+09                      24.000000
                2574986.666667                     930.000000                   1.000000e+30                   3.500000e+09                      24.000000
                2574986.376812                     930.000000                   1.000000e+30                   3.500000e+09                      24.000000
                2574986.086957                     930.000000                   1.000000e+30                   3.500000e+09                      24.000000
                2574985.797101                     930.000000                   1.000000e+30                   3.500000e+09                      24.000000
                2574985.507246                     930.000000                   1.000000e+30                   3.500000e+09                      24.000000
                2574985.217391                     930.000000                   1.000000e+30                   3.500000e+09                      24.000000
                2574984.927536                     930.000000                   1.000000e+30                   3.500000e+09                      24.000000
                2574984.637681                     930.000000                   1.000000e+30                   3.500000e+09                      24.000000
                2574984.347826                     930.000000                   1.000000e+30                   3.500000e+09                      24.000000
                2574984.057971                     930.000000                   1.000000e+30                   3.500000e+09                      24.000000
                2574983.768116                     930.000000                   1.000000e+30                   3.500000e+09                      24.000000
                2574983.478261                     930.000000                   1.000000e+30                   3.500000e+09                      24.000000
                2574983.188406                     930.000000                   1.000000e+30                   3.500000e+09                      24.000000
                2574982.898551                     930.000000                   1.000000e+30                   3.500000e+09                      24.000000
                2574982.608696                     930.000000                   1.000000e+30                   3.500000e+09                      24.000000
                2574982.318841                     930.000000                   1.000000e+30                   3.500000e+09                      24.000000
                2574982.028986                     930.000000                   1.000000e+30                   3.500000e+09                      24.000000
                2574981.739130                     930.000000                   1.000000e+30                   3.500000e+09                      24.000000
                2574981.449275                     930.000000                   1.000000e+30                   3.500000e+09                      24.000000
                2574981.159420                     930.000000                   1.000000e+30                   3.500000e+09                      24.000000
                2574980.869565                     930.000000                   1.000000e+30                   3.500000e+09                      24.000000
                2574980.579710                     930.000000                   1.000000e+30                   3.500000e+09                      24.000000
                2574980.289855                     930.000000                   1.000000e+30                   3.500000e+09                      24.000000
                2574980.000000                     930.000000                   1.000000e+30                   3.500000e+09                      24.000000
                2574980.000000                     930.000000                   1.000000e+30                   3.500000e+09                      15.000000
                2573685.581395                     930.000000                   1.000000e+30                   3.500000e+09                      15.000000
                2572391.162791                     930.000000                   1.000000e+30                   3.500000e+09                      15.000000
                2571096.744186                     930.000000                   1.000000e+30                   3.500000e+09                      15.000000
                2569802.325581                     930.000000                   1.000000e+30                   3.500000e+09                      15.000000
                2568507.906977                     930.000000                   1.000000e+30                   3.500000e+09                      15.000000
                2567213.488372                     930.000000                   1.000000e+30                   3.500000e+09                      15.000000
                2565919.069767                     930.000000                   1.000000e+30                   3.500000e+09                      15.000000
                2564624.651163                     930.000000                   1.000000e+30                   3.500000e+09                      15.000000
                2563330.232558                     930.000000                   1.000000e+30                   3.500000e+09                      15.000000
                2562035.813953                     930.000000                   1.000000e+30                   3.500000e+09                      15.000000
                2560741.395349                     930.000000                   1.000000e+30                   3.500000e+09                      15.000000
                2559446.976744                     930.000000                   1.000000e+30                   3.500000e+09                      15.000000
                2558152.558140                     930.000000                   1.000000e+30                   3.500000e+09                      15.000000
                2556858.139535                     930.000000                   1.000000e+30                   3.500000e+09                      15.000000
                2555563.720930                     930.000000                   1.000000e+30                   3.500000e+09                      15.000000
                2554269.302326                     930.000000                   1.000000e+30                   3.500000e+09                      15.000000
                2552974.883721                     930.000000                   1.000000e+30                   3.500000e+09                      15.000000
                2551680.465116                     930.000000                   1.000000e+30                   3.500000e+09                      15.000000
                2550386.046512                     930.000000                   1.000000e+30                   3.500000e+09                      15.000000
                2549091.627907                     930.000000                   1.000000e+30                   3.500000e+09                      15.000000
                2547797.209302                     930.000000                   1.000000e+30                   3.500000e+09                      15.000000
                2546502.790698                     930.000000                   1.000000e+30                   3.500000e+09                      15.000000
                2545208.372093                     930.000000                   1.000000e+30                   3.500000e+09                      15.000000
                2543913.953488                     930.000000                   1.000000e+30                   3.500000e+09                      15.000000
                2542619.534884                     930.000000                   1.000000e+30                   3.500000e+09                      15.000000
                2541325.116279                     930.000000                   1.000000e+30                   3.500000e+09                      15.000000
                2540030.697674                     930.000000                   1.000000e+30                   3.500000e+09                      15.000000
                2538736.279070                     930.000000                   1.000000e+30                   3.500000e+09                      15.000000
                2537441.860465                     930.000000                   1.000000e+30                   3.500000e+09                      15.000000
                2536147.441860                     930.000000                   1.000000e+30                   3.500000e+09                      15.000000
                2534853.023256                     930.000000                   1.000000e+30                   3.500000e+09                      15.000000
                2533558.604651                     930.000000                   1.000000e+30                   3.500000e+09                      15.000000
                2532264.186047                     930.000000                   1.000000e+30                   3.500000e+09                      15.000000
                2530969.767442                     930.000000                   1.000000e+30                   3.500000e+09                      15.000000
                2529675.348837                     930.000000                   1.000000e+30                   3.500000e+09                      15.000000
                2528380.930233                     930.000000                   1.000000e+30                   3.500000e+09                      15.000000
                2527086.511628                     930.000000                   1.000000e+30                   3.500000e+09                      15.000000
                2525792.093023                     930.000000                   1.000000e+30                   3.500000e+09                      15.000000
                2524497.674419                     930.000000                   1.000000e+30                   3.500000e+09                      15.000000
                2523203.255814                     930.000000                   1.000000e+30                   3.500000e+09                      15.000000
                2521908.837209                     930.000000                   1.000000e+30                   3.500000e+09                      15.000000
                2520614.418605                     930.000000                   1.000000e+30                   3.500000e+09                      15.000000
                2519320.000000                     930.000000                   1.000000e+30                   3.500000e+09                      15.000000
                2518025.581395                     930.000000                   1.000000e+30                   3.500000e+09                      15.000000
                2516731.162791                     930.000000                   1.000000e+30                   3.500000e+09                      15.000000
                2515436.744186                     930.000000                   1.000000e+30                   3.500000e+09                      15.000000
                2514142.325581                     930.000000                   1.000000e+30                   3.500000e+09                      15.000000
                2512847.906977                     930.000000                   1.000000e+30                   3.500000e+09                      15.000000
                2511553.488372                     930.000000                   1.000000e+30                   3.500000e+09                      15.000000
                2510259.069767                     930.000000                   1.000000e+30                   3.500000e+09                      15.000000
                2508964.651163                     930.000000                   1.000000e+30                   3.500000e+09                      15.000000
                2507670.232558                     930.000000                   1.000000e+30                   3.500000e+09                      15.000000
                2506375.813953                     930.000000                   1.000000e+30                   3.500000e+09                      15.000000
                2505081.395349                     930.000000                   1.000000e+30                   3.500000e+09                      15.000000
                2503786.976744                     930.000000                   1.000000e+30                   3.500000e+09                      15.000000
                2502492.558140                     930.000000                   1.000000e+30                   3.500000e+09                      15.000000
                2501198.139535                     930.000000                   1.000000e+30                   3.500000e+09                      15.000000
                2499903.720930                     930.000000                   1.000000e+30                   3.500000e+09                      15.000000
                2498609.302326                     930.000000                   1.000000e+30                   3.500000e+09                      15.000000
                2497314.883721                     930.000000                   1.000000e+30                   3.500000e+09                      15.000000
                2496020.465116                     930.000000                   1.000000e+30                   3.500000e+09                      15.000000
                2494726.046512                     930.000000                   1.000000e+30                   3.500000e+09                      15.000000
                2493431.627907                     930.000000                   1.000000e+30                   3.500000e+09                      15.000000
                2492137.209302                     930.000000                   1.000000e+30                   3.500000e+09                      15.000000
                2490842.790698                     930.000000                   1.000000e+30                   3.500000e+09                      15.000000
                2489548.372093                     930.000000                   1.000000e+30                   3.500000e+09                      15.000000
                2488253.953488                     930.000000                   1.000000e+30                   3.500000e+09                      15.000000
                2486959.534884                     930.000000                   1.000000e+30                   3.500000e+09                      15.000000
                2485665.116279                     930.000000                   1.000000e+30                   3.500000e+09                      15.000000
                2484370.697674                     930.000000                   1.000000e+30                   3.500000e+09                      15.000000
                2483076.279070                     930.000000                   1.000000e+30                   3.500000e+09                      15.000000
                2481781.860465                     930.000000                   1.000000e+30                   3.500000e+09                      15.000000
                2480487.441860                     930.000000                   1.000000e+30                   3.500000e+09                      15.000000
                2479193.023256                     930.000000                   1.000000e+30                   3.500000e+09                      15.000000
                2477898.604651                     930.000000                   1.000000e+30                   3.500000e+09                      15.000000
                2476604.186047                     930.000000                   1.000000e+30                   3.500000e+09                      15.000000
                2475309.767442                     930.000000                   1.000000e+30                   3.500000e+09                      15.000000
                2474015.348837                     930.000000                   1.000000e+30                   3.500000e+09                      15.000000
                2472720.930233                     930.000000                   1.000000e+30                   3.500000e+09                      15.000000
                2471426.511628                     930.000000                   1.000000e+30                   3.500000e+09                      15.000000
                2470132.093023                     930.000000                   1.000000e+30                   3.500000e+09                      15.000000
                2468837.674419                     930.000000                   1.000000e+30                   3.500000e+09                      15.000000
                2467543.255814                     930.000000                   1.000000e+30                   3.500000e+09                      15.000000
                2466248.837209                     930.000000                   1.000000e+30                   3.500000e+09                      15.000000
                2464954.418605                     930.000000                   1.000000e+30                   3.500000e+09                      15.000000
                2463660.000000                     930.000000                   1.000000e+30                   3.500000e+09                      15.000000
                2462365.581395                     930.000000                   1.000000e+30                   3.500000e+09                      15.000000
                2461071.162791                     930.000000                   1.000000e+30                   3.500000e+09                      15.000000
                2459776.744186                     930.000000                   1.000000e+30                   3.500000e+09                      15.000000
                2458482.325581                     930.000000                   1.000000e+30                   3.500000e+09                      15.000000
                2457187.906977                     930.000000                   1.000000e+30                   3.500000e+09                      15.000000
                2455893.488372                     930.000000                   1.000000e+30                   3.500000e+09                      15.000000
                2454599.069767                     930.000000                   1.000000e+30                   3.500000e+09                      15.000000
                2453304.651163                     930.000000                   1.000000e+30                   3.500000e+09                      15.000000
                2452010.232558                     930.000000                   1.000000e+30                   3.500000e+09                      15.000000
                2450715.813953                     930.000000                   1.000000e+30                   3.500000e+09                      15.000000
                2449421.395349                     930.000000                   1.000000e+30                   3.500000e+09                      15.000000
                2448126.976744                     930.000000                   1.000000e+30                   3.500000e+09                      15.000000
                2446832.558140                     930.000000                   1.000000e+30                   3.500000e+09                      15.000000
                2445538.139535                     930.000000                   1.000000e+30                   3.500000e+09                      15.000000
                2444243.720930                     930.000000                   1.000000e+30                   3.500000e+09                      15.000000
                2442949.302326                     930.000000                   1.000000e+30                   3.500000e+09                      15.000000
                2441654.883721                     930.000000                   1.000000e+30                   3.500000e+09                      15.000000
                2440360.465116                     930.000000                   1.000000e+30                   3.500000e+09                      15.000000
                2439066.046512                     930.000000                   1.000000e+30                   3.500000e+09                      15.000000
                2437771.627907                     930.000000                   1.000000e+30                   3.500000e+09                      15.000000
                2436477.209302                     930.000000                   1.000000e+30                   3.500000e+09                      15.000000
                2435182.790698                     930.000000                   1.000000e+30                   3.500000e+09                      15.000000
                2433888.372093                     930.000000                   1.000000e+30                   3.500000e+09                      15.000000
                2432593.953488                     930.000000                   1.000000e+30                   3.500000e+09                      15.000000
                2431299.534884                     930.000000                   1.000000e+30                   3.500000e+09                      15.000000
                2430005.116279                     930.000000                   1.000000e+30                   3.500000e+09                      15.000000
                2428710.697674                     930.000000                   1.000000e+30                   3.500000e+09                      15.000000
                2427416.279070                     930.000000                   1.000000e+30                   3.500000e+09                      15.000000
                2426121.860465                     930.000000                   1.000000e+30                   3.500000e+09                      15.000000
                2424827.441860                     930.000000                   1.000000e+30                   3.500000e+09                      15.000000
                2423533.023256                     930.000000                   1.000000e+30                   3.500000e+09                      15.000000
                2422238.604651                     930.000000                   1.000000e+30                   3.500000e+09                      15.000000
                2420944.186047                     930.000000                   1.000000e+30                   3.500000e+09                      15.000000
                2419649.767442                     930.000000                   1.000000e+30                   3.500000e+09                      15.000000
                2418355.348837                     930.000000                   1.000000e+30                   3.500000e+09                      15.000000
                2417060.930233                     930.000000                   1.000000e+30                   3.500000e+09                      15.000000
                2415766.511628                     930.000000                   1.000000e+30                   3.500000e+09                      15.000000
                2414472.093023                     930.000000                   1.000000e+30                   3.500000e+09                      15.000000
                2413177.674419                     930.000000                   1.000000e+30                   3.500000e+09                      15.000000
                2411883.255814                     930.000000                   1.000000e+30                   3.500000e+09                      15.000000
                2410588.837209                     930.000000                   1.000000e+30                   3.500000e+09                      15.000000
                2409294.418605                     930.000000                   1.000000e+30                   3.500000e+09                      15.000000
                2408000.000000                     930.000000                   1.000000e+30                   3.500000e+09                      15.000000
                2408000.000000                    1100.000000                   1.000000e+30                   0.000000e+00                       2.000000
                2407996.834578                    1100.000000                   1.000000e+30                   0.000000e+00                       2.000000
                2407991.208901                    1100.000000                   1.000000e+30                   0.000000e+00                       2.000000
                2407982.774554                    1100.000000                   1.000000e+30                   0.000000e+00                       2.000000
                2407971.536542                    1100.000000                   1.000000e+30                   0.000000e+00                       2.000000
                2407957.501528                    1100.000000                   1.000000e+30                   0.000000e+00                       2.000000
                2407940.677837                    1100.000000                   1.000000e+30                   0.000000e+00                       2.000000
                2407921.075445                    1100.000000                   1.000000e+30                   0.000000e+00                       2.000000
                2407898.705979                    1100.000000                   1.000000e+30                   0.000000e+00                       2.000000
                2407873.582704                    1100.000000                   1.000000e+30                   0.000000e+00                       2.000000
                2407845.720520                    1100.000000                   1.000000e+30                   0.000000e+00                       2.000000
                2407815.135951                    1100.000000                   1.000000e+30                   0.000000e+00                       2.000000
                2407781.847136                    1100.000000                   1.000000e+30                   0.000000e+00                       2.000000
                2407745.873817                    1100.000000                   1.000000e+30                   0.000000e+00                       2.000000
                2407707.237328                    1100.000000                   1.000000e+30                   0.000000e+00                       2.000000
                2407665.960584                    1100.000000                   1.000000e+30                   0.000000e+00                       2.000000
                2407622.068062                    1100.000000                   1.000000e+30                   0.000000e+00                       2.000000
                2407575.585796                    1100.000000                   1.000000e+30                   0.000000e+00                       2.000000
                2407526.541350                    1100.000000                   1.000000e+30                   0.000000e+00                       2.000000
                2407474.963813                    1100.000000                   1.000000e+30                   0.000000e+00                       2.000000
                2407420.883771                    1100.000000                   1.000000e+30                   0.000000e+00                       2.000000
                2407364.333299                    1100.000000                   1.000000e+30                   0.000000e+00                       2.000000
                2407305.345933                    1100.000000                   1.000000e+30                   0.000000e+00                       2.000000
                2407243.956657                    1100.000000                   1.000000e+30                   0.000000e+00                       2.000000
                2407180.201879                    1100.000000                   1.000000e+30                   0.000000e+00                       2.000000
                2407114.119408                    1100.000000                   1.000000e+30                   0.000000e+00                       2.000000
                2407045.748436                    1100.000000                   1.000000e+30                   0.000000e+00                       2.000000
                2406975.129511                    1100.000000                   1.000000e+30                   0.000000e+00                       2.000000
                2406902.304514                    1100.000000                   1.000000e+30                   0.000000e+00                       2.000000
                2406827.316635                    1100.000000                   1.000000e+30                   0.000000e+00                       2.000000
                2406750.210346                    1100.000000                   1.000000e+30                   0.000000e+00                       2.000000
                2406671.031375                    1100.000000                   1.000000e+30                   0.000000e+00                       2.000000
                2406589.826682                    1100.000000                   1.000000e+30                   0.000000e+00                       2.000000
                2406506.644424                    1100.000000                   1.000000e+30                   0.000000e+00                       2.000000
                2406421.533934                    1100.000000                   1.000000e+30                   0.000000e+00                       2.000000
                2406334.545688                    1100.000000                   1.000000e+30                   0.000000e+00                       2.000000
                2406245.731275                    1100.000000                   1.000000e+30                   0.000000e+00                       2.000000
                2406155.143367                    1100.000000                   1.000000e+30                   0.000000e+00                       2.000000
                2406062.835688                    1100.000000                   1.000000e+30                   0.000000e+00                       2.000000
                2405968.862983                    1100.000000                   1.000000e+30                   0.000000e+00                       2.000000
                2405873.280983                    1100.000000                   1.000000e+30                   0.000000e+00                       2.000000
                2405776.146373                    1100.000000                   1.000000e+30                   0.000000e+00                       2.000000
                2405677.516761                    1100.000000                   1.000000e+30                   0.000000e+00                       2.000000
                2405577.450640                    1100.000000                   1.000000e+30                   0.000000e+00                       2.000000
                2405476.007354                    1100.000000                   1.000000e+30                   0.000000e+00                       2.000000
                2405373.247067                    1100.000000                   1.000000e+30                   0.000000e+00                       2.000000
                2405269.230720                    1100.000000                   1.000000e+30                   0.000000e+00                       2.000000
                2405164.020003                    1100.000000                   1.000000e+30                   0.000000e+00                       2.000000
                2405057.677310                    1100.000000                   1.000000e+30                   0.000000e+00                       2.000000
                2404950.265711                    1100.000000                   1.000000e+30                   0.000000e+00                       2.000000
                2404841.848906                    1100.000000                   1.000000e+30                   0.000000e+00                       2.000000
                2404732.491194                    1100.000000                   1.000000e+30                   0.000000e+00                       2.000000
                2404622.257429                    1100.000000                   1.000000e+30                   0.000000e+00                       2.000000
                2404511.212987                    1100.000000                   1.000000e+30                   0.000000e+00                       2.000000
                2404399.423725                    1100.000000                   1.000000e+30                   0.000000e+00                       2.000000
                2404286.955939                    1100.000000                   1.000000e+30                   0.000000e+00                       2.000000
                2404173.876331                    1100.000000                   1.000000e+30                   0.000000e+00                       2.000000
                2404060.251963                    1100.000000                   1.000000e+30                   0.000000e+00                       2.000000
                2403946.150221                    1100.000000                   1.000000e+30                   0.000000e+00                       2.000000
                2403831.638775                    1100.000000                   1.000000e+30                   0.000000e+00                       2.000000
                2403716.785537                    1100.000000                   1.000000e+30                   0.000000e+00                       2.000000
                2403601.658621                    1100.000000                   1.000000e+30                   0.000000e+00                       2.000000
                2403486.326304                    1100.000000                   1.000000e+30                   0.000000e+00                       2.000000
                2403370.856987                    1100.000000                   1.000000e+30                   0.000000e+00                       2.000000
                2403255.319149                    1100.000000                   1.000000e+30                   0.000000e+00                       2.000000
                2403139.781311                    1100.000000                   1.000000e+30                   0.000000e+00                       2.000000
                2403024.311993                    1100.000000                   1.000000e+30                   0.000000e+00                       2.000000
                2402908.979677                    1100.000000                   1.000000e+30                   0.000000e+00                       2.000000
                2402793.852761                    1100.000000                   1.000000e+30                   0.000000e+00                       2.000000
                2402678.999523                    1100.000000                   1.000000e+30                   0.000000e+00                       2.000000
                2402564.488076                    1100.000000                   1.000000e+30                   0.000000e+00                       2.000000
                2402450.386335                    1100.000000                   1.000000e+30                   0.000000e+00                       2.000000
                2402336.761967                    1100.000000                   1.000000e+30                   0.000000e+00                       2.000000
                2402223.682358                    1100.000000                   1.000000e+30                   0.000000e+00                       2.000000
                2402111.214573                    1100.000000                   1.000000e+30                   0.000000e+00                       2.000000
                2401999.425311                    1100.000000                   1.000000e+30                   0.000000e+00                       2.000000
                2401888.380869                    1100.000000                   1.000000e+30                   0.000000e+00                       2.000000
                2401778.147104                    1100.000000                   1.000000e+30                   0.000000e+00                       2.000000
                2401668.789392                    1100.000000                   1.000000e+30                   0.000000e+00                       2.000000
                2401560.372587                    1100.000000                   1.000000e+30                   0.000000e+00                       2.000000
                2401452.960987                    1100.000000                   1.000000e+30                   0.000000e+00                       2.000000
                2401346.618295                    1100.000000                   1.000000e+30                   0.000000e+00                       2.000000
                2401241.407578                    1100.000000                   1.000000e+30                   0.000000e+00                       2.000000
                2401137.391231                    1100.000000                   1.000000e+30                   0.000000e+00                       2.000000
                2401034.630944                    1100.000000                   1.000000e+30                   0.000000e+00                       2.000000
                2400933.187658                    1100.000000                   1.000000e+30                   0.000000e+00                       2.000000
                2400833.121537                    1100.000000                   1.000000e+30                   0.000000e+00                       2.000000
                2400734.491925                    1100.000000                   1.000000e+30                   0.000000e+00                       2.000000
                2400637.357315                    1100.000000                   1.000000e+30                   0.000000e+00                       2.000000
                2400541.775315                    1100.000000                   1.000000e+30                   0.000000e+00                       2.000000
                2400447.802610                    1100.000000                   1.000000e+30                   0.000000e+00                       2.000000
                2400355.494931                    1100.000000                   1.000000e+30                   0.000000e+00                       2.000000
                2400264.907023                    1100.000000                   1.000000e+30                   0.000000e+00                       2.000000
                2400176.092610                    1100.000000                   1.000000e+30                   0.000000e+00                       2.000000
                2400089.104364                    1100.000000                   1.000000e+30                   0.000000e+00                       2.000000
                2400003.993874                    1100.000000                   1.000000e+30                   0.000000e+00                       2.000000
                2399920.811616                    1100.000000                   1.000000e+30                   0.000000e+00                       2.000000
                2399839.606922                    1100.000000                   1.000000e+30                   0.000000e+00                       2.000000
                2399760.427952                    1100.000000                   1.000000e+30                   0.000000e+00                       2.000000
                2399683.321663                    1100.000000                   1.000000e+30                   0.000000e+00                       2.000000
                2399608.333784                    1100.000000                   1.000000e+30                   0.000000e+00                       2.000000
                2399535.508787                    1100.000000                   1.000000e+30                   0.000000e+00                       2.000000
                2399464.889862                    1100.000000                   1.000000e+30                   0.000000e+00                       2.000000
                2399396.518890                    1100.000000                   1.000000e+30                   0.000000e+00                       2.000000
                2399330.436419                    1100.000000                   1.000000e+30                   0.000000e+00                       2.000000
                2399266.681641                    1100.000000                   1.000000e+30                   0.000000e+00                       2.000000
                2399205.292365                    1100.000000                   1.000000e+30                   0.000000e+00                       2.000000
                2399146.304999                    1100.000000                   1.000000e+30                   0.000000e+00                       2.000000
                2399089.754527                    1100.000000                   1.000000e+30                   0.000000e+00                       2.000000
                2399035.674485                    1100.000000                   1.000000e+30                   0.000000e+00                       2.000000
                2398984.096947                    1100.000000                   1.000000e+30                   0.000000e+00                       2.000000
                2398935.052502                    1100.000000                   1.000000e+30                   0.000000e+00                       2.000000
                2398888.570235                    1100.000000                   1.000000e+30                   0.000000e+00                       2.000000
                2398844.677714                    1100.000000                   1.000000e+30                   0.000000e+00                       2.000000
                2398803.400969                    1100.000000                   1.000000e+30                   0.000000e+00                       2.000000
                2398764.764481                    1100.000000                   1.000000e+30                   0.000000e+00                       2.000000
                2398728.791161                    1100.000000                   1.000000e+30                   0.000000e+00                       2.000000
                2398695.502346                    1100.000000                   1.000000e+30                   0.000000e+00                       2.000000
                2398664.917778                    1100.000000                   1.000000e+30                   0.000000e+00                       2.000000
                2398637.055594                    1100.000000                   1.000000e+30                   0.000000e+00                       2.000000
                2398611.932319                    1100.000000                   1.000000e+30                   0.000000e+00                       2.000000
                2398589.562852                    1100.000000                   1.000000e+30                   0.000000e+00                       2.000000
                2398569.960461                    1100.000000                   1.000000e+30                   0.000000e+00                       2.000000
                2398553.136769                    1100.000000                   1.000000e+30                   0.000000e+00                       2.000000
                2398539.101756                    1100.000000                   1.000000e+30                   0.000000e+00                       2.000000
                2398527.863743                    1100.000000                   1.000000e+30                   0.000000e+00                       2.000000
                2398519.429397                    1100.000000                   1.000000e+30                   0.000000e+00                       2.000000
                2398513.803719                    1100.000000                   1.000000e+30                   0.000000e+00                       2.000000
                2398510.990046                    1100.000000                   1.000000e+30                   0.000000e+00                       2.000000
                2398510.638298                    1100.000000                   1.000000e+30                   0.000000e+00                       2.000000
                2398510.638298                    1250.000000                   1.000000e+30                   6.000000e+09                      15.000000
                2395421.408544                    1250.000000                   1.000000e+30                   6.000000e+09                      15.000000
                2392332.178789                    1250.000000                   1.000000e+30                   6.000000e+09                      15.000000
                2389242.949035                    1250.000000                   1.000000e+30                   6.000000e+09                      15.000000
                2386153.719281                    1250.000000                   1.000000e+30                   6.000000e+09                      15.000000
                2383064.489527                    1250.000000                   1.000000e+30                   6.000000e+09                      15.000000
                2379975.259772                    1250.000000                   1.000000e+30                   6.000000e+09                      15.000000
                2376886.030018                    1250.000000                   1.000000e+30                   6.000000e+09                      15.000000
                2373796.800264                    1250.000000                   1.000000e+30                   6.000000e+09                      15.000000
                2370707.570510                    1250.000000                   1.000000e+30                   6.000000e+09                      15.000000
                2367618.340755                    1250.000000                   1.000000e+30                   6.000000e+09                      15.000000
                2364529.111001                    1250.000000                   1.000000e+30                   6.000000e+09                      15.000000
                2361439.881247                    1250.000000                   1.000000e+30                   6.000000e+09                      15.000000
                2358350.651493                    1250.000000                   1.000000e+30                   6.000000e+09                      15.000000
                2355261.421738                    1250.000000                   1.000000e+30                   6.000000e+09                      15.000000
                2352172.191984                    1250.000000                   1.000000e+30                   6.000000e+09                      15.000000
                2349082.962230                    1250.000000                   1.000000e+30                   6.000000e+09                      15.000000
                2345993.732476                    1250.000000                   1.000000e+30                   6.000000e+09                      15.000000
                2342904.502721                    1250.000000                   1.000000e+30                   6.000000e+09                      15.000000
                2339815.272967                    1250.000000                   1.000000e+30                   6.000000e+09                      15.000000
                2336726.043213                    1250.000000                   1.000000e+30                   6.000000e+09                      15.000000
                2333636.813459                    1250.000000                   1.000000e+30                   6.000000e+09                      15.000000
                2330547.583704                    1250.000000                   1.000000e+30                   6.000000e+09                      15.000000
                2327458.353950                    1250.000000                   1.000000e+30                   6.000000e+09                      15.000000
                2324369.124196                    1250.000000                   1.000000e+30                   6.000000e+09                      15.000000
                2321279.894442                    1250.000000                   1.000000e+30                   6.000000e+09                      15.000000
                2318190.664687                    1250.000000                   1.000000e+30                   6.000000e+09                      15.000000
                2315101.434933                    1250.000000                   1.000000e+30                   6.000000e+09                      15.000000
                2312012.205179                    1250.000000                   1.000000e+30                   6.000000e+09                      15.000000
                2308922.975425                    1250.000000                   1.000000e+30                   6.000000e+09                      15.000000
                2305833.745670                    1250.000000                   1.000000e+30                   6.000000e+09                      15.000000
                2302744.515916                    1250.000000                   1.000000e+30                   6.000000e+09                      15.000000
                2299655.286162                    1250.000000                   1.000000e+30                   6.000000e+09                      15.000000
                2296566.056408                    1250.000000                   1.000000e+30                   6.000000e+09                      15.000000
                2293476.826653                    1250.000000                   1.000000e+30                   6.000000e+09                      15.000000
                2290387.596899                    1250.000000                   1.000000e+30                   6.000000e+09                      15.000000
                2287298.367145                    1250.000000                   1.000000e+30                   6.000000e+09                      15.000000
                2284209.137391                    1250.000000                   1.000000e+30                   6.000000e+09                      15.000000
                2281119.907636                    1250.000000                   1.000000e+30                   6.000000e+09                      15.000000
                2278030.677882                    1250.000000                   1.000000e+30                   6.000000e+09                      15.000000
                2274941.448128                    1250.000000                   1.000000e+30                   6.000000e+09                      15.000000
                2271852.218374                    1250.000000                   1.000000e+30                   6.000000e+09                      15.000000
                2268762.988619                    1250.000000                   1.000000e+30                   6.000000e+09                      15.000000
                2265673.758865                    1250.000000                   1.000000e+30                   6.000000e+09                      15.000000
                2262584.529111                    1250.000000                   1.000000e+30                   6.000000e+09                      15.000000
                2259495.299357                    1250.000000                   1.000000e+30                   6.000000e+09                      15.000000
                2256406.069603                    1250.000000                   1.000000e+30                   6.000000e+09                      15.000000
                2253316.839848                    1250.000000                   1.000000e+30                   6.000000e+09                      15.000000
                2250227.610094                    1250.000000                   1.000000e+30                   6.000000e+09                      15.000000
                2247138.380340                    1250.000000                   1.000000e+30                   6.000000e+09                      15.000000
                2244049.150586                    1250.000000                   1.000000e+30                   6.000000e+09                      15.000000
                2240959.920831                    1250.000000                   1.000000e+30                   6.000000e+09                      15.000000
                2237870.691077                    1250.000000                   1.000000e+30                   6.000000e+09                      15.000000
                2234781.461323                    1250.000000                   1.000000e+30                   6.000000e+09                      15.000000
                2231692.231569                    1250.000000                   1.000000e+30                   6.000000e+09                      15.000000
                2228603.001814                    1250.000000                   1.000000e+30                   6.000000e+09                      15.000000
                2225513.772060                    1250.000000                   1.000000e+30                   6.000000e+09                      15.000000
                2222424.542306                    1250.000000                   1.000000e+30                   6.000000e+09                      15.000000
                2219335.312552                    1250.000000                   1.000000e+30                   6.000000e+09                      15.000000
                2216246.082797                    1250.000000                   1.000000e+30                   6.000000e+09                      15.000000
                2213156.853043                    1250.000000                   1.000000e+30                   6.000000e+09                      15.000000
                2210067.623289                    1250.000000                   1.000000e+30                   6.000000e+09                      15.000000
                2206978.393535                    1250.000000                   1.000000e+30                   6.000000e+09                      15.000000
                2203889.163780                    1250.000000                   1.000000e+30                   6.000000e+09                      15.000000
                2200799.934026                    1250.000000                   1.000000e+30                   6.000000e+09                      15.000000
                2197710.704272                    1250.000000                   1.000000e+30                   6.000000e+09                      15.000000
                2194621.474518                    1250.000000                   1.000000e+30                   6.000000e+09                      15.000000
                2191532.244763                    1250.000000                   1.000000e+30                   6.000000e+09                      15.000000
                2188443.015009                    1250.000000                   1.000000e+30                   6.000000e+09                      15.000000
                2185353.785255                    1250.000000                   1.000000e+30                   6.000000e+09                      15.000000
                2182264.555501                    1250.000000                   1.000000e+30                   6.000000e+09                      15.000000
                2179175.325746                    1250.000000                   1.000000e+30                   6.000000e+09                      15.000000
                2176086.095992                    1250.000000                   1.000000e+30                   6.000000e+09                      15.000000
                2172996.866238                    1250.000000                   1.000000e+30                   6.000000e+09                      15.000000
                2169907.636484                    1250.000000                   1.000000e+30                   6.000000e+09                      15.000000
                2166818.406729                    1250.000000                   1.000000e+30                   6.000000e+09                      15.000000
                2163729.176975                    1250.000000                   1.000000e+30                   6.000000e+09                      15.000000
                2160639.947221                    1250.000000                   1.000000e+30                   6.000000e+09                      15.000000
                2157550.717467                    1250.000000                   1.000000e+30                   6.000000e+09                      15.000000
                2154461.487712                    1250.000000                   1.000000e+30                   6.000000e+09                      15.000000
                2151372.257958                    1250.000000                   1.000000e+30                   6.000000e+09                      15.000000
                2148283.028204                    1250.000000                   1.000000e+30                   6.000000e+09                      15.000000
                2145193.798450                    1250.000000                   1.000000e+30                   6.000000e+09                      15.000000
                2142104.568695                    1250.000000                   1.000000e+30                   6.000000e+09                      15.000000
                2139015.338941                    1250.000000                   1.000000e+30                   6.000000e+09                      15.000000
                2135926.109187                    1250.000000                   1.000000e+30                   6.000000e+09                      15.000000
                2132836.879433                    1250.000000                   1.000000e+30                   6.000000e+09                      15.000000
                2129747.649678                    1250.000000                   1.000000e+30                   6.000000e+09                      15.000000
                2126658.419924                    1250.000000                   1.000000e+30                   6.000000e+09                      15.000000
                2123569.190170                    1250.000000                   1.000000e+30                   6.000000e+09                      15.000000
                2120479.960416                    1250.000000                   1.000000e+30                   6.000000e+09                      15.000000
                2117390.730661                    1250.000000                   1.000000e+30                   6.000000e+09                      15.000000
                2114301.500907                    1250.000000                   1.000000e+30                   6.000000e+09                      15.000000
                2111212.271153                    1250.000000                   1.000000e+30                   6.000000e+09                      15.000000
                2108123.041399                    1250.000000                   1.000000e+30                   6.000000e+09                      15.000000
                2105033.811644                    1250.000000                   1.000000e+30                   6.000000e+09                      15.000000
                2101944.581890                    1250.000000                   1.000000e+30                   6.000000e+09                      15.000000
                2098855.352136                    1250.000000                   1.000000e+30                   6.000000e+09                      15.000000
                2095766.122382                    1250.000000                   1.000000e+30                   6.000000e+09                      15.000000
                2092676.892627                    1250.000000                   1.000000e+30                   6.000000e+09                      15.000000
                2089587.662873                    1250.000000                   1.000000e+30                   6.000000e+09                      15.000000
                2086498.433119                    1250.000000                   1.000000e+30                   6.000000e+09                      15.000000
                2083409.203365                    1250.000000                   1.000000e+30                   6.000000e+09                      15.000000
                2080319.973610                    1250.000000                   1.000000e+30                   6.000000e+09                      15.000000
                2077230.743856                    1250.000000                   1.000000e+30                   6.000000e+09                      15.000000
                2074141.514102                    1250.000000                   1.000000e+30                   6.000000e+09                      15.000000
                2071052.284348                    1250.000000                   1.000000e+30                   6.000000e+09                      15.000000
                2067963.054593                    1250.000000                   1.000000e+30                   6.000000e+09                      15.000000
                2064873.824839                    1250.000000                   1.000000e+30                   6.000000e+09                      15.000000
                2061784.595085                    1250.000000                   1.000000e+30                   6.000000e+09                      15.000000
                2058695.365331                    1250.000000                   1.000000e+30                   6.000000e+09                      15.000000
                2055606.135576                    1250.000000                   1.000000e+30                   6.000000e+09                      15.000000
                2052516.905822                    1250.000000                   1.000000e+30                   6.000000e+09                      15.000000
                2049427.676068                    1250.000000                   1.000000e+30                   6.000000e+09                      15.000000
                2046338.446314                    1250.000000                   1.000000e+30                   6.000000e+09                      15.000000
                2043249.216559                    1250.000000                   1.000000e+30                   6.000000e+09                      15.000000
                2040159.986805                    1250.000000                   1.000000e+30                   6.000000e+09                      15.000000
                2037070.757051                    1250.000000                   1.000000e+30                   6.000000e+09                      15.000000
                2033981.527297                    1250.000000                   1.000000e+30                   6.000000e+09                      15.000000
                2030892.297542                    1250.000000                   1.000000e+30                   6.000000e+09                      15.000000
                2027803.067788                    1250.000000                   1.000000e+30                   6.000000e+09                      15.000000
                2024713.838034                    1250.000000                   1.000000e+30                   6.000000e+09                      15.000000
                2021624.608280                    1250.000000                   1.000000e+30                   6.000000e+09                      15.000000
                2018535.378525                    1250.000000                   1.000000e+30                   6.000000e+09                      15.000000
                2015446.148771                    1250.000000                   1.000000e+30                   6.000000e+09                      15.000000
                2012356.919017                    1250.000000                   1.000000e+30                   6.000000e+09                      15.000000
                2009267.689263                    1250.000000                   1.000000e+30                   6.000000e+09                      15.000000
                2006178.459508                    1250.000000                   1.000000e+30                   6.000000e+09                      15.000000
                2003089.229754                    1250.000000                   1.000000e+30                   6.000000e+09                      15.000000
                2000000.000000                    1250.000000                   1.000000e+30                   6.000000e+09                      15.000000
                2000000.000000                    2844.405500                   1.000000e+30                   3.000000e+10                      17.000000
                1977557.590366                    2844.405500                   1.000000e+30                   3.000000e+10                      17.000000
                1955115.180732                    2844.405500                   1.000000e+30                   3.000000e+10                      17.000000
                1932672.771098                    2844.405500                   1.000000e+30                   3.000000e+10                      17.000000
                1910230.361464                    2844.405500                   1.000000e+30                   3.000000e+10                      17.000000
                1887787.951829                    2844.405500                   1.000000e+30                   3.000000e+10                      17.000000
                1865345.542195                    2844.405500                   1.000000e+30                   3.000000e+10                      17.000000
                1842903.132561                    2844.405500                   1.000000e+30                   3.000000e+10                      17.000000
                1820460.722927                    2844.405500                   1.000000e+30                   3.000000e+10                      17.000000
                1798018.313293                    2844.405500                   1.000000e+30                   3.000000e+10                      17.000000
                1775575.903659                    2844.405500                   1.000000e+30                   3.000000e+10                      17.000000
                1753133.494025                    2844.405500                   1.000000e+30                   3.000000e+10                      17.000000
                1730691.084391                    2844.405500                   1.000000e+30                   3.000000e+10                      17.000000
                1708248.674757                    2844.405500                   1.000000e+30                   3.000000e+10                      17.000000
                1685806.265122                    2844.405500                   1.000000e+30                   3.000000e+10                      17.000000
                1663363.855488                    2844.405500                   1.000000e+30                   3.000000e+10                      17.000000
                1640921.445854                    2844.405500                   1.000000e+30                   3.000000e+10                      17.000000
                1618479.036220                    2844.405500                   1.000000e+30                   3.000000e+10                      17.000000
                1596036.626586                    2844.405500                   1.000000e+30                   3.000000e+10                      17.000000
                1573594.216952                    2844.405500                   1.000000e+30                   3.000000e+10                      17.000000
                1551151.807318                    2844.405500                   1.000000e+30                   3.000000e+10                      17.000000
                1528709.397684                    2844.405500                   1.000000e+30                   3.000000e+10                      17.000000
                1506266.988049                    2844.405500                   1.000000e+30                   3.000000e+10                      17.000000
                1483824.578415                    2844.405500                   1.000000e+30                   3.000000e+10                      17.000000
                1461382.168781                    2844.405500                   1.000000e+30                   3.000000e+10                      17.000000
                1438939.759147                    2844.405500                   1.000000e+30                   3.000000e+10                      17.000000
                1416497.349513                    2844.405500                   1.000000e+30                   3.000000e+10                      17.000000
                1394054.939879                    2844.405500                   1.000000e+30                   3.000000e+10                      17.000000
                1371612.530245                    2844.405500                   1.000000e+30                   3.000000e+10                      17.000000
                1349170.120611                    2844.405500                   1.000000e+30                   3.000000e+10                      17.000000
                1326727.710977                    2844.405500                   1.000000e+30                   3.000000e+10                      17.000000
                1304285.301342                    2844.405500                   1.000000e+30                   3.000000e+10                      17.000000
                1281842.891708                    2844.405500                   1.000000e+30                   3.000000e+10                      17.000000
                1259400.482074                    2844.405500                   1.000000e+30                   3.000000e+10                      17.000000
                1236958.072440                    2844.405500                   1.000000e+30                   3.000000e+10                      17.000000
                1214515.662806                    2844.405500                   1.000000e+30                   3.000000e+10                      17.000000
                1192073.253172                    2844.405500                   1.000000e+30                   3.000000e+10                      17.000000
                1169630.843538                    2844.405500                   1.000000e+30                   3.000000e+10                      17.000000
                1147188.433904                    2844.405500                   1.000000e+30                   3.000000e+10                      17.000000
                1124746.024270                    2844.405500                   1.000000e+30                   3.000000e+10                      17.000000
                1102303.614635                    2844.405500                   1.000000e+30                   3.000000e+10                      17.000000
                1079861.205001                    2844.405500                   1.000000e+30                   3.000000e+10                      17.000000
                1057418.795367                    2844.405500                   1.000000e+30                   3.000000e+10                      17.000000
                1034976.385733                    2844.405500                   1.000000e+30                   3.000000e+10                      17.000000
                1012533.976099                    2844.405500                   1.000000e+30                   3.000000e+10                      17.000000
                 990091.566465                    2844.405500                   1.000000e+30                   3.000000e+10                      17.000000
                 967649.156831                    2844.405500                   1.000000e+30                   3.000000e+10                      17.000000
                 945206.747197                    2844.405500                   1.000000e+30                   3.000000e+10                      17.000000
                 922764.337563                    2844.405500                   1.000000e+30                   3.000000e+10                      17.000000
                 900321.927928                    2844.405500                   1.000000e+30                   3.000000e+10                      17.000000
                 877879.518294                    2844.405500                   1.000000e+30                   3.000000e+10                      17.000000
                 855437.108660                    2844.405500                   1.000000e+30                   3.000000e+10                      17.000000
                 832994.699026                    2844.405500                   1.000000e+30                   3.000000e+10                      17.000000
                 810552.289392                    2844.405500                   1.000000e+30                   3.000000e+10                      17.000000
                 788109.879758                    2844.405500                   1.000000e+30                   3.000000e+10                      17.000000
                 765667.470124                    2844.405500                   1.000000e+30                   3.000000e+10                      17.000000
                 743225.060490                    2844.405500                   1.000000e+30                   3.000000e+10                      17.000000
                 720782.650855                    2844.405500                   1.000000e+30                   3.000000e+10                      17.000000
                 698340.241221                    2844.405500                   1.000000e+30                   3.000000e+10                      17.000000
                 675897.831587                    2844.405500                   1.000000e+30                   3.000000e+10                      17.000000
                 653455.421953                    2844.405500                   1.000000e+30                   3.000000e+10                      17.000000
                 631013.012319                    2844.405500                   1.000000e+30                   3.000000e+10                      17.000000
                 608570.602685                    2844.405500                   1.000000e+30                   3.000000e+10                      17.000000
                 586128.193051                    2844.405500                   1.000000e+30                   3.000000e+10                      17.000000
                 563685.783417                    2844.405500                   1.000000e+30                   3.000000e+10                      17.000000
                 541243.373783                    2844.405500                   1.000000e+30                   3.000000e+10                      17.000000
                 518800.964148                    2844.405500                   1.000000e+30                   3.000000e+10                      17.000000
                 496358.554514                    2844.405500                   1.000000e+30                   3.000000e+10                      17.000000
                 473916.144880                    2844.405500                   1.000000e+30                   3.000000e+10                      17.000000
                 451473.735246                    2844.405500                   1.000000e+30                   3.000000e+10                      17.000000
                 429031.325612                    2844.405500                   1.000000e+30                   3.000000e+10                      17.000000
                 406588.915978                    2844.405500                   1.000000e+30                   3.000000e+10                      17.000000
                 384146.506344                    2844.405500                   1.000000e+30                   3.000000e+10                      17.000000
                 361704.096710                    2844.405500                   1.000000e+30                   3.000000e+10                      17.000000
                 339261.687076                    2844.405500                   1.000000e+30                   3.000000e+10                      17.000000
                 316819.277441                    2844.405500                   1.000000e+30                   3.000000e+10                      17.000000
                 294376.867807                    2844.405500                   1.000000e+30                   3.000000e+10                      17.000000
                 271934.458173                    2844.405500                   1.000000e+30                   3.000000e+10                      17.000000
                 249492.048539                    2844.405500                   1.000000e+30                   3.000000e+10                      17.000000
                 227049.638905                    2844.405500                   1.000000e+30                   3.000000e+10                      17.000000
                 204607.229271                    2844.405500                   1.000000e+30                   3.000000e+10                      17.000000
                 182164.819637                    2844.405500                   1.000000e+30                   3.000000e+10                      17.000000
                 159722.410003                    2844.405500                   1.000000e+30                   3.000000e+10                      17.000000
                 137280.000369                    2844.405500                   1.000000e+30                   3.000000e+10                      17.000000
                 114837.590734                    2844.405500                   1.000000e+30                   3.000000e+10                      17.000000
                  92395.181100                    2844.405500                   1.000000e+30                   3.000000e+10                      17.000000
                  69952.771466                    2844.405500                   1.000000e+30                   3.000000e+10                      17.000000
                  47510.361832                    2844.405500                   1.000000e+30                   3.000000e+10                      17.000000
                  25067.952198                    2844.405500                   1.000000e+30                   3.000000e+10                      17.000000
                   2625.542564                    2844.405500                   1.000000e+30                   3.000000e+10                      17.000000
                 -19816.867070                    2844.405500                   1.000000e+30                   3.000000e+10                      17.000000
                 -42259.276704                    2844.405500                   1.000000e+30                   3.000000e+10                      17.000000
                 -64701.686338                    2844.405500                   1.000000e+30                   3.000000e+10                      17.000000
                 -87144.095973                    2844.405500                   1.000000e+30                   3.000000e+10                      17.000000
                -109586.505607                    2844.405500                   1.000000e+30                   3.000000e+10                      17.000000
                -132028.915241                    2844.405500                   1.000000e+30                   3.000000e+10                      17.000000
                -154471.324875                    2844.405500                   1.000000e+30                   3.000000e+10                      17.000000
                -176913.734509                    2844.405500                   1.000000e+30                   3.000000e+10                      17.000000
                -199356.144143                    2844.405500                   1.000000e+30                   3.000000e+10                      17.000000
                -221798.553777                    2844.405500                   1.000000e+30                   3.000000e+10                      17.000000
                -244240.963411                    2844.405500                   1.000000e+30                   3.000000e+10                      17.000000
                -266683.373046                    2844.405500                   1.000000e+30                   3.000000e+10                      17.000000
                -289125.782680                    2844.405500                   1.000000e+30                   3.000000e+10                      17.000000
                -311568.192314                    2844.405500                   1.000000e+30                   3.000000e+10                      17.000000
                -334010.601948                    2844.405500                   1.000000e+30                   3.000000e+10                      17.000000
                -356453.011582                    2844.405500                   1.000000e+30                   3.000000e+10                      17.000000
                -378895.421216                    2844.405500                   1.000000e+30                   3.000000e+10                      17.000000
                -401337.830850                    2844.405500                   1.000000e+30                   3.000000e+10                      17.000000
                -423780.240484                    2844.405500                   1.000000e+30                   3.000000e+10                      17.000000
                -446222.650118                    2844.405500                   1.000000e+30                   3.000000e+10                      17.000000
                -468665.059753                    2844.405500                   1.000000e+30                   3.000000e+10                      17.000000
                -491107.469387                    2844.405500                   1.000000e+30                   3.000000e+10                      17.000000
                -513549.879021                    2844.405500                   1.000000e+30                   3.000000e+10                      17.000000
                -535992.288655                    2844.405500                   1.000000e+30                   3.000000e+10                      17.000000
                -558434.698289                    2844.405500                   1.000000e+30                   3.000000e+10                      17.000000
                -580877.107923                    2844.405500                   1.000000e+30                   3.000000e+10                      17.000000
                -603319.517557                    2844.405500                   1.000000e+30                   3.000000e+10                      17.000000
                -625761.927191                    2844.405500                   1.000000e+30                   3.000000e+10                      17.000000
                -648204.336825                    2844.405500                   1.000000e+30                   3.000000e+10                      17.000000
                -670646.746460                    2844.405500                   1.000000e+30                   3.000000e+10                      17.000000
                -693089.156094                    2844.405500                   1.000000e+30                   3.000000e+10                      17.000000
                -715531.565728                    2844.405500                   1.000000e+30                   3.000000e+10                      17.000000
                -737973.975362                    2844.405500                   1.000000e+30                   3.000000e+10                      17.000000
                -760416.384996                    2844.405500                   1.000000e+30                   3.000000e+10                      17.000000
                -782858.794630                    2844.405500                   1.000000e+30                   3.000000e+10                      17.000000
                -805301.204264                    2844.405500                   1.000000e+30                   3.000000e+10                      17.000000
                -827743.613898                    2844.405500                   1.000000e+30                   3.000000e+10                      17.000000
                -850186.023532                    2844.405500                   1.000000e+30                   3.000000e+10                      17.000000
                -872628.433167                    2844.405500                   1.000000e+30                   3.000000e+10                      17.000000
                -895070.842801                    2844.405500                   1.000000e+30                   3.000000e+10                      17.000000
                -895070.842801                    3300.000000                   1.000000e+30                   5.000000e+10                      22.000000
                -888132.231616                    3300.000000                   1.000000e+30                   5.000000e+10                      22.000000
                -881193.620432                    3300.000000                   1.000000e+30                   5.000000e+10                      22.000000
                -874255.009247                    3300.000000                   1.000000e+30                   5.000000e+10                      22.000000
                -867316.398063                    3300.000000                   1.000000e+30                   5.000000e+10                      22.000000
                -860377.786878                    3300.000000                   1.000000e+30                   5.000000e+10                      22.000000
                -853439.175694                    3300.000000                   1.000000e+30                   5.000000e+10                      22.000000
                -846500.564509                    3300.000000                   1.000000e+30                   5.000000e+10                      22.000000
                -839561.953325                    3300.000000                   1.000000e+30                   5.000000e+10                      22.000000
                -832623.342140                    3300.000000                   1.000000e+30                   5.000000e+10                      22.000000
                -825684.730956                    3300.000000                   1.000000e+30                   5.000000e+10                      22.000000
                -818746.119771                    3300.000000                   1.000000e+30                   5.000000e+10                      22.000000
                -811807.508587                    3300.000000                   1.000000e+30                   5.000000e+10                      22.000000
                -804868.897402                    3300.000000                   1.000000e+30                   5.000000e+10                      22.000000
                -797930.286218                    3300.000000                   1.000000e+30                   5.000000e+10                      22.000000
                -790991.675033                    3300.000000                   1.000000e+30                   5.000000e+10                      22.000000
                -784053.063849                    3300.000000                   1.000000e+30                   5.000000e+10                      22.000000
                -777114.452664                    3300.000000                   1.000000e+30                   5.000000e+10                      22.000000
                -770175.841480                    3300.000000                   1.000000e+30                   5.000000e+10                      22.000000
                -763237.230295                    3300.000000                   1.000000e+30                   5.000000e+10                      22.000000
                -756298.619111                    3300.000000                   1.000000e+30                   5.000000e+10                      22.000000
                -749360.007926                    3300.000000                   1.000000e+30                   5.000000e+10                      22.000000
                -742421.396742                    3300.000000                   1.000000e+30                   5.000000e+10                      22.000000
                -735482.785557                    3300.000000                   1.000000e+30                   5.000000e+10                      22.000000
                -728544.174373                    3300.000000                   1.000000e+30                   5.000000e+10                      22.000000
                -721605.563188                    3300.000000                   1.000000e+30                   5.000000e+10                      22.000000
                -714666.952004                    3300.000000                   1.000000e+30                   5.000000e+10                      22.000000
                -707728.340819                    3300.000000                   1.000000e+30                   5.000000e+10                      22.000000
                -700789.729635                    3300.000000                   1.000000e+30                   5.000000e+10                      22.000000
                -693851.118450                    3300.000000                   1.000000e+30                   5.000000e+10                      22.000000
                -686912.507266                    3300.000000                   1.000000e+30                   5.000000e+10                      22.000000
                -679973.896081                    3300.000000                   1.000000e+30                   5.000000e+10                      22.000000
                -673035.284897                    3300.000000                   1.000000e+30                   5.000000e+10                      22.000000
                -666096.673712                    3300.000000                   1.000000e+30                   5.000000e+10                      22.000000
                -659158.062528                    3300.000000                   1.000000e+30                   5.000000e+10                      22.000000
                -652219.451343                    3300.000000                   1.000000e+30                   5.000000e+10                      22.000000
                -645280.840159                    3300.000000                   1.000000e+30                   5.000000e+10                      22.000000
                -638342.228974                    3300.000000                   1.000000e+30                   5.000000e+10                      22.000000
                -631403.617790                    3300.000000                   1.000000e+30                   5.000000e+10                      22.000000
                -624465.006605                    3300.000000                   1.000000e+30                   5.000000e+10                      22.000000
                -617526.395421                    3300.000000                   1.000000e+30                   5.000000e+10                      22.000000
                -610587.784236                    3300.000000                   1.000000e+30                   5.000000e+10                      22.000000
                -603649.173052                    3300.000000                   1.000000e+30                   5.000000e+10                      22.000000
                -596710.561867                    3300.000000                   1.000000e+30                   5.000000e+10                      22.000000
                -589771.950683                    3300.000000                   1.000000e+30                   5.000000e+10                      22.000000
                -582833.339498                    3300.000000                   1.000000e+30                   5.000000e+10                      22.000000
                -575894.728314                    3300.000000                   1.000000e+30                   5.000000e+10                      22.000000
                -568956.117129                    3300.000000                   1.000000e+30                   5.000000e+10                      22.000000
                -562017.505945                    3300.000000                   1.000000e+30                   5.000000e+10                      22.000000
                -555078.894760                    3300.000000                   1.000000e+30                   5.000000e+10                      22.000000
                -548140.283576                    3300.000000                   1.000000e+30                   5.000000e+10                      22.000000
                -541201.672391                    3300.000000                   1.000000e+30                   5.000000e+10                      22.000000
                -534263.061207                    3300.000000                   1.000000e+30                   5.000000e+10                      22.000000
                -527324.450022                    3300.000000                   1.000000e+30                   5.000000e+10                      22.000000
                -520385.838838                    3300.000000                   1.000000e+30                   5.000000e+10                      22.000000
                -513447.227653                    3300.000000                   1.000000e+30                   5.000000e+10                      22.000000
                -506508.616469                    3300.000000                   1.000000e+30                   5.000000e+10                      22.000000
                -499570.005284                    3300.000000                   1.000000e+30                   5.000000e+10                      22.000000
                -492631.394100                    3300.000000                   1.000000e+30                   5.000000e+10                      22.000000
                -485692.782915                    3300.000000                   1.000000e+30                   5.000000e+10                      22.000000
                -478754.171731                    3300.000000                   1.000000e+30                   5.000000e+10                      22.000000
                -471815.560546                    3300.000000                   1.000000e+30                   5.000000e+10                      22.000000
                -464876.949362                    3300.000000                   1.000000e+30                   5.000000e+10                      22.000000
                -457938.338177                    3300.000000                   1.000000e+30                   5.000000e+10                      22.000000
                -450999.726993                    3300.000000                   1.000000e+30                   5.000000e+10                      22.000000
                -444061.115808                    3300.000000                   1.000000e+30                   5.000000e+10                      22.000000
                -437122.504624                    3300.000000                   1.000000e+30                   5.000000e+10                      22.000000
                -430183.893439                    3300.000000                   1.000000e+30                   5.000000e+10                      22.000000
                -423245.282255                    3300.000000                   1.000000e+30                   5.000000e+10                      22.000000
                -416306.671070                    3300.000000                   1.000000e+30                   5.000000e+10                      22.000000
                -409368.059886                    3300.000000                   1.000000e+30                   5.000000e+10                      22.000000
                -402429.448701                    3300.000000                   1.000000e+30                   5.000000e+10                      22.000000
                -395490.837517                    3300.000000                   1.000000e+30                   5.000000e+10                      22.000000
                -388552.226332                    3300.000000                   1.000000e+30                   5.000000e+10                      22.000000
                -381613.615148                    3300.000000                   1.000000e+30                   5.000000e+10                      22.000000
                -374675.003963                    3300.000000                   1.000000e+30                   5.000000e+10                      22.000000
                -367736.392779                    3300.000000                   1.000000e+30                   5.000000e+10                      22.000000
                -360797.781594                    3300.000000                   1.000000e+30                   5.000000e+10                      22.000000
                -353859.170410                    3300.000000                   1.000000e+30                   5.000000e+10                      22.000000
                -346920.559225                    3300.000000                   1.000000e+30                   5.000000e+10                      22.000000
                -339981.948041                    3300.000000                   1.000000e+30                   5.000000e+10                      22.000000
                -333043.336856                    3300.000000                   1.000000e+30                   5.000000e+10                      22.000000
                -326104.725672                    3300.000000                   1.000000e+30                   5.000000e+10                      22.000000
                -319166.114487                    3300.000000                   1.000000e+30                   5.000000e+10                      22.000000
                -312227.503303                    3300.000000                   1.000000e+30                   5.000000e+10                      22.000000
                -305288.892118                    3300.000000                   1.000000e+30                   5.000000e+10                      22.000000
                -298350.280934                    3300.000000                   1.000000e+30                   5.000000e+10                      22.000000
                -291411.669749                    3300.000000                   1.000000e+30                   5.000000e+10                      22.000000
                -284473.058565                    3300.000000                   1.000000e+30                   5.000000e+10                      22.000000
                -277534.447380                    3300.000000                   1.000000e+30                   5.000000e+10                      22.000000
                -270595.836196                    3300.000000                   1.000000e+30                   5.000000e+10                      22.000000
                -263657.225011                    3300.000000                   1.000000e+30                   5.000000e+10                      22.000000
                -256718.613827                    3300.000000                   1.000000e+30                   5.000000e+10                      22.000000
                -249780.002642                    3300.000000                   1.000000e+30                   5.000000e+10                      22.000000
                -242841.391458                    3300.000000                   1.000000e+30                   5.000000e+10                      22.000000
                -235902.780273                    3300.000000                   1.000000e+30                   5.000000e+10                      22.000000
                -228964.169089                    3300.000000                   1.000000e+30                   5.000000e+10                      22.000000
                -222025.557904                    3300.000000                   1.000000e+30                   5.000000e+10                      22.000000
                -215086.946720                    3300.000000                   1.000000e+30                   5.000000e+10                      22.000000
                -208148.335535                    3300.000000                   1.000000e+30                   5.000000e+10                      22.000000
                -201209.724351                    3300.000000                   1.000000e+30                   5.000000e+10                      22.000000
                -194271.113166                    3300.000000                   1.000000e+30                   5.000000e+10                      22.000000
                -187332.501982                    3300.000000                   1.000000e+30                   5.000000e+10                      22.000000
                -180393.890797                    3300.000000                   1.000000e+30                   5.000000e+10                      22.000000
                -173455.279613                    3300.000000                   1.000000e+30                   5.000000e+10                      22.000000
                -166516.668428                    3300.000000                   1.000000e+30                   5.000000e+10                      22.000000
                -159578.057244                    3300.000000                   1.000000e+30                   5.000000e+10                      22.000000
                -152639.446059                    3300.000000                   1.000000e+30                   5.000000e+10                      22.000000
                -145700.834875                    3300.000000                   1.000000e+30                   5.000000e+10                      22.000000
                -138762.223690                    3300.000000                   1.000000e+30                   5.000000e+10                      22.000000
                -131823.612506                    3300.000000                   1.000000e+30                   5.000000e+10                      22.000000
                -124885.001321                    3300.000000                   1.000000e+30                   5.000000e+10                      22.000000
                -117946.390137                    3300.000000                   1.000000e+30                   5.000000e+10                      22.000000
                -111007.778952                    3300.000000                   1.000000e+30                   5.000000e+10                      22.000000
                -104069.167768                    3300.000000                   1.000000e+30                   5.000000e+10                      22.000000
                 -97130.556583                    3300.000000                   1.000000e+30                   5.000000e+10                      22.000000
                 -90191.945399                    3300.000000                   1.000000e+30                   5.000000e+10                      22.000000
                 -83253.334214                    3300.000000                   1.000000e+30                   5.000000e+10                      22.000000
                 -76314.723030                    3300.000000                   1.000000e+30                   5.000000e+10                      22.000000
                 -69376.111845                    3300.000000                   1.000000e+30                   5.000000e+10                      22.000000
                 -62437.500661                    3300.000000                   1.000000e+30                   5.000000e+10                      22.000000
                 -55498.889476                    3300.000000                   1.000000e+30                   5.000000e+10                      22.000000
                 -48560.278292                    3300.000000                   1.000000e+30                   5.000000e+10                      22.000000
                 -41621.667107                    3300.000000                   1.000000e+30                   5.000000e+10                      22.000000
                 -34683.055923                    3300.000000                   1.000000e+30                   5.000000e+10                      22.000000
                 -27744.444738                    3300.000000                   1.000000e+30                   5.000000e+10                      22.000000
                 -20805.833554                    3300.000000                   1.000000e+30                   5.000000e+10                      22.000000
                 -13867.222369                    3300.000000                   1.000000e+30                   5.000000e+10                      22.000000
                  -6928.611185                    3300.000000                   1.000000e+30                   5.000000e+10                      22.000000
                     10.000000                    3300.000000                   1.000000e+30                   5.000000e+10                      22.000000
