                   #Radius (m)               Density (kg/m^3)              Bulk modulus (Pa)             Shear modulus (Pa)               Viscosity (Pa.s)
                2575000.000000                     930.000000                   1.000000e+30                   3.500000e+09                      24.000000
                2574999.710145                     930.000000                   1.000000e+30                   3.500000e+09                      24.000000
                2574999.420290                     930.000000                   1.000000e+30                   3.500000e+09                      24.000000
                2574999.130435                     930.000000                   1.000000e+30                   3.500000e+09                      24.000000
                2574998.840580                     930.000000                   1.000000e+30                   3.500000e+09                      24.000000
                2574998.550725                     930.000000                   1.000000e+30                   3.500000e+09                      24.000000
                2574998.260870                     930.000000                   1.000000e+30                   3.500000e+09                      24.000000
                2574997.971014                     930.000000                   1.000000e+30                   3.500000e+09                      24.000000
                2574997.681159                     930.000000                   1.000000e+30                   3.500000e+09                      24.000000
                2574997.391304                     930.000000                   1.000000e+30                   3.500000e+09                      24.000000
                2574997.101449                     930.000000                   1.000000e+30                   3.500000e+09                      24.000000
                2574996.811594                     930.000000                   1.000000e+30                   3.500000e+09                      24.000000
                2574996.521739                     930.000000                   1.000000e+30                   3.500000e+09                      24.000000
                2574996.231884                     930.000000                   1.000000e+30                   3.500000e+09                      24.000000
                2574995.942029                     930.000000                   1.000000e+30                   3.500000e+09                      24.000000
                2574995.652174                     930.000000                   1.000000e+30                   3.500000e+09                      24.000000
                2574995.362319                     930.000000                   1.000000e+30                   3.500000e+09                      24.000000
                2574995.072464                     930.000000                   1.000000e+30                   3.500000e+09                      24.000000
                2574994.782609                     930.000000                   1.000000e+30                   3.500000e+09                      24.000000
                2574994.492754                     930.000000                   1.000000e+30                   3.500000e+09                      24.000000
                2574994.202899                     930.000000                   1.000000e+30                   3.500000e+09                      24.000000
                2574993.913043                     930.000000                   1.000000e+30                   3.500000e+09                      24.000000
                2574993.623188                     930.000000                   1.000000e+30                   3.500000e+09                      24.000000
                2574993.333333                     930.000000                   1.000000e+30                   3.500000e+09                      24.000000
                2574993.043478                     930.000000                   1.000000e+30                   3.500000e+09                      24.000000
                2574992.753623                     930.000000                   1.000000e+30                   3.500000e+09                      24.000000
                2574992.463768                     930.000000                   1.000000e+30                   3.500000e+09                      24.000000
                2574992.173913                     930.000000                   1.000000e+30                   3.500000e+09                      24.000000
                2574991.884058                     930.000000                   1.000000e+30                   3.500000e+09                      24.000000
                2574991.594203                     930.000000                   1.000000e+30                   3.500000e+09                      24.000000
                2574991.304348                     930.000000                   1.000000e+30                   3.500000e+09                      24.000000
                2574991.014493                     930.000000                   1.000000e+30                   3.500000e+09                      24.000000
                2574990.724638                     930.000000                   1.000000e+30                   3.500000e+09                      24.000000
                2574990.434783                     930.000000                   1.000000e+30                   3.500000e+09                      24.000000
                2574990.144928                     930.000000                   1.000000e+30                   3.500000e+09                      24.000000
                2574989.855072                     930.000000                   1.000000e+30                   3.500000e+09                      24.000000
                2574989.565217                     930.000000                   1.000000e+30                   3.500000e+09                      24.000000
                2574989.275362                     930.000000                   1.000000e+30                   3.500000e+09                      24.000000
                2574988.985507                     930.000000                   1.000000e+30                   3.500000e+09                      24.000000
                2574988.695652                     930.000000                   1.000000e+30                   3.500000e+09                      24.000000
                2574988.405797                     930.000000                   1.000000e+30                   3.500000e+09                      24.000000
                2574988.115942                     930.000000                   1.000000e+30                   3.500000e+09                      24.000000
                2574987.826087                     930.000000                   1.000000e+30                   3.500000e+09                      24.000000
                2574987.536232                     930.000000                   1.000000e+30                   3.500000e+09                      24.000000
                2574987.246377                     930.000000                   1.000000e+30                   3.500000e+09                      24.000000
                2574986.956522                     930.000000                   1.000000e+30                   3.500000e+09                      24.000000
                2574986.666667                     930.000000                   1.000000e+30                   3.500000e+09                      24.000000
                2574986.376812                     930.000000                   1.000000e+30                   3.500000e+09                      24.000000
                2574986.086957                     930.000000                   1.000000e+30                   3.500000e+09                      24.000000
                2574985.797101                     930.000000                   1.000000e+30                   3.500000e+09                      24.000000
                2574985.507246                     930.000000                   1.000000e+30                   3.500000e+09                      24.000000
                2574985.217391                     930.000000                   1.000000e+30                   3.500000e+09                      24.000000
                2574984.927536                     930.000000                   1.000000e+30                   3.500000e+09                      24.000000
                2574984.637681                     930.000000                   1.000000e+30                   3.500000e+09                      24.000000
                2574984.347826                     930.000000                   1.000000e+30                   3.500000e+09                      24.000000
                2574984.057971                     930.000000                   1.000000e+30                   3.500000e+09                      24.000000
                2574983.768116                     930.000000                   1.000000e+30                   3.500000e+09                      24.000000
                2574983.478261                     930.000000                   1.000000e+30                   3.500000e+09                      24.000000
                2574983.188406                     930.000000                   1.000000e+30                   3.500000e+09                      24.000000
                2574982.898551                     930.000000                   1.000000e+30                   3.500000e+09                      24.000000
                2574982.608696                     930.000000                   1.000000e+30                   3.500000e+09                      24.000000
                2574982.318841                     930.000000                   1.000000e+30                   3.500000e+09                      24.000000
                2574982.028986                     930.000000                   1.000000e+30                   3.500000e+09                      24.000000
                2574981.739130                     930.000000                   1.000000e+30                   3.500000e+09                      24.000000
                2574981.449275                     930.000000                   1.000000e+30                   3.500000e+09                      24.000000
                2574981.159420                     930.000000                   1.000000e+30                   3.500000e+09                      24.000000
                2574980.869565                     930.000000                   1.000000e+30                   3.500000e+09                      24.000000
                2574980.579710                     930.000000                   1.000000e+30                   3.500000e+09                      24.000000
                2574980.289855                     930.000000                   1.000000e+30                   3.500000e+09                      24.000000
                2574980.000000                     930.000000                   1.000000e+30                   3.500000e+09                      24.000000
                2574980.000000                     930.000000                   1.000000e+30                   3.500000e+09                      15.000000
                2573685.581395                     930.000000                   1.000000e+30                   3.500000e+09                      15.000000
                2572391.162791                     930.000000                   1.000000e+30                   3.500000e+09                      15.000000
                2571096.744186                     930.000000                   1.000000e+30                   3.500000e+09                      15.000000
                2569802.325581                     930.000000                   1.000000e+30                   3.500000e+09                      15.000000
                2568507.906977                     930.000000                   1.000000e+30                   3.500000e+09                      15.000000
                2567213.488372                     930.000000                   1.000000e+30                   3.500000e+09                      15.000000
                2565919.069767                     930.000000                   1.000000e+30                   3.500000e+09                      15.000000
                2564624.651163                     930.000000                   1.000000e+30                   3.500000e+09                      15.000000
                2563330.232558                     930.000000                   1.000000e+30                   3.500000e+09                      15.000000
                2562035.813953                     930.000000                   1.000000e+30                   3.500000e+09                      15.000000
                2560741.395349                     930.000000                   1.000000e+30                   3.500000e+09                      15.000000
                2559446.976744                     930.000000                   1.000000e+30                   3.500000e+09                      15.000000
                2558152.558140                     930.000000                   1.000000e+30                   3.500000e+09                      15.000000
                2556858.139535                     930.000000                   1.000000e+30                   3.500000e+09                      15.000000
                2555563.720930                     930.000000                   1.000000e+30                   3.500000e+09                      15.000000
                2554269.302326                     930.000000                   1.000000e+30                   3.500000e+09                      15.000000
                2552974.883721                     930.000000                   1.000000e+30                   3.500000e+09                      15.000000
                2551680.465116                     930.000000                   1.000000e+30                   3.500000e+09                      15.000000
                2550386.046512                     930.000000                   1.000000e+30                   3.500000e+09                      15.000000
                2549091.627907                     930.000000                   1.000000e+30                   3.500000e+09                      15.000000
                2547797.209302                     930.000000                   1.000000e+30                   3.500000e+09                      15.000000
                2546502.790698                     930.000000                   1.000000e+30                   3.500000e+09                      15.000000
                2545208.372093                     930.000000                   1.000000e+30                   3.500000e+09                      15.000000
                2543913.953488                     930.000000                   1.000000e+30                   3.500000e+09                      15.000000
                2542619.534884                     930.000000                   1.000000e+30                   3.500000e+09                      15.000000
                2541325.116279                     930.000000                   1.000000e+30                   3.500000e+09                      15.000000
                2540030.697674                     930.000000                   1.000000e+30                   3.500000e+09                      15.000000
                2538736.279070                     930.000000                   1.000000e+30                   3.500000e+09                      15.000000
                2537441.860465                     930.000000                   1.000000e+30                   3.500000e+09                      15.000000
                2536147.441860                     930.000000                   1.000000e+30                   3.500000e+09                      15.000000
                2534853.023256                     930.000000                   1.000000e+30                   3.500000e+09                      15.000000
                2533558.604651                     930.000000                   1.000000e+30                   3.500000e+09                      15.000000
                2532264.186047                     930.000000                   1.000000e+30                   3.500000e+09                      15.000000
                2530969.767442                     930.000000                   1.000000e+30                   3.500000e+09                      15.000000
                2529675.348837                     930.000000                   1.000000e+30                   3.500000e+09                      15.000000
                2528380.930233                     930.000000                   1.000000e+30                   3.500000e+09                      15.000000
                2527086.511628                     930.000000                   1.000000e+30                   3.500000e+09                      15.000000
                2525792.093023                     930.000000                   1.000000e+30                   3.500000e+09                      15.000000
                2524497.674419                     930.000000                   1.000000e+30                   3.500000e+09                      15.000000
                2523203.255814                     930.000000                   1.000000e+30                   3.500000e+09                      15.000000
                2521908.837209                     930.000000                   1.000000e+30                   3.500000e+09                      15.000000
                2520614.418605                     930.000000                   1.000000e+30                   3.500000e+09                      15.000000
                2519320.000000                     930.000000                   1.000000e+30                   3.500000e+09                      15.000000
                2518025.581395                     930.000000                   1.000000e+30                   3.500000e+09                      15.000000
                2516731.162791                     930.000000                   1.000000e+30                   3.500000e+09                      15.000000
                2515436.744186                     930.000000                   1.000000e+30                   3.500000e+09                      15.000000
                2514142.325581                     930.000000                   1.000000e+30                   3.500000e+09                      15.000000
                2512847.906977                     930.000000                   1.000000e+30                   3.500000e+09                      15.000000
                2511553.488372                     930.000000                   1.000000e+30                   3.500000e+09                      15.000000
                2510259.069767                     930.000000                   1.000000e+30                   3.500000e+09                      15.000000
                2508964.651163                     930.000000                   1.000000e+30                   3.500000e+09                      15.000000
                2507670.232558                     930.000000                   1.000000e+30                   3.500000e+09                      15.000000
                2506375.813953                     930.000000                   1.000000e+30                   3.500000e+09                      15.000000
                2505081.395349                     930.000000                   1.000000e+30                   3.500000e+09                      15.000000
                2503786.976744                     930.000000                   1.000000e+30                   3.500000e+09                      15.000000
                2502492.558140                     930.000000                   1.000000e+30                   3.500000e+09                      15.000000
                2501198.139535                     930.000000                   1.000000e+30                   3.500000e+09                      15.000000
                2499903.720930                     930.000000                   1.000000e+30                   3.500000e+09                      15.000000
                2498609.302326                     930.000000                   1.000000e+30                   3.500000e+09                      15.000000
                2497314.883721                     930.000000                   1.000000e+30                   3.500000e+09                      15.000000
                2496020.465116                     930.000000                   1.000000e+30                   3.500000e+09                      15.000000
                2494726.046512                     930.000000                   1.000000e+30                   3.500000e+09                      15.000000
                2493431.627907                     930.000000                   1.000000e+30                   3.500000e+09                      15.000000
                2492137.209302                     930.000000                   1.000000e+30                   3.500000e+09                      15.000000
                2490842.790698                     930.000000                   1.000000e+30                   3.500000e+09                      15.000000
                2489548.372093                     930.000000                   1.000000e+30                   3.500000e+09                      15.000000
                2488253.953488                     930.000000                   1.000000e+30                   3.500000e+09                      15.000000
                2486959.534884                     930.000000                   1.000000e+30                   3.500000e+09                      15.000000
                2485665.116279                     930.000000                   1.000000e+30                   3.500000e+09                      15.000000
                2484370.697674                     930.000000                   1.000000e+30                   3.500000e+09                      15.000000
                2483076.279070                     930.000000                   1.000000e+30                   3.500000e+09                      15.000000
                2481781.860465                     930.000000                   1.000000e+30                   3.500000e+09                      15.000000
                2480487.441860                     930.000000                   1.000000e+30                   3.500000e+09                      15.000000
                2479193.023256                     930.000000                   1.000000e+30                   3.500000e+09                      15.000000
                2477898.604651                     930.000000                   1.000000e+30                   3.500000e+09                      15.000000
                2476604.186047                     930.000000                   1.000000e+30                   3.500000e+09                      15.000000
                2475309.767442                     930.000000                   1.000000e+30                   3.500000e+09                      15.000000
                2474015.348837                     930.000000                   1.000000e+30                   3.500000e+09                      15.000000
                2472720.930233                     930.000000                   1.000000e+30                   3.500000e+09                      15.000000
                2471426.511628                     930.000000                   1.000000e+30                   3.500000e+09                      15.000000
                2470132.093023                     930.000000                   1.000000e+30                   3.500000e+09                      15.000000
                2468837.674419                     930.000000                   1.000000e+30                   3.500000e+09                      15.000000
                2467543.255814                     930.000000                   1.000000e+30                   3.500000e+09                      15.000000
                2466248.837209                     930.000000                   1.000000e+30                   3.500000e+09                      15.000000
                2464954.418605                     930.000000                   1.000000e+30                   3.500000e+09                      15.000000
                2463660.000000                     930.000000                   1.000000e+30                   3.500000e+09                      15.000000
                2462365.581395                     930.000000                   1.000000e+30                   3.500000e+09                      15.000000
                2461071.162791                     930.000000                   1.000000e+30                   3.500000e+09                      15.000000
                2459776.744186                     930.000000                   1.000000e+30                   3.500000e+09                      15.000000
                2458482.325581                     930.000000                   1.000000e+30                   3.500000e+09                      15.000000
                2457187.906977                     930.000000                   1.000000e+30                   3.500000e+09                      15.000000
                2455893.488372                     930.000000                   1.000000e+30                   3.500000e+09                      15.000000
                2454599.069767                     930.000000                   1.000000e+30                   3.500000e+09                      15.000000
                2453304.651163                     930.000000                   1.000000e+30                   3.500000e+09                      15.000000
                2452010.232558                     930.000000                   1.000000e+30                   3.500000e+09                      15.000000
                2450715.813953                     930.000000                   1.000000e+30                   3.500000e+09                      15.000000
                2449421.395349                     930.000000                   1.000000e+30                   3.500000e+09                      15.000000
                2448126.976744                     930.000000                   1.000000e+30                   3.500000e+09                      15.000000
                2446832.558140                     930.000000                   1.000000e+30                   3.500000e+09                      15.000000
                2445538.139535                     930.000000                   1.000000e+30                   3.500000e+09                      15.000000
                2444243.720930                     930.000000                   1.000000e+30                   3.500000e+09                      15.000000
                2442949.302326                     930.000000                   1.000000e+30                   3.500000e+09                      15.000000
                2441654.883721                     930.000000                   1.000000e+30                   3.500000e+09                      15.000000
                2440360.465116                     930.000000                   1.000000e+30                   3.500000e+09                      15.000000
                2439066.046512                     930.000000                   1.000000e+30                   3.500000e+09                      15.000000
                2437771.627907                     930.000000                   1.000000e+30                   3.500000e+09                      15.000000
                2436477.209302                     930.000000                   1.000000e+30                   3.500000e+09                      15.000000
                2435182.790698                     930.000000                   1.000000e+30                   3.500000e+09                      15.000000
                2433888.372093                     930.000000                   1.000000e+30                   3.500000e+09                      15.000000
                2432593.953488                     930.000000                   1.000000e+30                   3.500000e+09                      15.000000
                2431299.534884                     930.000000                   1.000000e+30                   3.500000e+09                      15.000000
                2430005.116279                     930.000000                   1.000000e+30                   3.500000e+09                      15.000000
                2428710.697674                     930.000000                   1.000000e+30                   3.500000e+09                      15.000000
                2427416.279070                     930.000000                   1.000000e+30                   3.500000e+09                      15.000000
                2426121.860465                     930.000000                   1.000000e+30                   3.500000e+09                      15.000000
                2424827.441860                     930.000000                   1.000000e+30                   3.500000e+09                      15.000000
                2423533.023256                     930.000000                   1.000000e+30                   3.500000e+09                      15.000000
                2422238.604651                     930.000000                   1.000000e+30                   3.500000e+09                      15.000000
                2420944.186047                     930.000000                   1.000000e+30                   3.500000e+09                      15.000000
                2419649.767442                     930.000000                   1.000000e+30                   3.500000e+09                      15.000000
                2418355.348837                     930.000000                   1.000000e+30                   3.500000e+09                      15.000000
                2417060.930233                     930.000000                   1.000000e+30                   3.500000e+09                      15.000000
                2415766.511628                     930.000000                   1.000000e+30                   3.500000e+09                      15.000000
                2414472.093023                     930.000000                   1.000000e+30                   3.500000e+09                      15.000000
                2413177.674419                     930.000000                   1.000000e+30                   3.500000e+09                      15.000000
                2411883.255814                     930.000000                   1.000000e+30                   3.500000e+09                      15.000000
                2410588.837209                     930.000000                   1.000000e+30                   3.500000e+09                      15.000000
                2409294.418605                     930.000000                   1.000000e+30                   3.500000e+09                      15.000000
                2408000.000000                     930.000000                   1.000000e+30                   3.500000e+09                      15.000000
                2408000.000000                    1100.000000                   1.000000e+30                   0.000000e+00                       2.000000
                2407996.969428                    1100.000000                   1.000000e+30                   0.000000e+00                       2.000000
                2407991.583409                    1100.000000                   1.000000e+30                   0.000000e+00                       2.000000
                2407983.508374                    1100.000000                   1.000000e+30                   0.000000e+00                       2.000000
                2407972.749111                    1100.000000                   1.000000e+30                   0.000000e+00                       2.000000
                2407959.312001                    1100.000000                   1.000000e+30                   0.000000e+00                       2.000000
                2407943.205014                    1100.000000                   1.000000e+30                   0.000000e+00                       2.000000
                2407924.437702                    1100.000000                   1.000000e+30                   0.000000e+00                       2.000000
                2407903.021195                    1100.000000                   1.000000e+30                   0.000000e+00                       2.000000
                2407878.968194                    1100.000000                   1.000000e+30                   0.000000e+00                       2.000000
                2407852.292964                    1100.000000                   1.000000e+30                   0.000000e+00                       2.000000
                2407823.011326                    1100.000000                   1.000000e+30                   0.000000e+00                       2.000000
                2407791.140644                    1100.000000                   1.000000e+30                   0.000000e+00                       2.000000
                2407756.699821                    1100.000000                   1.000000e+30                   0.000000e+00                       2.000000
                2407719.709281                    1100.000000                   1.000000e+30                   0.000000e+00                       2.000000
                2407680.190962                    1100.000000                   1.000000e+30                   0.000000e+00                       2.000000
                2407638.168302                    1100.000000                   1.000000e+30                   0.000000e+00                       2.000000
                2407593.666222                    1100.000000                   1.000000e+30                   0.000000e+00                       2.000000
                2407546.711114                    1100.000000                   1.000000e+30                   0.000000e+00                       2.000000
                2407497.330825                    1100.000000                   1.000000e+30                   0.000000e+00                       2.000000
                2407445.554642                    1100.000000                   1.000000e+30                   0.000000e+00                       2.000000
                2407391.413270                    1100.000000                   1.000000e+30                   0.000000e+00                       2.000000
                2407334.938819                    1100.000000                   1.000000e+30                   0.000000e+00                       2.000000
                2407276.164782                    1100.000000                   1.000000e+30                   0.000000e+00                       2.000000
                2407215.126014                    1100.000000                   1.000000e+30                   0.000000e+00                       2.000000
                2407151.858716                    1100.000000                   1.000000e+30                   0.000000e+00                       2.000000
                2407086.400409                    1100.000000                   1.000000e+30                   0.000000e+00                       2.000000
                2407018.789913                    1100.000000                   1.000000e+30                   0.000000e+00                       2.000000
                2406949.067326                    1100.000000                   1.000000e+30                   0.000000e+00                       2.000000
                2406877.273998                    1100.000000                   1.000000e+30                   0.000000e+00                       2.000000
                2406803.452506                    1100.000000                   1.000000e+30                   0.000000e+00                       2.000000
                2406727.646631                    1100.000000                   1.000000e+30                   0.000000e+00                       2.000000
                2406649.901330                    1100.000000                   1.000000e+30                   0.000000e+00                       2.000000
                2406570.262711                    1100.000000                   1.000000e+30                   0.000000e+00                       2.000000
                2406488.778004                    1100.000000                   1.000000e+30                   0.000000e+00                       2.000000
                2406405.495535                    1100.000000                   1.000000e+30                   0.000000e+00                       2.000000
                2406320.464696                    1100.000000                   1.000000e+30                   0.000000e+00                       2.000000
                2406233.735914                    1100.000000                   1.000000e+30                   0.000000e+00                       2.000000
                2406145.360625                    1100.000000                   1.000000e+30                   0.000000e+00                       2.000000
                2406055.391242                    1100.000000                   1.000000e+30                   0.000000e+00                       2.000000
                2405963.881120                    1100.000000                   1.000000e+30                   0.000000e+00                       2.000000
                2405870.884532                    1100.000000                   1.000000e+30                   0.000000e+00                       2.000000
                2405776.456630                    1100.000000                   1.000000e+30                   0.000000e+00                       2.000000
                2405680.653415                    1100.000000                   1.000000e+30                   0.000000e+00                       2.000000
                2405583.531705                    1100.000000                   1.000000e+30                   0.000000e+00                       2.000000
                2405485.149097                    1100.000000                   1.000000e+30                   0.000000e+00                       2.000000
                2405385.563941                    1100.000000                   1.000000e+30                   0.000000e+00                       2.000000
                2405284.835294                    1100.000000                   1.000000e+30                   0.000000e+00                       2.000000
                2405183.022896                    1100.000000                   1.000000e+30                   0.000000e+00                       2.000000
                2405080.187127                    1100.000000                   1.000000e+30                   0.000000e+00                       2.000000
                2404976.388975                    1100.000000                   1.000000e+30                   0.000000e+00                       2.000000
                2404871.689999                    1100.000000                   1.000000e+30                   0.000000e+00                       2.000000
                2404766.152292                    1100.000000                   1.000000e+30                   0.000000e+00                       2.000000
                2404659.838443                    1100.000000                   1.000000e+30                   0.000000e+00                       2.000000
                2404552.811503                    1100.000000                   1.000000e+30                   0.000000e+00                       2.000000
                2404445.134947                    1100.000000                   1.000000e+30                   0.000000e+00                       2.000000
                2404336.872631                    1100.000000                   1.000000e+30                   0.000000e+00                       2.000000
                2404228.088763                    1100.000000                   1.000000e+30                   0.000000e+00                       2.000000
                2404118.847858                    1100.000000                   1.000000e+30                   0.000000e+00                       2.000000
                2404009.214702                    1100.000000                   1.000000e+30                   0.000000e+00                       2.000000
                2403899.254314                    1100.000000                   1.000000e+30                   0.000000e+00                       2.000000
                2403789.031908                    1100.000000                   1.000000e+30                   0.000000e+00                       2.000000
                2403678.612852                    1100.000000                   1.000000e+30                   0.000000e+00                       2.000000
                2403568.062631                    1100.000000                   1.000000e+30                   0.000000e+00                       2.000000
                2403457.446809                    1100.000000                   1.000000e+30                   0.000000e+00                       2.000000
                2403346.830986                    1100.000000                   1.000000e+30                   0.000000e+00                       2.000000
                2403236.280765                    1100.000000                   1.000000e+30                   0.000000e+00                       2.000000
                2403125.861709                    1100.000000                   1.000000e+30                   0.000000e+00                       2.000000
                2403015.639303                    1100.000000                   1.000000e+30                   0.000000e+00                       2.000000
                2402905.678915                    1100.000000                   1.000000e+30                   0.000000e+00                       2.000000
                2402796.045759                    1100.000000                   1.000000e+30                   0.000000e+00                       2.000000
                2402686.804854                    1100.000000                   1.000000e+30                   0.000000e+00                       2.000000
                2402578.020986                    1100.000000                   1.000000e+30                   0.000000e+00                       2.000000
                2402469.758670                    1100.000000                   1.000000e+30                   0.000000e+00                       2.000000
                2402362.082114                    1100.000000                   1.000000e+30                   0.000000e+00                       2.000000
                2402255.055174                    1100.000000                   1.000000e+30                   0.000000e+00                       2.000000
                2402148.741325                    1100.000000                   1.000000e+30                   0.000000e+00                       2.000000
                2402043.203618                    1100.000000                   1.000000e+30                   0.000000e+00                       2.000000
                2401938.504642                    1100.000000                   1.000000e+30                   0.000000e+00                       2.000000
                2401834.706490                    1100.000000                   1.000000e+30                   0.000000e+00                       2.000000
                2401731.870721                    1100.000000                   1.000000e+30                   0.000000e+00                       2.000000
                2401630.058323                    1100.000000                   1.000000e+30                   0.000000e+00                       2.000000
                2401529.329676                    1100.000000                   1.000000e+30                   0.000000e+00                       2.000000
                2401429.744520                    1100.000000                   1.000000e+30                   0.000000e+00                       2.000000
                2401331.361912                    1100.000000                   1.000000e+30                   0.000000e+00                       2.000000
                2401234.240202                    1100.000000                   1.000000e+30                   0.000000e+00                       2.000000
                2401138.436987                    1100.000000                   1.000000e+30                   0.000000e+00                       2.000000
                2401044.009085                    1100.000000                   1.000000e+30                   0.000000e+00                       2.000000
                2400951.012497                    1100.000000                   1.000000e+30                   0.000000e+00                       2.000000
                2400859.502375                    1100.000000                   1.000000e+30                   0.000000e+00                       2.000000
                2400769.532992                    1100.000000                   1.000000e+30                   0.000000e+00                       2.000000
                2400681.157703                    1100.000000                   1.000000e+30                   0.000000e+00                       2.000000
                2400594.428921                    1100.000000                   1.000000e+30                   0.000000e+00                       2.000000
                2400509.398082                    1100.000000                   1.000000e+30                   0.000000e+00                       2.000000
                2400426.115613                    1100.000000                   1.000000e+30                   0.000000e+00                       2.000000
                2400344.630906                    1100.000000                   1.000000e+30                   0.000000e+00                       2.000000
                2400264.992287                    1100.000000                   1.000000e+30                   0.000000e+00                       2.000000
                2400187.246986                    1100.000000                   1.000000e+30                   0.000000e+00                       2.000000
                2400111.441111                    1100.000000                   1.000000e+30                   0.000000e+00                       2.000000
                2400037.619619                    1100.000000                   1.000000e+30                   0.000000e+00                       2.000000
                2399965.826291                    1100.000000                   1.000000e+30                   0.000000e+00                       2.000000
                2399896.103704                    1100.000000                   1.000000e+30                   0.000000e+00                       2.000000
                2399828.493208                    1100.000000                   1.000000e+30                   0.000000e+00                       2.000000
                2399763.034901                    1100.000000                   1.000000e+30                   0.000000e+00                       2.000000
                2399699.767603                    1100.000000                   1.000000e+30                   0.000000e+00                       2.000000
                2399638.728835                    1100.000000                   1.000000e+30                   0.000000e+00                       2.000000
                2399579.954798                    1100.000000                   1.000000e+30                   0.000000e+00                       2.000000
                2399523.480347                    1100.000000                   1.000000e+30                   0.000000e+00                       2.000000
                2399469.338975                    1100.000000                   1.000000e+30                   0.000000e+00                       2.000000
                2399417.562792                    1100.000000                   1.000000e+30                   0.000000e+00                       2.000000
                2399368.182503                    1100.000000                   1.000000e+30                   0.000000e+00                       2.000000
                2399321.227395                    1100.000000                   1.000000e+30                   0.000000e+00                       2.000000
                2399276.725315                    1100.000000                   1.000000e+30                   0.000000e+00                       2.000000
                2399234.702655                    1100.000000                   1.000000e+30                   0.000000e+00                       2.000000
                2399195.184336                    1100.000000                   1.000000e+30                   0.000000e+00                       2.000000
                2399158.193796                    1100.000000                   1.000000e+30                   0.000000e+00                       2.000000
                2399123.752973                    1100.000000                   1.000000e+30                   0.000000e+00                       2.000000
                2399091.882291                    1100.000000                   1.000000e+30                   0.000000e+00                       2.000000
                2399062.600653                    1100.000000                   1.000000e+30                   0.000000e+00                       2.000000
                2399035.925423                    1100.000000                   1.000000e+30                   0.000000e+00                       2.000000
                2399011.872422                    1100.000000                   1.000000e+30                   0.000000e+00                       2.000000
                2398990.455915                    1100.000000                   1.000000e+30                   0.000000e+00                       2.000000
                2398971.688603                    1100.000000                   1.000000e+30                   0.000000e+00                       2.000000
                2398955.581616                    1100.000000                   1.000000e+30                   0.000000e+00                       2.000000
                2398942.144506                    1100.000000                   1.000000e+30                   0.000000e+00                       2.000000
                2398931.385243                    1100.000000                   1.000000e+30                   0.000000e+00                       2.000000
                2398923.310208                    1100.000000                   1.000000e+30                   0.000000e+00                       2.000000
                2398917.924189                    1100.000000                   1.000000e+30                   0.000000e+00                       2.000000
                2398915.230381                    1100.000000                   1.000000e+30                   0.000000e+00                       2.000000
                2398914.893617                    1100.000000                   1.000000e+30                   0.000000e+00                       2.000000
                2398914.893617                    1250.000000                   1.000000e+30                   6.000000e+09                      15.000000
                2395822.530101                    1250.000000                   1.000000e+30                   6.000000e+09                      15.000000
                2392730.166584                    1250.000000                   1.000000e+30                   6.000000e+09                      15.000000
                2389637.803068                    1250.000000                   1.000000e+30                   6.000000e+09                      15.000000
                2386545.439551                    1250.000000                   1.000000e+30                   6.000000e+09                      15.000000
                2383453.076035                    1250.000000                   1.000000e+30                   6.000000e+09                      15.000000
                2380360.712519                    1250.000000                   1.000000e+30                   6.000000e+09                      15.000000
                2377268.349002                    1250.000000                   1.000000e+30                   6.000000e+09                      15.000000
                2374175.985486                    1250.000000                   1.000000e+30                   6.000000e+09                      15.000000
                2371083.621969                    1250.000000                   1.000000e+30                   6.000000e+09                      15.000000
                2367991.258453                    1250.000000                   1.000000e+30                   6.000000e+09                      15.000000
                2364898.894937                    1250.000000                   1.000000e+30                   6.000000e+09                      15.000000
                2361806.531420                    1250.000000                   1.000000e+30                   6.000000e+09                      15.000000
                2358714.167904                    1250.000000                   1.000000e+30                   6.000000e+09                      15.000000
                2355621.804387                    1250.000000                   1.000000e+30                   6.000000e+09                      15.000000
                2352529.440871                    1250.000000                   1.000000e+30                   6.000000e+09                      15.000000
                2349437.077354                    1250.000000                   1.000000e+30                   6.000000e+09                      15.000000
                2346344.713838                    1250.000000                   1.000000e+30                   6.000000e+09                      15.000000
                2343252.350322                    1250.000000                   1.000000e+30                   6.000000e+09                      15.000000
                2340159.986805                    1250.000000                   1.000000e+30                   6.000000e+09                      15.000000
                2337067.623289                    1250.000000                   1.000000e+30                   6.000000e+09                      15.000000
                2333975.259772                    1250.000000                   1.000000e+30                   6.000000e+09                      15.000000
                2330882.896256                    1250.000000                   1.000000e+30                   6.000000e+09                      15.000000
                2327790.532740                    1250.000000                   1.000000e+30                   6.000000e+09                      15.000000
                2324698.169223                    1250.000000                   1.000000e+30                   6.000000e+09                      15.000000
                2321605.805707                    1250.000000                   1.000000e+30                   6.000000e+09                      15.000000
                2318513.442190                    1250.000000                   1.000000e+30                   6.000000e+09                      15.000000
                2315421.078674                    1250.000000                   1.000000e+30                   6.000000e+09                      15.000000
                2312328.715158                    1250.000000                   1.000000e+30                   6.000000e+09                      15.000000
                2309236.351641                    1250.000000                   1.000000e+30                   6.000000e+09                      15.000000
                2306143.988125                    1250.000000                   1.000000e+30                   6.000000e+09                      15.000000
                2303051.624608                    1250.000000                   1.000000e+30                   6.000000e+09                      15.000000
                2299959.261092                    1250.000000                   1.000000e+30                   6.000000e+09                      15.000000
                2296866.897575                    1250.000000                   1.000000e+30                   6.000000e+09                      15.000000
                2293774.534059                    1250.000000                   1.000000e+30                   6.000000e+09                      15.000000
                2290682.170543                    1250.000000                   1.000000e+30                   6.000000e+09                      15.000000
                2287589.807026                    1250.000000                   1.000000e+30                   6.000000e+09                      15.000000
                2284497.443510                    1250.000000                   1.000000e+30                   6.000000e+09                      15.000000
                2281405.079993                    1250.000000                   1.000000e+30                   6.000000e+09                      15.000000
                2278312.716477                    1250.000000                   1.000000e+30                   6.000000e+09                      15.000000
                2275220.352961                    1250.000000                   1.000000e+30                   6.000000e+09                      15.000000
                2272127.989444                    1250.000000                   1.000000e+30                   6.000000e+09                      15.000000
                2269035.625928                    1250.000000                   1.000000e+30                   6.000000e+09                      15.000000
                2265943.262411                    1250.000000                   1.000000e+30                   6.000000e+09                      15.000000
                2262850.898895                    1250.000000                   1.000000e+30                   6.000000e+09                      15.000000
                2259758.535379                    1250.000000                   1.000000e+30                   6.000000e+09                      15.000000
                2256666.171862                    1250.000000                   1.000000e+30                   6.000000e+09                      15.000000
                2253573.808346                    1250.000000                   1.000000e+30                   6.000000e+09                      15.000000
                2250481.444829                    1250.000000                   1.000000e+30                   6.000000e+09                      15.000000
                2247389.081313                    1250.000000                   1.000000e+30                   6.000000e+09                      15.000000
                2244296.717796                    1250.000000                   1.000000e+30                   6.000000e+09                      15.000000
                2241204.354280                    1250.000000                   1.000000e+30                   6.000000e+09                      15.000000
                2238111.990764                    1250.000000                   1.000000e+30                   6.000000e+09                      15.000000
                2235019.627247                    1250.000000                   1.000000e+30                   6.000000e+09                      15.000000
                2231927.263731                    1250.000000                   1.000000e+30                   6.000000e+09                      15.000000
                2228834.900214                    1250.000000                   1.000000e+30                   6.000000e+09                      15.000000
                2225742.536698                    1250.000000                   1.000000e+30                   6.000000e+09                      15.000000
                2222650.173182                    1250.000000                   1.000000e+30                   6.000000e+09                      15.000000
                2219557.809665                    1250.000000                   1.000000e+30                   6.000000e+09                      15.000000
                2216465.446149                    1250.000000                   1.000000e+30                   6.000000e+09                      15.000000
                2213373.082632                    1250.000000                   1.000000e+30                   6.000000e+09                      15.000000
                2210280.719116                    1250.000000                   1.000000e+30                   6.000000e+09                      15.000000
                2207188.355600                    1250.000000                   1.000000e+30                   6.000000e+09                      15.000000
                2204095.992083                    1250.000000                   1.000000e+30                   6.000000e+09                      15.000000
                2201003.628567                    1250.000000                   1.000000e+30                   6.000000e+09                      15.000000
                2197911.265050                    1250.000000                   1.000000e+30                   6.000000e+09                      15.000000
                2194818.901534                    1250.000000                   1.000000e+30                   6.000000e+09                      15.000000
                2191726.538017                    1250.000000                   1.000000e+30                   6.000000e+09                      15.000000
                2188634.174501                    1250.000000                   1.000000e+30                   6.000000e+09                      15.000000
                2185541.810985                    1250.000000                   1.000000e+30                   6.000000e+09                      15.000000
                2182449.447468                    1250.000000                   1.000000e+30                   6.000000e+09                      15.000000
                2179357.083952                    1250.000000                   1.000000e+30                   6.000000e+09                      15.000000
                2176264.720435                    1250.000000                   1.000000e+30                   6.000000e+09                      15.000000
                2173172.356919                    1250.000000                   1.000000e+30                   6.000000e+09                      15.000000
                2170079.993403                    1250.000000                   1.000000e+30                   6.000000e+09                      15.000000
                2166987.629886                    1250.000000                   1.000000e+30                   6.000000e+09                      15.000000
                2163895.266370                    1250.000000                   1.000000e+30                   6.000000e+09                      15.000000
                2160802.902853                    1250.000000                   1.000000e+30                   6.000000e+09                      15.000000
                2157710.539337                    1250.000000                   1.000000e+30                   6.000000e+09                      15.000000
                2154618.175821                    1250.000000                   1.000000e+30                   6.000000e+09                      15.000000
                2151525.812304                    1250.000000                   1.000000e+30                   6.000000e+09                      15.000000
                2148433.448788                    1250.000000                   1.000000e+30                   6.000000e+09                      15.000000
                2145341.085271                    1250.000000                   1.000000e+30                   6.000000e+09                      15.000000
                2142248.721755                    1250.000000                   1.000000e+30                   6.000000e+09                      15.000000
                2139156.358238                    1250.000000                   1.000000e+30                   6.000000e+09                      15.000000
                2136063.994722                    1250.000000                   1.000000e+30                   6.000000e+09                      15.000000
                2132971.631206                    1250.000000                   1.000000e+30                   6.000000e+09                      15.000000
                2129879.267689                    1250.000000                   1.000000e+30                   6.000000e+09                      15.000000
                2126786.904173                    1250.000000                   1.000000e+30                   6.000000e+09                      15.000000
                2123694.540656                    1250.000000                   1.000000e+30                   6.000000e+09                      15.000000
                2120602.177140                    1250.000000                   1.000000e+30                   6.000000e+09                      15.000000
                2117509.813624                    1250.000000                   1.000000e+30                   6.000000e+09                      15.000000
                2114417.450107                    1250.000000                   1.000000e+30                   6.000000e+09                      15.000000
                2111325.086591                    1250.000000                   1.000000e+30                   6.000000e+09                      15.000000
                2108232.723074                    1250.000000                   1.000000e+30                   6.000000e+09                      15.000000
                2105140.359558                    1250.000000                   1.000000e+30                   6.000000e+09                      15.000000
                2102047.996042                    1250.000000                   1.000000e+30                   6.000000e+09                      15.000000
                2098955.632525                    1250.000000                   1.000000e+30                   6.000000e+09                      15.000000
                2095863.269009                    1250.000000                   1.000000e+30                   6.000000e+09                      15.000000
                2092770.905492                    1250.000000                   1.000000e+30                   6.000000e+09                      15.000000
                2089678.541976                    1250.000000                   1.000000e+30                   6.000000e+09                      15.000000
                2086586.178460                    1250.000000                   1.000000e+30                   6.000000e+09                      15.000000
                2083493.814943                    1250.000000                   1.000000e+30                   6.000000e+09                      15.000000
                2080401.451427                    1250.000000                   1.000000e+30                   6.000000e+09                      15.000000
                2077309.087910                    1250.000000                   1.000000e+30                   6.000000e+09                      15.000000
                2074216.724394                    1250.000000                   1.000000e+30                   6.000000e+09                      15.000000
                2071124.360877                    1250.000000                   1.000000e+30                   6.000000e+09                      15.000000
                2068031.997361                    1250.000000                   1.000000e+30                   6.000000e+09                      15.000000
                2064939.633845                    1250.000000                   1.000000e+30                   6.000000e+09                      15.000000
                2061847.270328                    1250.000000                   1.000000e+30                   6.000000e+09                      15.000000
                2058754.906812                    1250.000000                   1.000000e+30                   6.000000e+09                      15.000000
                2055662.543295                    1250.000000                   1.000000e+30                   6.000000e+09                      15.000000
                2052570.179779                    1250.000000                   1.000000e+30                   6.000000e+09                      15.000000
                2049477.816263                    1250.000000                   1.000000e+30                   6.000000e+09                      15.000000
                2046385.452746                    1250.000000                   1.000000e+30                   6.000000e+09                      15.000000
                2043293.089230                    1250.000000                   1.000000e+30                   6.000000e+09                      15.000000
                2040200.725713                    1250.000000                   1.000000e+30                   6.000000e+09                      15.000000
                2037108.362197                    1250.000000                   1.000000e+30                   6.000000e+09                      15.000000
                2034015.998681                    1250.000000                   1.000000e+30                   6.000000e+09                      15.000000
                2030923.635164                    1250.000000                   1.000000e+30                   6.000000e+09                      15.000000
                2027831.271648                    1250.000000                   1.000000e+30                   6.000000e+09                      15.000000
                2024738.908131                    1250.000000                   1.000000e+30                   6.000000e+09                      15.000000
                2021646.544615                    1250.000000                   1.000000e+30                   6.000000e+09                      15.000000
                2018554.181098                    1250.000000                   1.000000e+30                   6.000000e+09                      15.000000
                2015461.817582                    1250.000000                   1.000000e+30                   6.000000e+09                      15.000000
                2012369.454066                    1250.000000                   1.000000e+30                   6.000000e+09                      15.000000
                2009277.090549                    1250.000000                   1.000000e+30                   6.000000e+09                      15.000000
                2006184.727033                    1250.000000                   1.000000e+30                   6.000000e+09                      15.000000
                2003092.363516                    1250.000000                   1.000000e+30                   6.000000e+09                      15.000000
                2000000.000000                    1250.000000                   1.000000e+30                   6.000000e+09                      15.000000
                2000000.000000                    2844.086153                   1.000000e+30                   3.000000e+10                      17.000000
                1977559.525021                    2844.086153                   1.000000e+30                   3.000000e+10                      17.000000
                1955119.050043                    2844.086153                   1.000000e+30                   3.000000e+10                      17.000000
                1932678.575064                    2844.086153                   1.000000e+30                   3.000000e+10                      17.000000
                1910238.100085                    2844.086153                   1.000000e+30                   3.000000e+10                      17.000000
                1887797.625107                    2844.086153                   1.000000e+30                   3.000000e+10                      17.000000
                1865357.150128                    2844.086153                   1.000000e+30                   3.000000e+10                      17.000000
                1842916.675149                    2844.086153                   1.000000e+30                   3.000000e+10                      17.000000
                1820476.200171                    2844.086153                   1.000000e+30                   3.000000e+10                      17.000000
                1798035.725192                    2844.086153                   1.000000e+30                   3.000000e+10                      17.000000
                1775595.250214                    2844.086153                   1.000000e+30                   3.000000e+10                      17.000000
                1753154.775235                    2844.086153                   1.000000e+30                   3.000000e+10                      17.000000
                1730714.300256                    2844.086153                   1.000000e+30                   3.000000e+10                      17.000000
                1708273.825278                    2844.086153                   1.000000e+30                   3.000000e+10                      17.000000
                1685833.350299                    2844.086153                   1.000000e+30                   3.000000e+10                      17.000000
                1663392.875320                    2844.086153                   1.000000e+30                   3.000000e+10                      17.000000
                1640952.400342                    2844.086153                   1.000000e+30                   3.000000e+10                      17.000000
                1618511.925363                    2844.086153                   1.000000e+30                   3.000000e+10                      17.000000
                1596071.450384                    2844.086153                   1.000000e+30                   3.000000e+10                      17.000000
                1573630.975406                    2844.086153                   1.000000e+30                   3.000000e+10                      17.000000
                1551190.500427                    2844.086153                   1.000000e+30                   3.000000e+10                      17.000000
                1528750.025448                    2844.086153                   1.000000e+30                   3.000000e+10                      17.000000
                1506309.550470                    2844.086153                   1.000000e+30                   3.000000e+10                      17.000000
                1483869.075491                    2844.086153                   1.000000e+30                   3.000000e+10                      17.000000
                1461428.600512                    2844.086153                   1.000000e+30                   3.000000e+10                      17.000000
                1438988.125534                    2844.086153                   1.000000e+30                   3.000000e+10                      17.000000
                1416547.650555                    2844.086153                   1.000000e+30                   3.000000e+10                      17.000000
                1394107.175577                    2844.086153                   1.000000e+30                   3.000000e+10                      17.000000
                1371666.700598                    2844.086153                   1.000000e+30                   3.000000e+10                      17.000000
                1349226.225619                    2844.086153                   1.000000e+30                   3.000000e+10                      17.000000
                1326785.750641                    2844.086153                   1.000000e+30                   3.000000e+10                      17.000000
                1304345.275662                    2844.086153                   1.000000e+30                   3.000000e+10                      17.000000
                1281904.800683                    2844.086153                   1.000000e+30                   3.000000e+10                      17.000000
                1259464.325705                    2844.086153                   1.000000e+30                   3.000000e+10                      17.000000
                1237023.850726                    2844.086153                   1.000000e+30                   3.000000e+10                      17.000000
                1214583.375747                    2844.086153                   1.000000e+30                   3.000000e+10                      17.000000
                1192142.900769                    2844.086153                   1.000000e+30                   3.000000e+10                      17.000000
                1169702.425790                    2844.086153                   1.000000e+30                   3.000000e+10                      17.000000
                1147261.950811                    2844.086153                   1.000000e+30                   3.000000e+10                      17.000000
                1124821.475833                    2844.086153                   1.000000e+30                   3.000000e+10                      17.000000
                1102381.000854                    2844.086153                   1.000000e+30                   3.000000e+10                      17.000000
                1079940.525875                    2844.086153                   1.000000e+30                   3.000000e+10                      17.000000
                1057500.050897                    2844.086153                   1.000000e+30                   3.000000e+10                      17.000000
                1035059.575918                    2844.086153                   1.000000e+30                   3.000000e+10                      17.000000
                1012619.100940                    2844.086153                   1.000000e+30                   3.000000e+10                      17.000000
                 990178.625961                    2844.086153                   1.000000e+30                   3.000000e+10                      17.000000
                 967738.150982                    2844.086153                   1.000000e+30                   3.000000e+10                      17.000000
                 945297.676004                    2844.086153                   1.000000e+30                   3.000000e+10                      17.000000
                 922857.201025                    2844.086153                   1.000000e+30                   3.000000e+10                      17.000000
                 900416.726046                    2844.086153                   1.000000e+30                   3.000000e+10                      17.000000
                 877976.251068                    2844.086153                   1.000000e+30                   3.000000e+10                      17.000000
                 855535.776089                    2844.086153                   1.000000e+30                   3.000000e+10                      17.000000
                 833095.301110                    2844.086153                   1.000000e+30                   3.000000e+10                      17.000000
                 810654.826132                    2844.086153                   1.000000e+30                   3.000000e+10                      17.000000
                 788214.351153                    2844.086153                   1.000000e+30                   3.000000e+10                      17.000000
                 765773.876174                    2844.086153                   1.000000e+30                   3.000000e+10                      17.000000
                 743333.401196                    2844.086153                   1.000000e+30                   3.000000e+10                      17.000000
                 720892.926217                    2844.086153                   1.000000e+30                   3.000000e+10                      17.000000
                 698452.451238                    2844.086153                   1.000000e+30                   3.000000e+10                      17.000000
                 676011.976260                    2844.086153                   1.000000e+30                   3.000000e+10                      17.000000
                 653571.501281                    2844.086153                   1.000000e+30                   3.000000e+10                      17.000000
                 631131.026302                    2844.086153                   1.000000e+30                   3.000000e+10                      17.000000
                 608690.551324                    2844.086153                   1.000000e+30                   3.000000e+10                      17.000000
                 586250.076345                    2844.086153                   1.000000e+30                   3.000000e+10                      17.000000
                 563809.601367                    2844.086153                   1.000000e+30                   3.000000e+10                      17.000000
                 541369.126388                    2844.086153                   1.000000e+30                   3.000000e+10                      17.000000
                 518928.651409                    2844.086153                   1.000000e+30                   3.000000e+10                      17.000000
                 496488.176431                    2844.086153                   1.000000e+30                   3.000000e+10                      17.000000
                 474047.701452                    2844.086153                   1.000000e+30                   3.000000e+10                      17.000000
                 451607.226473                    2844.086153                   1.000000e+30                   3.000000e+10                      17.000000
                 429166.751495                    2844.086153                   1.000000e+30                   3.000000e+10                      17.000000
                 406726.276516                    2844.086153                   1.000000e+30                   3.000000e+10                      17.000000
                 384285.801537                    2844.086153                   1.000000e+30                   3.000000e+10                      17.000000
                 361845.326559                    2844.086153                   1.000000e+30                   3.000000e+10                      17.000000
                 339404.851580                    2844.086153                   1.000000e+30                   3.000000e+10                      17.000000
                 316964.376601                    2844.086153                   1.000000e+30                   3.000000e+10                      17.000000
                 294523.901623                    2844.086153                   1.000000e+30                   3.000000e+10                      17.000000
                 272083.426644                    2844.086153                   1.000000e+30                   3.000000e+10                      17.000000
                 249642.951665                    2844.086153                   1.000000e+30                   3.000000e+10                      17.000000
                 227202.476687                    2844.086153                   1.000000e+30                   3.000000e+10                      17.000000
                 204762.001708                    2844.086153                   1.000000e+30                   3.000000e+10                      17.000000
                 182321.526730                    2844.086153                   1.000000e+30                   3.000000e+10                      17.000000
                 159881.051751                    2844.086153                   1.000000e+30                   3.000000e+10                      17.000000
                 137440.576772                    2844.086153                   1.000000e+30                   3.000000e+10                      17.000000
                 115000.101794                    2844.086153                   1.000000e+30                   3.000000e+10                      17.000000
                  92559.626815                    2844.086153                   1.000000e+30                   3.000000e+10                      17.000000
                  70119.151836                    2844.086153                   1.000000e+30                   3.000000e+10                      17.000000
                  47678.676858                    2844.086153                   1.000000e+30                   3.000000e+10                      17.000000
                  25238.201879                    2844.086153                   1.000000e+30                   3.000000e+10                      17.000000
                   2797.726900                    2844.086153                   1.000000e+30                   3.000000e+10                      17.000000
                 -19642.748078                    2844.086153                   1.000000e+30                   3.000000e+10                      17.000000
                 -42083.223057                    2844.086153                   1.000000e+30                   3.000000e+10                      17.000000
                 -64523.698036                    2844.086153                   1.000000e+30                   3.000000e+10                      17.000000
                 -86964.173014                    2844.086153                   1.000000e+30                   3.000000e+10                      17.000000
                -109404.647993                    2844.086153                   1.000000e+30                   3.000000e+10                      17.000000
                -131845.122972                    2844.086153                   1.000000e+30                   3.000000e+10                      17.000000
                -154285.597950                    2844.086153                   1.000000e+30                   3.000000e+10                      17.000000
                -176726.072929                    2844.086153                   1.000000e+30                   3.000000e+10                      17.000000
                -199166.547907                    2844.086153                   1.000000e+30                   3.000000e+10                      17.000000
                -221607.022886                    2844.086153                   1.000000e+30                   3.000000e+10                      17.000000
                -244047.497865                    2844.086153                   1.000000e+30                   3.000000e+10                      17.000000
                -266487.972843                    2844.086153                   1.000000e+30                   3.000000e+10                      17.000000
                -288928.447822                    2844.086153                   1.000000e+30                   3.000000e+10                      17.000000
                -311368.922801                    2844.086153                   1.000000e+30                   3.000000e+10                      17.000000
                -333809.397779                    2844.086153                   1.000000e+30                   3.000000e+10                      17.000000
                -356249.872758                    2844.086153                   1.000000e+30                   3.000000e+10                      17.000000
                -378690.347737                    2844.086153                   1.000000e+30                   3.000000e+10                      17.000000
                -401130.822715                    2844.086153                   1.000000e+30                   3.000000e+10                      17.000000
                -423571.297694                    2844.086153                   1.000000e+30                   3.000000e+10                      17.000000
                -446011.772673                    2844.086153                   1.000000e+30                   3.000000e+10                      17.000000
                -468452.247651                    2844.086153                   1.000000e+30                   3.000000e+10                      17.000000
                -490892.722630                    2844.086153                   1.000000e+30                   3.000000e+10                      17.000000
                -513333.197609                    2844.086153                   1.000000e+30                   3.000000e+10                      17.000000
                -535773.672587                    2844.086153                   1.000000e+30                   3.000000e+10                      17.000000
                -558214.147566                    2844.086153                   1.000000e+30                   3.000000e+10                      17.000000
                -580654.622544                    2844.086153                   1.000000e+30                   3.000000e+10                      17.000000
                -603095.097523                    2844.086153                   1.000000e+30                   3.000000e+10                      17.000000
                -625535.572502                    2844.086153                   1.000000e+30                   3.000000e+10                      17.000000
                -647976.047480                    2844.086153                   1.000000e+30                   3.000000e+10                      17.000000
                -670416.522459                    2844.086153                   1.000000e+30                   3.000000e+10                      17.000000
                -692856.997438                    2844.086153                   1.000000e+30                   3.000000e+10                      17.000000
                -715297.472416                    2844.086153                   1.000000e+30                   3.000000e+10                      17.000000
                -737737.947395                    2844.086153                   1.000000e+30                   3.000000e+10                      17.000000
                -760178.422374                    2844.086153                   1.000000e+30                   3.000000e+10                      17.000000
                -782618.897352                    2844.086153                   1.000000e+30                   3.000000e+10                      17.000000
                -805059.372331                    2844.086153                   1.000000e+30                   3.000000e+10                      17.000000
                -827499.847310                    2844.086153                   1.000000e+30                   3.000000e+10                      17.000000
                -849940.322288                    2844.086153                   1.000000e+30                   3.000000e+10                      17.000000
                -872380.797267                    2844.086153                   1.000000e+30                   3.000000e+10                      17.000000
                -894821.272246                    2844.086153                   1.000000e+30                   3.000000e+10                      17.000000
                -894821.272246                    3300.000000                   1.000000e+30                   5.000000e+10                      22.000000
                -887884.595717                    3300.000000                   1.000000e+30                   5.000000e+10                      22.000000
                -880947.919187                    3300.000000                   1.000000e+30                   5.000000e+10                      22.000000
                -874011.242658                    3300.000000                   1.000000e+30                   5.000000e+10                      22.000000
                -867074.566129                    3300.000000                   1.000000e+30                   5.000000e+10                      22.000000
                -860137.889600                    3300.000000                   1.000000e+30                   5.000000e+10                      22.000000
                -853201.213071                    3300.000000                   1.000000e+30                   5.000000e+10                      22.000000
                -846264.536542                    3300.000000                   1.000000e+30                   5.000000e+10                      22.000000
                -839327.860013                    3300.000000                   1.000000e+30                   5.000000e+10                      22.000000
                -832391.183484                    3300.000000                   1.000000e+30                   5.000000e+10                      22.000000
                -825454.506955                    3300.000000                   1.000000e+30                   5.000000e+10                      22.000000
                -818517.830426                    3300.000000                   1.000000e+30                   5.000000e+10                      22.000000
                -811581.153897                    3300.000000                   1.000000e+30                   5.000000e+10                      22.000000
                -804644.477368                    3300.000000                   1.000000e+30                   5.000000e+10                      22.000000
                -797707.800839                    3300.000000                   1.000000e+30                   5.000000e+10                      22.000000
                -790771.124310                    3300.000000                   1.000000e+30                   5.000000e+10                      22.000000
                -783834.447781                    3300.000000                   1.000000e+30                   5.000000e+10                      22.000000
                -776897.771252                    3300.000000                   1.000000e+30                   5.000000e+10                      22.000000
                -769961.094723                    3300.000000                   1.000000e+30                   5.000000e+10                      22.000000
                -763024.418194                    3300.000000                   1.000000e+30                   5.000000e+10                      22.000000
                -756087.741665                    3300.000000                   1.000000e+30                   5.000000e+10                      22.000000
                -749151.065136                    3300.000000                   1.000000e+30                   5.000000e+10                      22.000000
                -742214.388607                    3300.000000                   1.000000e+30                   5.000000e+10                      22.000000
                -735277.712078                    3300.000000                   1.000000e+30                   5.000000e+10                      22.000000
                -728341.035549                    3300.000000                   1.000000e+30                   5.000000e+10                      22.000000
                -721404.359020                    3300.000000                   1.000000e+30                   5.000000e+10                      22.000000
                -714467.682491                    3300.000000                   1.000000e+30                   5.000000e+10                      22.000000
                -707531.005962                    3300.000000                   1.000000e+30                   5.000000e+10                      22.000000
                -700594.329433                    3300.000000                   1.000000e+30                   5.000000e+10                      22.000000
                -693657.652904                    3300.000000                   1.000000e+30                   5.000000e+10                      22.000000
                -686720.976374                    3300.000000                   1.000000e+30                   5.000000e+10                      22.000000
                -679784.299845                    3300.000000                   1.000000e+30                   5.000000e+10                      22.000000
                -672847.623316                    3300.000000                   1.000000e+30                   5.000000e+10                      22.000000
                -665910.946787                    3300.000000                   1.000000e+30                   5.000000e+10                      22.000000
                -658974.270258                    3300.000000                   1.000000e+30                   5.000000e+10                      22.000000
                -652037.593729                    3300.000000                   1.000000e+30                   5.000000e+10                      22.000000
                -645100.917200                    3300.000000                   1.000000e+30                   5.000000e+10                      22.000000
                -638164.240671                    3300.000000                   1.000000e+30                   5.000000e+10                      22.000000
                -631227.564142                    3300.000000                   1.000000e+30                   5.000000e+10                      22.000000
                -624290.887613                    3300.000000                   1.000000e+30                   5.000000e+10                      22.000000
                -617354.211084                    3300.000000                   1.000000e+30                   5.000000e+10                      22.000000
                -610417.534555                    3300.000000                   1.000000e+30                   5.000000e+10                      22.000000
                -603480.858026                    3300.000000                   1.000000e+30                   5.000000e+10                      22.000000
                -596544.181497                    3300.000000                   1.000000e+30                   5.000000e+10                      22.000000
                -589607.504968                    3300.000000                   1.000000e+30                   5.000000e+10                      22.000000
                -582670.828439                    3300.000000                   1.000000e+30                   5.000000e+10                      22.000000
                -575734.151910                    3300.000000                   1.000000e+30                   5.000000e+10                      22.000000
                -568797.475381                    3300.000000                   1.000000e+30                   5.000000e+10                      22.000000
                -561860.798852                    3300.000000                   1.000000e+30                   5.000000e+10                      22.000000
                -554924.122323                    3300.000000                   1.000000e+30                   5.000000e+10                      22.000000
                -547987.445794                    3300.000000                   1.000000e+30                   5.000000e+10                      22.000000
                -541050.769265                    3300.000000                   1.000000e+30                   5.000000e+10                      22.000000
                -534114.092736                    3300.000000                   1.000000e+30                   5.000000e+10                      22.000000
                -527177.416207                    3300.000000                   1.000000e+30                   5.000000e+10                      22.000000
                -520240.739678                    3300.000000                   1.000000e+30                   5.000000e+10                      22.000000
                -513304.063149                    3300.000000                   1.000000e+30                   5.000000e+10                      22.000000
                -506367.386620                    3300.000000                   1.000000e+30                   5.000000e+10                      22.000000
                -499430.710091                    3300.000000                   1.000000e+30                   5.000000e+10                      22.000000
                -492494.033562                    3300.000000                   1.000000e+30                   5.000000e+10                      22.000000
                -485557.357032                    3300.000000                   1.000000e+30                   5.000000e+10                      22.000000
                -478620.680503                    3300.000000                   1.000000e+30                   5.000000e+10                      22.000000
                -471684.003974                    3300.000000                   1.000000e+30                   5.000000e+10                      22.000000
                -464747.327445                    3300.000000                   1.000000e+30                   5.000000e+10                      22.000000
                -457810.650916                    3300.000000                   1.000000e+30                   5.000000e+10                      22.000000
                -450873.974387                    3300.000000                   1.000000e+30                   5.000000e+10                      22.000000
                -443937.297858                    3300.000000                   1.000000e+30                   5.000000e+10                      22.000000
                -437000.621329                    3300.000000                   1.000000e+30                   5.000000e+10                      22.000000
                -430063.944800                    3300.000000                   1.000000e+30                   5.000000e+10                      22.000000
                -423127.268271                    3300.000000                   1.000000e+30                   5.000000e+10                      22.000000
                -416190.591742                    3300.000000                   1.000000e+30                   5.000000e+10                      22.000000
                -409253.915213                    3300.000000                   1.000000e+30                   5.000000e+10                      22.000000
                -402317.238684                    3300.000000                   1.000000e+30                   5.000000e+10                      22.000000
                -395380.562155                    3300.000000                   1.000000e+30                   5.000000e+10                      22.000000
                -388443.885626                    3300.000000                   1.000000e+30                   5.000000e+10                      22.000000
                -381507.209097                    3300.000000                   1.000000e+30                   5.000000e+10                      22.000000
                -374570.532568                    3300.000000                   1.000000e+30                   5.000000e+10                      22.000000
                -367633.856039                    3300.000000                   1.000000e+30                   5.000000e+10                      22.000000
                -360697.179510                    3300.000000                   1.000000e+30                   5.000000e+10                      22.000000
                -353760.502981                    3300.000000                   1.000000e+30                   5.000000e+10                      22.000000
                -346823.826452                    3300.000000                   1.000000e+30                   5.000000e+10                      22.000000
                -339887.149923                    3300.000000                   1.000000e+30                   5.000000e+10                      22.000000
                -332950.473394                    3300.000000                   1.000000e+30                   5.000000e+10                      22.000000
                -326013.796865                    3300.000000                   1.000000e+30                   5.000000e+10                      22.000000
                -319077.120336                    3300.000000                   1.000000e+30                   5.000000e+10                      22.000000
                -312140.443807                    3300.000000                   1.000000e+30                   5.000000e+10                      22.000000
                -305203.767278                    3300.000000                   1.000000e+30                   5.000000e+10                      22.000000
                -298267.090749                    3300.000000                   1.000000e+30                   5.000000e+10                      22.000000
                -291330.414219                    3300.000000                   1.000000e+30                   5.000000e+10                      22.000000
                -284393.737690                    3300.000000                   1.000000e+30                   5.000000e+10                      22.000000
                -277457.061161                    3300.000000                   1.000000e+30                   5.000000e+10                      22.000000
                -270520.384632                    3300.000000                   1.000000e+30                   5.000000e+10                      22.000000
                -263583.708103                    3300.000000                   1.000000e+30                   5.000000e+10                      22.000000
                -256647.031574                    3300.000000                   1.000000e+30                   5.000000e+10                      22.000000
                -249710.355045                    3300.000000                   1.000000e+30                   5.000000e+10                      22.000000
                -242773.678516                    3300.000000                   1.000000e+30                   5.000000e+10                      22.000000
                -235837.001987                    3300.000000                   1.000000e+30                   5.000000e+10                      22.000000
                -228900.325458                    3300.000000                   1.000000e+30                   5.000000e+10                      22.000000
                -221963.648929                    3300.000000                   1.000000e+30                   5.000000e+10                      22.000000
                -215026.972400                    3300.000000                   1.000000e+30                   5.000000e+10                      22.000000
                -208090.295871                    3300.000000                   1.000000e+30                   5.000000e+10                      22.000000
                -201153.619342                    3300.000000                   1.000000e+30                   5.000000e+10                      22.000000
                -194216.942813                    3300.000000                   1.000000e+30                   5.000000e+10                      22.000000
                -187280.266284                    3300.000000                   1.000000e+30                   5.000000e+10                      22.000000
                -180343.589755                    3300.000000                   1.000000e+30                   5.000000e+10                      22.000000
                -173406.913226                    3300.000000                   1.000000e+30                   5.000000e+10                      22.000000
                -166470.236697                    3300.000000                   1.000000e+30                   5.000000e+10                      22.000000
                -159533.560168                    3300.000000                   1.000000e+30                   5.000000e+10                      22.000000
                -152596.883639                    3300.000000                   1.000000e+30                   5.000000e+10                      22.000000
                -145660.207110                    3300.000000                   1.000000e+30                   5.000000e+10                      22.000000
                -138723.530581                    3300.000000                   1.000000e+30                   5.000000e+10                      22.000000
                -131786.854052                    3300.000000                   1.000000e+30                   5.000000e+10                      22.000000
                -124850.177523                    3300.000000                   1.000000e+30                   5.000000e+10                      22.000000
                -117913.500994                    3300.000000                   1.000000e+30                   5.000000e+10                      22.000000
                -110976.824465                    3300.000000                   1.000000e+30                   5.000000e+10                      22.000000
                -104040.147936                    3300.000000                   1.000000e+30                   5.000000e+10                      22.000000
                 -97103.471406                    3300.000000                   1.000000e+30                   5.000000e+10                      22.000000
                 -90166.794877                    3300.000000                   1.000000e+30                   5.000000e+10                      22.000000
                 -83230.118348                    3300.000000                   1.000000e+30                   5.000000e+10                      22.000000
                 -76293.441819                    3300.000000                   1.000000e+30                   5.000000e+10                      22.000000
                 -69356.765290                    3300.000000                   1.000000e+30                   5.000000e+10                      22.000000
                 -62420.088761                    3300.000000                   1.000000e+30                   5.000000e+10                      22.000000
                 -55483.412232                    3300.000000                   1.000000e+30                   5.000000e+10                      22.000000
                 -48546.735703                    3300.000000                   1.000000e+30                   5.000000e+10                      22.000000
                 -41610.059174                    3300.000000                   1.000000e+30                   5.000000e+10                      22.000000
                 -34673.382645                    3300.000000                   1.000000e+30                   5.000000e+10                      22.000000
                 -27736.706116                    3300.000000                   1.000000e+30                   5.000000e+10                      22.000000
                 -20800.029587                    3300.000000                   1.000000e+30                   5.000000e+10                      22.000000
                 -13863.353058                    3300.000000                   1.000000e+30                   5.000000e+10                      22.000000
                  -6926.676529                    3300.000000                   1.000000e+30                   5.000000e+10                      22.000000
                     10.000000                    3300.000000                   1.000000e+30                   5.000000e+10                      22.000000
