                   #Radius (m)               Density (kg/m^3)              Bulk modulus (Pa)             Shear modulus (Pa)               Viscosity (Pa.s)
                2575000.000000                     930.000000                   1.000000e+30                   3.500000e+09                      24.000000
                2574999.710145                     930.000000                   1.000000e+30                   3.500000e+09                      24.000000
                2574999.420290                     930.000000                   1.000000e+30                   3.500000e+09                      24.000000
                2574999.130435                     930.000000                   1.000000e+30                   3.500000e+09                      24.000000
                2574998.840580                     930.000000                   1.000000e+30                   3.500000e+09                      24.000000
                2574998.550725                     930.000000                   1.000000e+30                   3.500000e+09                      24.000000
                2574998.260870                     930.000000                   1.000000e+30                   3.500000e+09                      24.000000
                2574997.971014                     930.000000                   1.000000e+30                   3.500000e+09                      24.000000
                2574997.681159                     930.000000                   1.000000e+30                   3.500000e+09                      24.000000
                2574997.391304                     930.000000                   1.000000e+30                   3.500000e+09                      24.000000
                2574997.101449                     930.000000                   1.000000e+30                   3.500000e+09                      24.000000
                2574996.811594                     930.000000                   1.000000e+30                   3.500000e+09                      24.000000
                2574996.521739                     930.000000                   1.000000e+30                   3.500000e+09                      24.000000
                2574996.231884                     930.000000                   1.000000e+30                   3.500000e+09                      24.000000
                2574995.942029                     930.000000                   1.000000e+30                   3.500000e+09                      24.000000
                2574995.652174                     930.000000                   1.000000e+30                   3.500000e+09                      24.000000
                2574995.362319                     930.000000                   1.000000e+30                   3.500000e+09                      24.000000
                2574995.072464                     930.000000                   1.000000e+30                   3.500000e+09                      24.000000
                2574994.782609                     930.000000                   1.000000e+30                   3.500000e+09                      24.000000
                2574994.492754                     930.000000                   1.000000e+30                   3.500000e+09                      24.000000
                2574994.202899                     930.000000                   1.000000e+30                   3.500000e+09                      24.000000
                2574993.913043                     930.000000                   1.000000e+30                   3.500000e+09                      24.000000
                2574993.623188                     930.000000                   1.000000e+30                   3.500000e+09                      24.000000
                2574993.333333                     930.000000                   1.000000e+30                   3.500000e+09                      24.000000
                2574993.043478                     930.000000                   1.000000e+30                   3.500000e+09                      24.000000
                2574992.753623                     930.000000                   1.000000e+30                   3.500000e+09                      24.000000
                2574992.463768                     930.000000                   1.000000e+30                   3.500000e+09                      24.000000
                2574992.173913                     930.000000                   1.000000e+30                   3.500000e+09                      24.000000
                2574991.884058                     930.000000                   1.000000e+30                   3.500000e+09                      24.000000
                2574991.594203                     930.000000                   1.000000e+30                   3.500000e+09                      24.000000
                2574991.304348                     930.000000                   1.000000e+30                   3.500000e+09                      24.000000
                2574991.014493                     930.000000                   1.000000e+30                   3.500000e+09                      24.000000
                2574990.724638                     930.000000                   1.000000e+30                   3.500000e+09                      24.000000
                2574990.434783                     930.000000                   1.000000e+30                   3.500000e+09                      24.000000
                2574990.144928                     930.000000                   1.000000e+30                   3.500000e+09                      24.000000
                2574989.855072                     930.000000                   1.000000e+30                   3.500000e+09                      24.000000
                2574989.565217                     930.000000                   1.000000e+30                   3.500000e+09                      24.000000
                2574989.275362                     930.000000                   1.000000e+30                   3.500000e+09                      24.000000
                2574988.985507                     930.000000                   1.000000e+30                   3.500000e+09                      24.000000
                2574988.695652                     930.000000                   1.000000e+30                   3.500000e+09                      24.000000
                2574988.405797                     930.000000                   1.000000e+30                   3.500000e+09                      24.000000
                2574988.115942                     930.000000                   1.000000e+30                   3.500000e+09                      24.000000
                2574987.826087                     930.000000                   1.000000e+30                   3.500000e+09                      24.000000
                2574987.536232                     930.000000                   1.000000e+30                   3.500000e+09                      24.000000
                2574987.246377                     930.000000                   1.000000e+30                   3.500000e+09                      24.000000
                2574986.956522                     930.000000                   1.000000e+30                   3.500000e+09                      24.000000
                2574986.666667                     930.000000                   1.000000e+30                   3.500000e+09                      24.000000
                2574986.376812                     930.000000                   1.000000e+30                   3.500000e+09                      24.000000
                2574986.086957                     930.000000                   1.000000e+30                   3.500000e+09                      24.000000
                2574985.797101                     930.000000                   1.000000e+30                   3.500000e+09                      24.000000
                2574985.507246                     930.000000                   1.000000e+30                   3.500000e+09                      24.000000
                2574985.217391                     930.000000                   1.000000e+30                   3.500000e+09                      24.000000
                2574984.927536                     930.000000                   1.000000e+30                   3.500000e+09                      24.000000
                2574984.637681                     930.000000                   1.000000e+30                   3.500000e+09                      24.000000
                2574984.347826                     930.000000                   1.000000e+30                   3.500000e+09                      24.000000
                2574984.057971                     930.000000                   1.000000e+30                   3.500000e+09                      24.000000
                2574983.768116                     930.000000                   1.000000e+30                   3.500000e+09                      24.000000
                2574983.478261                     930.000000                   1.000000e+30                   3.500000e+09                      24.000000
                2574983.188406                     930.000000                   1.000000e+30                   3.500000e+09                      24.000000
                2574982.898551                     930.000000                   1.000000e+30                   3.500000e+09                      24.000000
                2574982.608696                     930.000000                   1.000000e+30                   3.500000e+09                      24.000000
                2574982.318841                     930.000000                   1.000000e+30                   3.500000e+09                      24.000000
                2574982.028986                     930.000000                   1.000000e+30                   3.500000e+09                      24.000000
                2574981.739130                     930.000000                   1.000000e+30                   3.500000e+09                      24.000000
                2574981.449275                     930.000000                   1.000000e+30                   3.500000e+09                      24.000000
                2574981.159420                     930.000000                   1.000000e+30                   3.500000e+09                      24.000000
                2574980.869565                     930.000000                   1.000000e+30                   3.500000e+09                      24.000000
                2574980.579710                     930.000000                   1.000000e+30                   3.500000e+09                      24.000000
                2574980.289855                     930.000000                   1.000000e+30                   3.500000e+09                      24.000000
                2574980.000000                     930.000000                   1.000000e+30                   3.500000e+09                      24.000000
                2574980.000000                     930.000000                   1.000000e+30                   3.500000e+09                      15.000000
                2573685.581395                     930.000000                   1.000000e+30                   3.500000e+09                      15.000000
                2572391.162791                     930.000000                   1.000000e+30                   3.500000e+09                      15.000000
                2571096.744186                     930.000000                   1.000000e+30                   3.500000e+09                      15.000000
                2569802.325581                     930.000000                   1.000000e+30                   3.500000e+09                      15.000000
                2568507.906977                     930.000000                   1.000000e+30                   3.500000e+09                      15.000000
                2567213.488372                     930.000000                   1.000000e+30                   3.500000e+09                      15.000000
                2565919.069767                     930.000000                   1.000000e+30                   3.500000e+09                      15.000000
                2564624.651163                     930.000000                   1.000000e+30                   3.500000e+09                      15.000000
                2563330.232558                     930.000000                   1.000000e+30                   3.500000e+09                      15.000000
                2562035.813953                     930.000000                   1.000000e+30                   3.500000e+09                      15.000000
                2560741.395349                     930.000000                   1.000000e+30                   3.500000e+09                      15.000000
                2559446.976744                     930.000000                   1.000000e+30                   3.500000e+09                      15.000000
                2558152.558140                     930.000000                   1.000000e+30                   3.500000e+09                      15.000000
                2556858.139535                     930.000000                   1.000000e+30                   3.500000e+09                      15.000000
                2555563.720930                     930.000000                   1.000000e+30                   3.500000e+09                      15.000000
                2554269.302326                     930.000000                   1.000000e+30                   3.500000e+09                      15.000000
                2552974.883721                     930.000000                   1.000000e+30                   3.500000e+09                      15.000000
                2551680.465116                     930.000000                   1.000000e+30                   3.500000e+09                      15.000000
                2550386.046512                     930.000000                   1.000000e+30                   3.500000e+09                      15.000000
                2549091.627907                     930.000000                   1.000000e+30                   3.500000e+09                      15.000000
                2547797.209302                     930.000000                   1.000000e+30                   3.500000e+09                      15.000000
                2546502.790698                     930.000000                   1.000000e+30                   3.500000e+09                      15.000000
                2545208.372093                     930.000000                   1.000000e+30                   3.500000e+09                      15.000000
                2543913.953488                     930.000000                   1.000000e+30                   3.500000e+09                      15.000000
                2542619.534884                     930.000000                   1.000000e+30                   3.500000e+09                      15.000000
                2541325.116279                     930.000000                   1.000000e+30                   3.500000e+09                      15.000000
                2540030.697674                     930.000000                   1.000000e+30                   3.500000e+09                      15.000000
                2538736.279070                     930.000000                   1.000000e+30                   3.500000e+09                      15.000000
                2537441.860465                     930.000000                   1.000000e+30                   3.500000e+09                      15.000000
                2536147.441860                     930.000000                   1.000000e+30                   3.500000e+09                      15.000000
                2534853.023256                     930.000000                   1.000000e+30                   3.500000e+09                      15.000000
                2533558.604651                     930.000000                   1.000000e+30                   3.500000e+09                      15.000000
                2532264.186047                     930.000000                   1.000000e+30                   3.500000e+09                      15.000000
                2530969.767442                     930.000000                   1.000000e+30                   3.500000e+09                      15.000000
                2529675.348837                     930.000000                   1.000000e+30                   3.500000e+09                      15.000000
                2528380.930233                     930.000000                   1.000000e+30                   3.500000e+09                      15.000000
                2527086.511628                     930.000000                   1.000000e+30                   3.500000e+09                      15.000000
                2525792.093023                     930.000000                   1.000000e+30                   3.500000e+09                      15.000000
                2524497.674419                     930.000000                   1.000000e+30                   3.500000e+09                      15.000000
                2523203.255814                     930.000000                   1.000000e+30                   3.500000e+09                      15.000000
                2521908.837209                     930.000000                   1.000000e+30                   3.500000e+09                      15.000000
                2520614.418605                     930.000000                   1.000000e+30                   3.500000e+09                      15.000000
                2519320.000000                     930.000000                   1.000000e+30                   3.500000e+09                      15.000000
                2518025.581395                     930.000000                   1.000000e+30                   3.500000e+09                      15.000000
                2516731.162791                     930.000000                   1.000000e+30                   3.500000e+09                      15.000000
                2515436.744186                     930.000000                   1.000000e+30                   3.500000e+09                      15.000000
                2514142.325581                     930.000000                   1.000000e+30                   3.500000e+09                      15.000000
                2512847.906977                     930.000000                   1.000000e+30                   3.500000e+09                      15.000000
                2511553.488372                     930.000000                   1.000000e+30                   3.500000e+09                      15.000000
                2510259.069767                     930.000000                   1.000000e+30                   3.500000e+09                      15.000000
                2508964.651163                     930.000000                   1.000000e+30                   3.500000e+09                      15.000000
                2507670.232558                     930.000000                   1.000000e+30                   3.500000e+09                      15.000000
                2506375.813953                     930.000000                   1.000000e+30                   3.500000e+09                      15.000000
                2505081.395349                     930.000000                   1.000000e+30                   3.500000e+09                      15.000000
                2503786.976744                     930.000000                   1.000000e+30                   3.500000e+09                      15.000000
                2502492.558140                     930.000000                   1.000000e+30                   3.500000e+09                      15.000000
                2501198.139535                     930.000000                   1.000000e+30                   3.500000e+09                      15.000000
                2499903.720930                     930.000000                   1.000000e+30                   3.500000e+09                      15.000000
                2498609.302326                     930.000000                   1.000000e+30                   3.500000e+09                      15.000000
                2497314.883721                     930.000000                   1.000000e+30                   3.500000e+09                      15.000000
                2496020.465116                     930.000000                   1.000000e+30                   3.500000e+09                      15.000000
                2494726.046512                     930.000000                   1.000000e+30                   3.500000e+09                      15.000000
                2493431.627907                     930.000000                   1.000000e+30                   3.500000e+09                      15.000000
                2492137.209302                     930.000000                   1.000000e+30                   3.500000e+09                      15.000000
                2490842.790698                     930.000000                   1.000000e+30                   3.500000e+09                      15.000000
                2489548.372093                     930.000000                   1.000000e+30                   3.500000e+09                      15.000000
                2488253.953488                     930.000000                   1.000000e+30                   3.500000e+09                      15.000000
                2486959.534884                     930.000000                   1.000000e+30                   3.500000e+09                      15.000000
                2485665.116279                     930.000000                   1.000000e+30                   3.500000e+09                      15.000000
                2484370.697674                     930.000000                   1.000000e+30                   3.500000e+09                      15.000000
                2483076.279070                     930.000000                   1.000000e+30                   3.500000e+09                      15.000000
                2481781.860465                     930.000000                   1.000000e+30                   3.500000e+09                      15.000000
                2480487.441860                     930.000000                   1.000000e+30                   3.500000e+09                      15.000000
                2479193.023256                     930.000000                   1.000000e+30                   3.500000e+09                      15.000000
                2477898.604651                     930.000000                   1.000000e+30                   3.500000e+09                      15.000000
                2476604.186047                     930.000000                   1.000000e+30                   3.500000e+09                      15.000000
                2475309.767442                     930.000000                   1.000000e+30                   3.500000e+09                      15.000000
                2474015.348837                     930.000000                   1.000000e+30                   3.500000e+09                      15.000000
                2472720.930233                     930.000000                   1.000000e+30                   3.500000e+09                      15.000000
                2471426.511628                     930.000000                   1.000000e+30                   3.500000e+09                      15.000000
                2470132.093023                     930.000000                   1.000000e+30                   3.500000e+09                      15.000000
                2468837.674419                     930.000000                   1.000000e+30                   3.500000e+09                      15.000000
                2467543.255814                     930.000000                   1.000000e+30                   3.500000e+09                      15.000000
                2466248.837209                     930.000000                   1.000000e+30                   3.500000e+09                      15.000000
                2464954.418605                     930.000000                   1.000000e+30                   3.500000e+09                      15.000000
                2463660.000000                     930.000000                   1.000000e+30                   3.500000e+09                      15.000000
                2462365.581395                     930.000000                   1.000000e+30                   3.500000e+09                      15.000000
                2461071.162791                     930.000000                   1.000000e+30                   3.500000e+09                      15.000000
                2459776.744186                     930.000000                   1.000000e+30                   3.500000e+09                      15.000000
                2458482.325581                     930.000000                   1.000000e+30                   3.500000e+09                      15.000000
                2457187.906977                     930.000000                   1.000000e+30                   3.500000e+09                      15.000000
                2455893.488372                     930.000000                   1.000000e+30                   3.500000e+09                      15.000000
                2454599.069767                     930.000000                   1.000000e+30                   3.500000e+09                      15.000000
                2453304.651163                     930.000000                   1.000000e+30                   3.500000e+09                      15.000000
                2452010.232558                     930.000000                   1.000000e+30                   3.500000e+09                      15.000000
                2450715.813953                     930.000000                   1.000000e+30                   3.500000e+09                      15.000000
                2449421.395349                     930.000000                   1.000000e+30                   3.500000e+09                      15.000000
                2448126.976744                     930.000000                   1.000000e+30                   3.500000e+09                      15.000000
                2446832.558140                     930.000000                   1.000000e+30                   3.500000e+09                      15.000000
                2445538.139535                     930.000000                   1.000000e+30                   3.500000e+09                      15.000000
                2444243.720930                     930.000000                   1.000000e+30                   3.500000e+09                      15.000000
                2442949.302326                     930.000000                   1.000000e+30                   3.500000e+09                      15.000000
                2441654.883721                     930.000000                   1.000000e+30                   3.500000e+09                      15.000000
                2440360.465116                     930.000000                   1.000000e+30                   3.500000e+09                      15.000000
                2439066.046512                     930.000000                   1.000000e+30                   3.500000e+09                      15.000000
                2437771.627907                     930.000000                   1.000000e+30                   3.500000e+09                      15.000000
                2436477.209302                     930.000000                   1.000000e+30                   3.500000e+09                      15.000000
                2435182.790698                     930.000000                   1.000000e+30                   3.500000e+09                      15.000000
                2433888.372093                     930.000000                   1.000000e+30                   3.500000e+09                      15.000000
                2432593.953488                     930.000000                   1.000000e+30                   3.500000e+09                      15.000000
                2431299.534884                     930.000000                   1.000000e+30                   3.500000e+09                      15.000000
                2430005.116279                     930.000000                   1.000000e+30                   3.500000e+09                      15.000000
                2428710.697674                     930.000000                   1.000000e+30                   3.500000e+09                      15.000000
                2427416.279070                     930.000000                   1.000000e+30                   3.500000e+09                      15.000000
                2426121.860465                     930.000000                   1.000000e+30                   3.500000e+09                      15.000000
                2424827.441860                     930.000000                   1.000000e+30                   3.500000e+09                      15.000000
                2423533.023256                     930.000000                   1.000000e+30                   3.500000e+09                      15.000000
                2422238.604651                     930.000000                   1.000000e+30                   3.500000e+09                      15.000000
                2420944.186047                     930.000000                   1.000000e+30                   3.500000e+09                      15.000000
                2419649.767442                     930.000000                   1.000000e+30                   3.500000e+09                      15.000000
                2418355.348837                     930.000000                   1.000000e+30                   3.500000e+09                      15.000000
                2417060.930233                     930.000000                   1.000000e+30                   3.500000e+09                      15.000000
                2415766.511628                     930.000000                   1.000000e+30                   3.500000e+09                      15.000000
                2414472.093023                     930.000000                   1.000000e+30                   3.500000e+09                      15.000000
                2413177.674419                     930.000000                   1.000000e+30                   3.500000e+09                      15.000000
                2411883.255814                     930.000000                   1.000000e+30                   3.500000e+09                      15.000000
                2410588.837209                     930.000000                   1.000000e+30                   3.500000e+09                      15.000000
                2409294.418605                     930.000000                   1.000000e+30                   3.500000e+09                      15.000000
                2408000.000000                     930.000000                   1.000000e+30                   3.500000e+09                      15.000000
                2408000.000000                    1100.000000                   1.000000e+30                   0.000000e+00                       2.000000
                2407993.867883                    1100.000000                   1.000000e+30                   0.000000e+00                       2.000000
                2407982.969709                    1100.000000                   1.000000e+30                   0.000000e+00                       2.000000
                2407966.630527                    1100.000000                   1.000000e+30                   0.000000e+00                       2.000000
                2407944.860028                    1100.000000                   1.000000e+30                   0.000000e+00                       2.000000
                2407917.671122                    1100.000000                   1.000000e+30                   0.000000e+00                       2.000000
                2407885.079935                    1100.000000                   1.000000e+30                   0.000000e+00                       2.000000
                2407847.105796                    1100.000000                   1.000000e+30                   0.000000e+00                       2.000000
                2407803.771224                    1100.000000                   1.000000e+30                   0.000000e+00                       2.000000
                2407755.101920                    1100.000000                   1.000000e+30                   0.000000e+00                       2.000000
                2407701.126747                    1100.000000                   1.000000e+30                   0.000000e+00                       2.000000
                2407641.877718                    1100.000000                   1.000000e+30                   0.000000e+00                       2.000000
                2407577.389968                    1100.000000                   1.000000e+30                   0.000000e+00                       2.000000
                2407507.701745                    1100.000000                   1.000000e+30                   0.000000e+00                       2.000000
                2407432.854376                    1100.000000                   1.000000e+30                   0.000000e+00                       2.000000
                2407352.892252                    1100.000000                   1.000000e+30                   0.000000e+00                       2.000000
                2407267.862794                    1100.000000                   1.000000e+30                   0.000000e+00                       2.000000
                2407177.816430                    1100.000000                   1.000000e+30                   0.000000e+00                       2.000000
                2407082.806562                    1100.000000                   1.000000e+30                   0.000000e+00                       2.000000
                2406982.889539                    1100.000000                   1.000000e+30                   0.000000e+00                       2.000000
                2406878.124615                    1100.000000                   1.000000e+30                   0.000000e+00                       2.000000
                2406768.573924                    1100.000000                   1.000000e+30                   0.000000e+00                       2.000000
                2406654.302435                    1100.000000                   1.000000e+30                   0.000000e+00                       2.000000
                2406535.377919                    1100.000000                   1.000000e+30                   0.000000e+00                       2.000000
                2406411.870904                    1100.000000                   1.000000e+30                   0.000000e+00                       2.000000
                2406283.854638                    1100.000000                   1.000000e+30                   0.000000e+00                       2.000000
                2406151.405042                    1100.000000                   1.000000e+30                   0.000000e+00                       2.000000
                2406014.600667                    1100.000000                   1.000000e+30                   0.000000e+00                       2.000000
                2405873.522646                    1100.000000                   1.000000e+30                   0.000000e+00                       2.000000
                2405728.254647                    1100.000000                   1.000000e+30                   0.000000e+00                       2.000000
                2405578.882823                    1100.000000                   1.000000e+30                   0.000000e+00                       2.000000
                2405425.495759                    1100.000000                   1.000000e+30                   0.000000e+00                       2.000000
                2405268.184424                    1100.000000                   1.000000e+30                   0.000000e+00                       2.000000
                2405107.042113                    1100.000000                   1.000000e+30                   0.000000e+00                       2.000000
                2404942.164393                    1100.000000                   1.000000e+30                   0.000000e+00                       2.000000
                2404773.649046                    1100.000000                   1.000000e+30                   0.000000e+00                       2.000000
                2404601.596012                    1100.000000                   1.000000e+30                   0.000000e+00                       2.000000
                2404426.107330                    1100.000000                   1.000000e+30                   0.000000e+00                       2.000000
                2404247.287073                    1100.000000                   1.000000e+30                   0.000000e+00                       2.000000
                2404065.241295                    1100.000000                   1.000000e+30                   0.000000e+00                       2.000000
                2403880.077958                    1100.000000                   1.000000e+30                   0.000000e+00                       2.000000
                2403691.906875                    1100.000000                   1.000000e+30                   0.000000e+00                       2.000000
                2403500.839645                    1100.000000                   1.000000e+30                   0.000000e+00                       2.000000
                2403306.989580                    1100.000000                   1.000000e+30                   0.000000e+00                       2.000000
                2403110.471646                    1100.000000                   1.000000e+30                   0.000000e+00                       2.000000
                2402911.402389                    1100.000000                   1.000000e+30                   0.000000e+00                       2.000000
                2402709.899871                    1100.000000                   1.000000e+30                   0.000000e+00                       2.000000
                2402506.083593                    1100.000000                   1.000000e+30                   0.000000e+00                       2.000000
                2402300.074431                    1100.000000                   1.000000e+30                   0.000000e+00                       2.000000
                2402091.994562                    1100.000000                   1.000000e+30                   0.000000e+00                       2.000000
                2401881.967388                    1100.000000                   1.000000e+30                   0.000000e+00                       2.000000
                2401670.117469                    1100.000000                   1.000000e+30                   0.000000e+00                       2.000000
                2401456.570445                    1100.000000                   1.000000e+30                   0.000000e+00                       2.000000
                2401241.452962                    1100.000000                   1.000000e+30                   0.000000e+00                       2.000000
                2401024.892597                    1100.000000                   1.000000e+30                   0.000000e+00                       2.000000
                2400807.017784                    1100.000000                   1.000000e+30                   0.000000e+00                       2.000000
                2400587.957736                    1100.000000                   1.000000e+30                   0.000000e+00                       2.000000
                2400367.842368                    1100.000000                   1.000000e+30                   0.000000e+00                       2.000000
                2400146.802223                    1100.000000                   1.000000e+30                   0.000000e+00                       2.000000
                2399924.968389                    1100.000000                   1.000000e+30                   0.000000e+00                       2.000000
                2399702.472430                    1100.000000                   1.000000e+30                   0.000000e+00                       2.000000
                2399479.446296                    1100.000000                   1.000000e+30                   0.000000e+00                       2.000000
                2399256.022258                    1100.000000                   1.000000e+30                   0.000000e+00                       2.000000
                2399032.332818                    1100.000000                   1.000000e+30                   0.000000e+00                       2.000000
                2398808.510638                    1100.000000                   1.000000e+30                   0.000000e+00                       2.000000
                2398584.688458                    1100.000000                   1.000000e+30                   0.000000e+00                       2.000000
                2398360.999019                    1100.000000                   1.000000e+30                   0.000000e+00                       2.000000
                2398137.574980                    1100.000000                   1.000000e+30                   0.000000e+00                       2.000000
                2397914.548847                    1100.000000                   1.000000e+30                   0.000000e+00                       2.000000
                2397692.052887                    1100.000000                   1.000000e+30                   0.000000e+00                       2.000000
                2397470.219054                    1100.000000                   1.000000e+30                   0.000000e+00                       2.000000
                2397249.178909                    1100.000000                   1.000000e+30                   0.000000e+00                       2.000000
                2397029.063541                    1100.000000                   1.000000e+30                   0.000000e+00                       2.000000
                2396810.003493                    1100.000000                   1.000000e+30                   0.000000e+00                       2.000000
                2396592.128680                    1100.000000                   1.000000e+30                   0.000000e+00                       2.000000
                2396375.568315                    1100.000000                   1.000000e+30                   0.000000e+00                       2.000000
                2396160.450831                    1100.000000                   1.000000e+30                   0.000000e+00                       2.000000
                2395946.903807                    1100.000000                   1.000000e+30                   0.000000e+00                       2.000000
                2395735.053889                    1100.000000                   1.000000e+30                   0.000000e+00                       2.000000
                2395525.026715                    1100.000000                   1.000000e+30                   0.000000e+00                       2.000000
                2395316.946846                    1100.000000                   1.000000e+30                   0.000000e+00                       2.000000
                2395110.937684                    1100.000000                   1.000000e+30                   0.000000e+00                       2.000000
                2394907.121406                    1100.000000                   1.000000e+30                   0.000000e+00                       2.000000
                2394705.618887                    1100.000000                   1.000000e+30                   0.000000e+00                       2.000000
                2394506.549631                    1100.000000                   1.000000e+30                   0.000000e+00                       2.000000
                2394310.031697                    1100.000000                   1.000000e+30                   0.000000e+00                       2.000000
                2394116.181632                    1100.000000                   1.000000e+30                   0.000000e+00                       2.000000
                2393925.114401                    1100.000000                   1.000000e+30                   0.000000e+00                       2.000000
                2393736.943319                    1100.000000                   1.000000e+30                   0.000000e+00                       2.000000
                2393551.779982                    1100.000000                   1.000000e+30                   0.000000e+00                       2.000000
                2393369.734203                    1100.000000                   1.000000e+30                   0.000000e+00                       2.000000
                2393190.913947                    1100.000000                   1.000000e+30                   0.000000e+00                       2.000000
                2393015.425264                    1100.000000                   1.000000e+30                   0.000000e+00                       2.000000
                2392843.372231                    1100.000000                   1.000000e+30                   0.000000e+00                       2.000000
                2392674.856884                    1100.000000                   1.000000e+30                   0.000000e+00                       2.000000
                2392509.979164                    1100.000000                   1.000000e+30                   0.000000e+00                       2.000000
                2392348.836853                    1100.000000                   1.000000e+30                   0.000000e+00                       2.000000
                2392191.525518                    1100.000000                   1.000000e+30                   0.000000e+00                       2.000000
                2392038.138454                    1100.000000                   1.000000e+30                   0.000000e+00                       2.000000
                2391888.766629                    1100.000000                   1.000000e+30                   0.000000e+00                       2.000000
                2391743.498630                    1100.000000                   1.000000e+30                   0.000000e+00                       2.000000
                2391602.420609                    1100.000000                   1.000000e+30                   0.000000e+00                       2.000000
                2391465.616234                    1100.000000                   1.000000e+30                   0.000000e+00                       2.000000
                2391333.166638                    1100.000000                   1.000000e+30                   0.000000e+00                       2.000000
                2391205.150372                    1100.000000                   1.000000e+30                   0.000000e+00                       2.000000
                2391081.643358                    1100.000000                   1.000000e+30                   0.000000e+00                       2.000000
                2390962.718841                    1100.000000                   1.000000e+30                   0.000000e+00                       2.000000
                2390848.447352                    1100.000000                   1.000000e+30                   0.000000e+00                       2.000000
                2390738.896661                    1100.000000                   1.000000e+30                   0.000000e+00                       2.000000
                2390634.131738                    1100.000000                   1.000000e+30                   0.000000e+00                       2.000000
                2390534.214714                    1100.000000                   1.000000e+30                   0.000000e+00                       2.000000
                2390439.204847                    1100.000000                   1.000000e+30                   0.000000e+00                       2.000000
                2390349.158483                    1100.000000                   1.000000e+30                   0.000000e+00                       2.000000
                2390264.129025                    1100.000000                   1.000000e+30                   0.000000e+00                       2.000000
                2390184.166900                    1100.000000                   1.000000e+30                   0.000000e+00                       2.000000
                2390109.319532                    1100.000000                   1.000000e+30                   0.000000e+00                       2.000000
                2390039.631308                    1100.000000                   1.000000e+30                   0.000000e+00                       2.000000
                2389975.143559                    1100.000000                   1.000000e+30                   0.000000e+00                       2.000000
                2389915.894529                    1100.000000                   1.000000e+30                   0.000000e+00                       2.000000
                2389861.919357                    1100.000000                   1.000000e+30                   0.000000e+00                       2.000000
                2389813.250053                    1100.000000                   1.000000e+30                   0.000000e+00                       2.000000
                2389769.915481                    1100.000000                   1.000000e+30                   0.000000e+00                       2.000000
                2389731.941341                    1100.000000                   1.000000e+30                   0.000000e+00                       2.000000
                2389699.350154                    1100.000000                   1.000000e+30                   0.000000e+00                       2.000000
                2389672.161249                    1100.000000                   1.000000e+30                   0.000000e+00                       2.000000
                2389650.390750                    1100.000000                   1.000000e+30                   0.000000e+00                       2.000000
                2389634.051568                    1100.000000                   1.000000e+30                   0.000000e+00                       2.000000
                2389623.153394                    1100.000000                   1.000000e+30                   0.000000e+00                       2.000000
                2389617.702690                    1100.000000                   1.000000e+30                   0.000000e+00                       2.000000
                2389617.021277                    1100.000000                   1.000000e+30                   0.000000e+00                       2.000000
                2389617.021277                    1250.000000                   1.000000e+30                   6.000000e+09                      15.000000
                2386596.734290                    1250.000000                   1.000000e+30                   6.000000e+09                      15.000000
                2383576.447303                    1250.000000                   1.000000e+30                   6.000000e+09                      15.000000
                2380556.160317                    1250.000000                   1.000000e+30                   6.000000e+09                      15.000000
                2377535.873330                    1250.000000                   1.000000e+30                   6.000000e+09                      15.000000
                2374515.586343                    1250.000000                   1.000000e+30                   6.000000e+09                      15.000000
                2371495.299357                    1250.000000                   1.000000e+30                   6.000000e+09                      15.000000
                2368475.012370                    1250.000000                   1.000000e+30                   6.000000e+09                      15.000000
                2365454.725383                    1250.000000                   1.000000e+30                   6.000000e+09                      15.000000
                2362434.438397                    1250.000000                   1.000000e+30                   6.000000e+09                      15.000000
                2359414.151410                    1250.000000                   1.000000e+30                   6.000000e+09                      15.000000
                2356393.864424                    1250.000000                   1.000000e+30                   6.000000e+09                      15.000000
                2353373.577437                    1250.000000                   1.000000e+30                   6.000000e+09                      15.000000
                2350353.290450                    1250.000000                   1.000000e+30                   6.000000e+09                      15.000000
                2347333.003464                    1250.000000                   1.000000e+30                   6.000000e+09                      15.000000
                2344312.716477                    1250.000000                   1.000000e+30                   6.000000e+09                      15.000000
                2341292.429490                    1250.000000                   1.000000e+30                   6.000000e+09                      15.000000
                2338272.142504                    1250.000000                   1.000000e+30                   6.000000e+09                      15.000000
                2335251.855517                    1250.000000                   1.000000e+30                   6.000000e+09                      15.000000
                2332231.568530                    1250.000000                   1.000000e+30                   6.000000e+09                      15.000000
                2329211.281544                    1250.000000                   1.000000e+30                   6.000000e+09                      15.000000
                2326190.994557                    1250.000000                   1.000000e+30                   6.000000e+09                      15.000000
                2323170.707571                    1250.000000                   1.000000e+30                   6.000000e+09                      15.000000
                2320150.420584                    1250.000000                   1.000000e+30                   6.000000e+09                      15.000000
                2317130.133597                    1250.000000                   1.000000e+30                   6.000000e+09                      15.000000
                2314109.846611                    1250.000000                   1.000000e+30                   6.000000e+09                      15.000000
                2311089.559624                    1250.000000                   1.000000e+30                   6.000000e+09                      15.000000
                2308069.272637                    1250.000000                   1.000000e+30                   6.000000e+09                      15.000000
                2305048.985651                    1250.000000                   1.000000e+30                   6.000000e+09                      15.000000
                2302028.698664                    1250.000000                   1.000000e+30                   6.000000e+09                      15.000000
                2299008.411677                    1250.000000                   1.000000e+30                   6.000000e+09                      15.000000
                2295988.124691                    1250.000000                   1.000000e+30                   6.000000e+09                      15.000000
                2292967.837704                    1250.000000                   1.000000e+30                   6.000000e+09                      15.000000
                2289947.550717                    1250.000000                   1.000000e+30                   6.000000e+09                      15.000000
                2286927.263731                    1250.000000                   1.000000e+30                   6.000000e+09                      15.000000
                2283906.976744                    1250.000000                   1.000000e+30                   6.000000e+09                      15.000000
                2280886.689758                    1250.000000                   1.000000e+30                   6.000000e+09                      15.000000
                2277866.402771                    1250.000000                   1.000000e+30                   6.000000e+09                      15.000000
                2274846.115784                    1250.000000                   1.000000e+30                   6.000000e+09                      15.000000
                2271825.828798                    1250.000000                   1.000000e+30                   6.000000e+09                      15.000000
                2268805.541811                    1250.000000                   1.000000e+30                   6.000000e+09                      15.000000
                2265785.254824                    1250.000000                   1.000000e+30                   6.000000e+09                      15.000000
                2262764.967838                    1250.000000                   1.000000e+30                   6.000000e+09                      15.000000
                2259744.680851                    1250.000000                   1.000000e+30                   6.000000e+09                      15.000000
                2256724.393864                    1250.000000                   1.000000e+30                   6.000000e+09                      15.000000
                2253704.106878                    1250.000000                   1.000000e+30                   6.000000e+09                      15.000000
                2250683.819891                    1250.000000                   1.000000e+30                   6.000000e+09                      15.000000
                2247663.532905                    1250.000000                   1.000000e+30                   6.000000e+09                      15.000000
                2244643.245918                    1250.000000                   1.000000e+30                   6.000000e+09                      15.000000
                2241622.958931                    1250.000000                   1.000000e+30                   6.000000e+09                      15.000000
                2238602.671945                    1250.000000                   1.000000e+30                   6.000000e+09                      15.000000
                2235582.384958                    1250.000000                   1.000000e+30                   6.000000e+09                      15.000000
                2232562.097971                    1250.000000                   1.000000e+30                   6.000000e+09                      15.000000
                2229541.810985                    1250.000000                   1.000000e+30                   6.000000e+09                      15.000000
                2226521.523998                    1250.000000                   1.000000e+30                   6.000000e+09                      15.000000
                2223501.237011                    1250.000000                   1.000000e+30                   6.000000e+09                      15.000000
                2220480.950025                    1250.000000                   1.000000e+30                   6.000000e+09                      15.000000
                2217460.663038                    1250.000000                   1.000000e+30                   6.000000e+09                      15.000000
                2214440.376051                    1250.000000                   1.000000e+30                   6.000000e+09                      15.000000
                2211420.089065                    1250.000000                   1.000000e+30                   6.000000e+09                      15.000000
                2208399.802078                    1250.000000                   1.000000e+30                   6.000000e+09                      15.000000
                2205379.515092                    1250.000000                   1.000000e+30                   6.000000e+09                      15.000000
                2202359.228105                    1250.000000                   1.000000e+30                   6.000000e+09                      15.000000
                2199338.941118                    1250.000000                   1.000000e+30                   6.000000e+09                      15.000000
                2196318.654132                    1250.000000                   1.000000e+30                   6.000000e+09                      15.000000
                2193298.367145                    1250.000000                   1.000000e+30                   6.000000e+09                      15.000000
                2190278.080158                    1250.000000                   1.000000e+30                   6.000000e+09                      15.000000
                2187257.793172                    1250.000000                   1.000000e+30                   6.000000e+09                      15.000000
                2184237.506185                    1250.000000                   1.000000e+30                   6.000000e+09                      15.000000
                2181217.219198                    1250.000000                   1.000000e+30                   6.000000e+09                      15.000000
                2178196.932212                    1250.000000                   1.000000e+30                   6.000000e+09                      15.000000
                2175176.645225                    1250.000000                   1.000000e+30                   6.000000e+09                      15.000000
                2172156.358238                    1250.000000                   1.000000e+30                   6.000000e+09                      15.000000
                2169136.071252                    1250.000000                   1.000000e+30                   6.000000e+09                      15.000000
                2166115.784265                    1250.000000                   1.000000e+30                   6.000000e+09                      15.000000
                2163095.497279                    1250.000000                   1.000000e+30                   6.000000e+09                      15.000000
                2160075.210292                    1250.000000                   1.000000e+30                   6.000000e+09                      15.000000
                2157054.923305                    1250.000000                   1.000000e+30                   6.000000e+09                      15.000000
                2154034.636319                    1250.000000                   1.000000e+30                   6.000000e+09                      15.000000
                2151014.349332                    1250.000000                   1.000000e+30                   6.000000e+09                      15.000000
                2147994.062345                    1250.000000                   1.000000e+30                   6.000000e+09                      15.000000
                2144973.775359                    1250.000000                   1.000000e+30                   6.000000e+09                      15.000000
                2141953.488372                    1250.000000                   1.000000e+30                   6.000000e+09                      15.000000
                2138933.201385                    1250.000000                   1.000000e+30                   6.000000e+09                      15.000000
                2135912.914399                    1250.000000                   1.000000e+30                   6.000000e+09                      15.000000
                2132892.627412                    1250.000000                   1.000000e+30                   6.000000e+09                      15.000000
                2129872.340426                    1250.000000                   1.000000e+30                   6.000000e+09                      15.000000
                2126852.053439                    1250.000000                   1.000000e+30                   6.000000e+09                      15.000000
                2123831.766452                    1250.000000                   1.000000e+30                   6.000000e+09                      15.000000
                2120811.479466                    1250.000000                   1.000000e+30                   6.000000e+09                      15.000000
                2117791.192479                    1250.000000                   1.000000e+30                   6.000000e+09                      15.000000
                2114770.905492                    1250.000000                   1.000000e+30                   6.000000e+09                      15.000000
                2111750.618506                    1250.000000                   1.000000e+30                   6.000000e+09                      15.000000
                2108730.331519                    1250.000000                   1.000000e+30                   6.000000e+09                      15.000000
                2105710.044532                    1250.000000                   1.000000e+30                   6.000000e+09                      15.000000
                2102689.757546                    1250.000000                   1.000000e+30                   6.000000e+09                      15.000000
                2099669.470559                    1250.000000                   1.000000e+30                   6.000000e+09                      15.000000
                2096649.183572                    1250.000000                   1.000000e+30                   6.000000e+09                      15.000000
                2093628.896586                    1250.000000                   1.000000e+30                   6.000000e+09                      15.000000
                2090608.609599                    1250.000000                   1.000000e+30                   6.000000e+09                      15.000000
                2087588.322613                    1250.000000                   1.000000e+30                   6.000000e+09                      15.000000
                2084568.035626                    1250.000000                   1.000000e+30                   6.000000e+09                      15.000000
                2081547.748639                    1250.000000                   1.000000e+30                   6.000000e+09                      15.000000
                2078527.461653                    1250.000000                   1.000000e+30                   6.000000e+09                      15.000000
                2075507.174666                    1250.000000                   1.000000e+30                   6.000000e+09                      15.000000
                2072486.887679                    1250.000000                   1.000000e+30                   6.000000e+09                      15.000000
                2069466.600693                    1250.000000                   1.000000e+30                   6.000000e+09                      15.000000
                2066446.313706                    1250.000000                   1.000000e+30                   6.000000e+09                      15.000000
                2063426.026719                    1250.000000                   1.000000e+30                   6.000000e+09                      15.000000
                2060405.739733                    1250.000000                   1.000000e+30                   6.000000e+09                      15.000000
                2057385.452746                    1250.000000                   1.000000e+30                   6.000000e+09                      15.000000
                2054365.165760                    1250.000000                   1.000000e+30                   6.000000e+09                      15.000000
                2051344.878773                    1250.000000                   1.000000e+30                   6.000000e+09                      15.000000
                2048324.591786                    1250.000000                   1.000000e+30                   6.000000e+09                      15.000000
                2045304.304800                    1250.000000                   1.000000e+30                   6.000000e+09                      15.000000
                2042284.017813                    1250.000000                   1.000000e+30                   6.000000e+09                      15.000000
                2039263.730826                    1250.000000                   1.000000e+30                   6.000000e+09                      15.000000
                2036243.443840                    1250.000000                   1.000000e+30                   6.000000e+09                      15.000000
                2033223.156853                    1250.000000                   1.000000e+30                   6.000000e+09                      15.000000
                2030202.869866                    1250.000000                   1.000000e+30                   6.000000e+09                      15.000000
                2027182.582880                    1250.000000                   1.000000e+30                   6.000000e+09                      15.000000
                2024162.295893                    1250.000000                   1.000000e+30                   6.000000e+09                      15.000000
                2021142.008906                    1250.000000                   1.000000e+30                   6.000000e+09                      15.000000
                2018121.721920                    1250.000000                   1.000000e+30                   6.000000e+09                      15.000000
                2015101.434933                    1250.000000                   1.000000e+30                   6.000000e+09                      15.000000
                2012081.147947                    1250.000000                   1.000000e+30                   6.000000e+09                      15.000000
                2009060.860960                    1250.000000                   1.000000e+30                   6.000000e+09                      15.000000
                2006040.573973                    1250.000000                   1.000000e+30                   6.000000e+09                      15.000000
                2003020.286987                    1250.000000                   1.000000e+30                   6.000000e+09                      15.000000
                2000000.000000                    1250.000000                   1.000000e+30                   6.000000e+09                      15.000000
                2000000.000000                    2851.532602                   1.000000e+30                   3.000000e+10                      17.000000
                1977488.735270                    2851.532602                   1.000000e+30                   3.000000e+10                      17.000000
                1954977.470539                    2851.532602                   1.000000e+30                   3.000000e+10                      17.000000
                1932466.205809                    2851.532602                   1.000000e+30                   3.000000e+10                      17.000000
                1909954.941078                    2851.532602                   1.000000e+30                   3.000000e+10                      17.000000
                1887443.676348                    2851.532602                   1.000000e+30                   3.000000e+10                      17.000000
                1864932.411617                    2851.532602                   1.000000e+30                   3.000000e+10                      17.000000
                1842421.146887                    2851.532602                   1.000000e+30                   3.000000e+10                      17.000000
                1819909.882156                    2851.532602                   1.000000e+30                   3.000000e+10                      17.000000
                1797398.617426                    2851.532602                   1.000000e+30                   3.000000e+10                      17.000000
                1774887.352695                    2851.532602                   1.000000e+30                   3.000000e+10                      17.000000
                1752376.087965                    2851.532602                   1.000000e+30                   3.000000e+10                      17.000000
                1729864.823234                    2851.532602                   1.000000e+30                   3.000000e+10                      17.000000
                1707353.558504                    2851.532602                   1.000000e+30                   3.000000e+10                      17.000000
                1684842.293773                    2851.532602                   1.000000e+30                   3.000000e+10                      17.000000
                1662331.029043                    2851.532602                   1.000000e+30                   3.000000e+10                      17.000000
                1639819.764312                    2851.532602                   1.000000e+30                   3.000000e+10                      17.000000
                1617308.499582                    2851.532602                   1.000000e+30                   3.000000e+10                      17.000000
                1594797.234851                    2851.532602                   1.000000e+30                   3.000000e+10                      17.000000
                1572285.970121                    2851.532602                   1.000000e+30                   3.000000e+10                      17.000000
                1549774.705390                    2851.532602                   1.000000e+30                   3.000000e+10                      17.000000
                1527263.440660                    2851.532602                   1.000000e+30                   3.000000e+10                      17.000000
                1504752.175929                    2851.532602                   1.000000e+30                   3.000000e+10                      17.000000
                1482240.911199                    2851.532602                   1.000000e+30                   3.000000e+10                      17.000000
                1459729.646468                    2851.532602                   1.000000e+30                   3.000000e+10                      17.000000
                1437218.381738                    2851.532602                   1.000000e+30                   3.000000e+10                      17.000000
                1414707.117007                    2851.532602                   1.000000e+30                   3.000000e+10                      17.000000
                1392195.852277                    2851.532602                   1.000000e+30                   3.000000e+10                      17.000000
                1369684.587546                    2851.532602                   1.000000e+30                   3.000000e+10                      17.000000
                1347173.322816                    2851.532602                   1.000000e+30                   3.000000e+10                      17.000000
                1324662.058085                    2851.532602                   1.000000e+30                   3.000000e+10                      17.000000
                1302150.793355                    2851.532602                   1.000000e+30                   3.000000e+10                      17.000000
                1279639.528624                    2851.532602                   1.000000e+30                   3.000000e+10                      17.000000
                1257128.263894                    2851.532602                   1.000000e+30                   3.000000e+10                      17.000000
                1234616.999163                    2851.532602                   1.000000e+30                   3.000000e+10                      17.000000
                1212105.734433                    2851.532602                   1.000000e+30                   3.000000e+10                      17.000000
                1189594.469702                    2851.532602                   1.000000e+30                   3.000000e+10                      17.000000
                1167083.204972                    2851.532602                   1.000000e+30                   3.000000e+10                      17.000000
                1144571.940241                    2851.532602                   1.000000e+30                   3.000000e+10                      17.000000
                1122060.675511                    2851.532602                   1.000000e+30                   3.000000e+10                      17.000000
                1099549.410781                    2851.532602                   1.000000e+30                   3.000000e+10                      17.000000
                1077038.146050                    2851.532602                   1.000000e+30                   3.000000e+10                      17.000000
                1054526.881320                    2851.532602                   1.000000e+30                   3.000000e+10                      17.000000
                1032015.616589                    2851.532602                   1.000000e+30                   3.000000e+10                      17.000000
                1009504.351859                    2851.532602                   1.000000e+30                   3.000000e+10                      17.000000
                 986993.087128                    2851.532602                   1.000000e+30                   3.000000e+10                      17.000000
                 964481.822398                    2851.532602                   1.000000e+30                   3.000000e+10                      17.000000
                 941970.557667                    2851.532602                   1.000000e+30                   3.000000e+10                      17.000000
                 919459.292937                    2851.532602                   1.000000e+30                   3.000000e+10                      17.000000
                 896948.028206                    2851.532602                   1.000000e+30                   3.000000e+10                      17.000000
                 874436.763476                    2851.532602                   1.000000e+30                   3.000000e+10                      17.000000
                 851925.498745                    2851.532602                   1.000000e+30                   3.000000e+10                      17.000000
                 829414.234015                    2851.532602                   1.000000e+30                   3.000000e+10                      17.000000
                 806902.969284                    2851.532602                   1.000000e+30                   3.000000e+10                      17.000000
                 784391.704554                    2851.532602                   1.000000e+30                   3.000000e+10                      17.000000
                 761880.439823                    2851.532602                   1.000000e+30                   3.000000e+10                      17.000000
                 739369.175093                    2851.532602                   1.000000e+30                   3.000000e+10                      17.000000
                 716857.910362                    2851.532602                   1.000000e+30                   3.000000e+10                      17.000000
                 694346.645632                    2851.532602                   1.000000e+30                   3.000000e+10                      17.000000
                 671835.380901                    2851.532602                   1.000000e+30                   3.000000e+10                      17.000000
                 649324.116171                    2851.532602                   1.000000e+30                   3.000000e+10                      17.000000
                 626812.851440                    2851.532602                   1.000000e+30                   3.000000e+10                      17.000000
                 604301.586710                    2851.532602                   1.000000e+30                   3.000000e+10                      17.000000
                 581790.321979                    2851.532602                   1.000000e+30                   3.000000e+10                      17.000000
                 559279.057249                    2851.532602                   1.000000e+30                   3.000000e+10                      17.000000
                 536767.792518                    2851.532602                   1.000000e+30                   3.000000e+10                      17.000000
                 514256.527788                    2851.532602                   1.000000e+30                   3.000000e+10                      17.000000
                 491745.263057                    2851.532602                   1.000000e+30                   3.000000e+10                      17.000000
                 469233.998327                    2851.532602                   1.000000e+30                   3.000000e+10                      17.000000
                 446722.733596                    2851.532602                   1.000000e+30                   3.000000e+10                      17.000000
                 424211.468866                    2851.532602                   1.000000e+30                   3.000000e+10                      17.000000
                 401700.204135                    2851.532602                   1.000000e+30                   3.000000e+10                      17.000000
                 379188.939405                    2851.532602                   1.000000e+30                   3.000000e+10                      17.000000
                 356677.674674                    2851.532602                   1.000000e+30                   3.000000e+10                      17.000000
                 334166.409944                    2851.532602                   1.000000e+30                   3.000000e+10                      17.000000
                 311655.145213                    2851.532602                   1.000000e+30                   3.000000e+10                      17.000000
                 289143.880483                    2851.532602                   1.000000e+30                   3.000000e+10                      17.000000
                 266632.615752                    2851.532602                   1.000000e+30                   3.000000e+10                      17.000000
                 244121.351022                    2851.532602                   1.000000e+30                   3.000000e+10                      17.000000
                 221610.086292                    2851.532602                   1.000000e+30                   3.000000e+10                      17.000000
                 199098.821561                    2851.532602                   1.000000e+30                   3.000000e+10                      17.000000
                 176587.556831                    2851.532602                   1.000000e+30                   3.000000e+10                      17.000000
                 154076.292100                    2851.532602                   1.000000e+30                   3.000000e+10                      17.000000
                 131565.027370                    2851.532602                   1.000000e+30                   3.000000e+10                      17.000000
                 109053.762639                    2851.532602                   1.000000e+30                   3.000000e+10                      17.000000
                  86542.497909                    2851.532602                   1.000000e+30                   3.000000e+10                      17.000000
                  64031.233178                    2851.532602                   1.000000e+30                   3.000000e+10                      17.000000
                  41519.968448                    2851.532602                   1.000000e+30                   3.000000e+10                      17.000000
                  19008.703717                    2851.532602                   1.000000e+30                   3.000000e+10                      17.000000
                  -3502.561013                    2851.532602                   1.000000e+30                   3.000000e+10                      17.000000
                 -26013.825744                    2851.532602                   1.000000e+30                   3.000000e+10                      17.000000
                 -48525.090474                    2851.532602                   1.000000e+30                   3.000000e+10                      17.000000
                 -71036.355205                    2851.532602                   1.000000e+30                   3.000000e+10                      17.000000
                 -93547.619935                    2851.532602                   1.000000e+30                   3.000000e+10                      17.000000
                -116058.884666                    2851.532602                   1.000000e+30                   3.000000e+10                      17.000000
                -138570.149396                    2851.532602                   1.000000e+30                   3.000000e+10                      17.000000
                -161081.414127                    2851.532602                   1.000000e+30                   3.000000e+10                      17.000000
                -183592.678857                    2851.532602                   1.000000e+30                   3.000000e+10                      17.000000
                -206103.943588                    2851.532602                   1.000000e+30                   3.000000e+10                      17.000000
                -228615.208318                    2851.532602                   1.000000e+30                   3.000000e+10                      17.000000
                -251126.473049                    2851.532602                   1.000000e+30                   3.000000e+10                      17.000000
                -273637.737779                    2851.532602                   1.000000e+30                   3.000000e+10                      17.000000
                -296149.002510                    2851.532602                   1.000000e+30                   3.000000e+10                      17.000000
                -318660.267240                    2851.532602                   1.000000e+30                   3.000000e+10                      17.000000
                -341171.531971                    2851.532602                   1.000000e+30                   3.000000e+10                      17.000000
                -363682.796701                    2851.532602                   1.000000e+30                   3.000000e+10                      17.000000
                -386194.061432                    2851.532602                   1.000000e+30                   3.000000e+10                      17.000000
                -408705.326162                    2851.532602                   1.000000e+30                   3.000000e+10                      17.000000
                -431216.590893                    2851.532602                   1.000000e+30                   3.000000e+10                      17.000000
                -453727.855623                    2851.532602                   1.000000e+30                   3.000000e+10                      17.000000
                -476239.120354                    2851.532602                   1.000000e+30                   3.000000e+10                      17.000000
                -498750.385084                    2851.532602                   1.000000e+30                   3.000000e+10                      17.000000
                -521261.649815                    2851.532602                   1.000000e+30                   3.000000e+10                      17.000000
                -543772.914545                    2851.532602                   1.000000e+30                   3.000000e+10                      17.000000
                -566284.179276                    2851.532602                   1.000000e+30                   3.000000e+10                      17.000000
                -588795.444006                    2851.532602                   1.000000e+30                   3.000000e+10                      17.000000
                -611306.708736                    2851.532602                   1.000000e+30                   3.000000e+10                      17.000000
                -633817.973467                    2851.532602                   1.000000e+30                   3.000000e+10                      17.000000
                -656329.238197                    2851.532602                   1.000000e+30                   3.000000e+10                      17.000000
                -678840.502928                    2851.532602                   1.000000e+30                   3.000000e+10                      17.000000
                -701351.767658                    2851.532602                   1.000000e+30                   3.000000e+10                      17.000000
                -723863.032389                    2851.532602                   1.000000e+30                   3.000000e+10                      17.000000
                -746374.297119                    2851.532602                   1.000000e+30                   3.000000e+10                      17.000000
                -768885.561850                    2851.532602                   1.000000e+30                   3.000000e+10                      17.000000
                -791396.826580                    2851.532602                   1.000000e+30                   3.000000e+10                      17.000000
                -813908.091311                    2851.532602                   1.000000e+30                   3.000000e+10                      17.000000
                -836419.356041                    2851.532602                   1.000000e+30                   3.000000e+10                      17.000000
                -858930.620772                    2851.532602                   1.000000e+30                   3.000000e+10                      17.000000
                -881441.885502                    2851.532602                   1.000000e+30                   3.000000e+10                      17.000000
                -903953.150233                    2851.532602                   1.000000e+30                   3.000000e+10                      17.000000
                -903953.150233                    3300.000000                   1.000000e+30                   5.000000e+10                      22.000000
                -896945.683952                    3300.000000                   1.000000e+30                   5.000000e+10                      22.000000
                -889938.217671                    3300.000000                   1.000000e+30                   5.000000e+10                      22.000000
                -882930.751390                    3300.000000                   1.000000e+30                   5.000000e+10                      22.000000
                -875923.285109                    3300.000000                   1.000000e+30                   5.000000e+10                      22.000000
                -868915.818828                    3300.000000                   1.000000e+30                   5.000000e+10                      22.000000
                -861908.352548                    3300.000000                   1.000000e+30                   5.000000e+10                      22.000000
                -854900.886267                    3300.000000                   1.000000e+30                   5.000000e+10                      22.000000
                -847893.419986                    3300.000000                   1.000000e+30                   5.000000e+10                      22.000000
                -840885.953705                    3300.000000                   1.000000e+30                   5.000000e+10                      22.000000
                -833878.487424                    3300.000000                   1.000000e+30                   5.000000e+10                      22.000000
                -826871.021143                    3300.000000                   1.000000e+30                   5.000000e+10                      22.000000
                -819863.554862                    3300.000000                   1.000000e+30                   5.000000e+10                      22.000000
                -812856.088581                    3300.000000                   1.000000e+30                   5.000000e+10                      22.000000
                -805848.622301                    3300.000000                   1.000000e+30                   5.000000e+10                      22.000000
                -798841.156020                    3300.000000                   1.000000e+30                   5.000000e+10                      22.000000
                -791833.689739                    3300.000000                   1.000000e+30                   5.000000e+10                      22.000000
                -784826.223458                    3300.000000                   1.000000e+30                   5.000000e+10                      22.000000
                -777818.757177                    3300.000000                   1.000000e+30                   5.000000e+10                      22.000000
                -770811.290896                    3300.000000                   1.000000e+30                   5.000000e+10                      22.000000
                -763803.824615                    3300.000000                   1.000000e+30                   5.000000e+10                      22.000000
                -756796.358334                    3300.000000                   1.000000e+30                   5.000000e+10                      22.000000
                -749788.892054                    3300.000000                   1.000000e+30                   5.000000e+10                      22.000000
                -742781.425773                    3300.000000                   1.000000e+30                   5.000000e+10                      22.000000
                -735773.959492                    3300.000000                   1.000000e+30                   5.000000e+10                      22.000000
                -728766.493211                    3300.000000                   1.000000e+30                   5.000000e+10                      22.000000
                -721759.026930                    3300.000000                   1.000000e+30                   5.000000e+10                      22.000000
                -714751.560649                    3300.000000                   1.000000e+30                   5.000000e+10                      22.000000
                -707744.094368                    3300.000000                   1.000000e+30                   5.000000e+10                      22.000000
                -700736.628087                    3300.000000                   1.000000e+30                   5.000000e+10                      22.000000
                -693729.161807                    3300.000000                   1.000000e+30                   5.000000e+10                      22.000000
                -686721.695526                    3300.000000                   1.000000e+30                   5.000000e+10                      22.000000
                -679714.229245                    3300.000000                   1.000000e+30                   5.000000e+10                      22.000000
                -672706.762964                    3300.000000                   1.000000e+30                   5.000000e+10                      22.000000
                -665699.296683                    3300.000000                   1.000000e+30                   5.000000e+10                      22.000000
                -658691.830402                    3300.000000                   1.000000e+30                   5.000000e+10                      22.000000
                -651684.364121                    3300.000000                   1.000000e+30                   5.000000e+10                      22.000000
                -644676.897840                    3300.000000                   1.000000e+30                   5.000000e+10                      22.000000
                -637669.431560                    3300.000000                   1.000000e+30                   5.000000e+10                      22.000000
                -630661.965279                    3300.000000                   1.000000e+30                   5.000000e+10                      22.000000
                -623654.498998                    3300.000000                   1.000000e+30                   5.000000e+10                      22.000000
                -616647.032717                    3300.000000                   1.000000e+30                   5.000000e+10                      22.000000
                -609639.566436                    3300.000000                   1.000000e+30                   5.000000e+10                      22.000000
                -602632.100155                    3300.000000                   1.000000e+30                   5.000000e+10                      22.000000
                -595624.633874                    3300.000000                   1.000000e+30                   5.000000e+10                      22.000000
                -588617.167593                    3300.000000                   1.000000e+30                   5.000000e+10                      22.000000
                -581609.701313                    3300.000000                   1.000000e+30                   5.000000e+10                      22.000000
                -574602.235032                    3300.000000                   1.000000e+30                   5.000000e+10                      22.000000
                -567594.768751                    3300.000000                   1.000000e+30                   5.000000e+10                      22.000000
                -560587.302470                    3300.000000                   1.000000e+30                   5.000000e+10                      22.000000
                -553579.836189                    3300.000000                   1.000000e+30                   5.000000e+10                      22.000000
                -546572.369908                    3300.000000                   1.000000e+30                   5.000000e+10                      22.000000
                -539564.903627                    3300.000000                   1.000000e+30                   5.000000e+10                      22.000000
                -532557.437346                    3300.000000                   1.000000e+30                   5.000000e+10                      22.000000
                -525549.971066                    3300.000000                   1.000000e+30                   5.000000e+10                      22.000000
                -518542.504785                    3300.000000                   1.000000e+30                   5.000000e+10                      22.000000
                -511535.038504                    3300.000000                   1.000000e+30                   5.000000e+10                      22.000000
                -504527.572223                    3300.000000                   1.000000e+30                   5.000000e+10                      22.000000
                -497520.105942                    3300.000000                   1.000000e+30                   5.000000e+10                      22.000000
                -490512.639661                    3300.000000                   1.000000e+30                   5.000000e+10                      22.000000
                -483505.173380                    3300.000000                   1.000000e+30                   5.000000e+10                      22.000000
                -476497.707099                    3300.000000                   1.000000e+30                   5.000000e+10                      22.000000
                -469490.240819                    3300.000000                   1.000000e+30                   5.000000e+10                      22.000000
                -462482.774538                    3300.000000                   1.000000e+30                   5.000000e+10                      22.000000
                -455475.308257                    3300.000000                   1.000000e+30                   5.000000e+10                      22.000000
                -448467.841976                    3300.000000                   1.000000e+30                   5.000000e+10                      22.000000
                -441460.375695                    3300.000000                   1.000000e+30                   5.000000e+10                      22.000000
                -434452.909414                    3300.000000                   1.000000e+30                   5.000000e+10                      22.000000
                -427445.443133                    3300.000000                   1.000000e+30                   5.000000e+10                      22.000000
                -420437.976852                    3300.000000                   1.000000e+30                   5.000000e+10                      22.000000
                -413430.510572                    3300.000000                   1.000000e+30                   5.000000e+10                      22.000000
                -406423.044291                    3300.000000                   1.000000e+30                   5.000000e+10                      22.000000
                -399415.578010                    3300.000000                   1.000000e+30                   5.000000e+10                      22.000000
                -392408.111729                    3300.000000                   1.000000e+30                   5.000000e+10                      22.000000
                -385400.645448                    3300.000000                   1.000000e+30                   5.000000e+10                      22.000000
                -378393.179167                    3300.000000                   1.000000e+30                   5.000000e+10                      22.000000
                -371385.712886                    3300.000000                   1.000000e+30                   5.000000e+10                      22.000000
                -364378.246605                    3300.000000                   1.000000e+30                   5.000000e+10                      22.000000
                -357370.780325                    3300.000000                   1.000000e+30                   5.000000e+10                      22.000000
                -350363.314044                    3300.000000                   1.000000e+30                   5.000000e+10                      22.000000
                -343355.847763                    3300.000000                   1.000000e+30                   5.000000e+10                      22.000000
                -336348.381482                    3300.000000                   1.000000e+30                   5.000000e+10                      22.000000
                -329340.915201                    3300.000000                   1.000000e+30                   5.000000e+10                      22.000000
                -322333.448920                    3300.000000                   1.000000e+30                   5.000000e+10                      22.000000
                -315325.982639                    3300.000000                   1.000000e+30                   5.000000e+10                      22.000000
                -308318.516358                    3300.000000                   1.000000e+30                   5.000000e+10                      22.000000
                -301311.050078                    3300.000000                   1.000000e+30                   5.000000e+10                      22.000000
                -294303.583797                    3300.000000                   1.000000e+30                   5.000000e+10                      22.000000
                -287296.117516                    3300.000000                   1.000000e+30                   5.000000e+10                      22.000000
                -280288.651235                    3300.000000                   1.000000e+30                   5.000000e+10                      22.000000
                -273281.184954                    3300.000000                   1.000000e+30                   5.000000e+10                      22.000000
                -266273.718673                    3300.000000                   1.000000e+30                   5.000000e+10                      22.000000
                -259266.252392                    3300.000000                   1.000000e+30                   5.000000e+10                      22.000000
                -252258.786111                    3300.000000                   1.000000e+30                   5.000000e+10                      22.000000
                -245251.319831                    3300.000000                   1.000000e+30                   5.000000e+10                      22.000000
                -238243.853550                    3300.000000                   1.000000e+30                   5.000000e+10                      22.000000
                -231236.387269                    3300.000000                   1.000000e+30                   5.000000e+10                      22.000000
                -224228.920988                    3300.000000                   1.000000e+30                   5.000000e+10                      22.000000
                -217221.454707                    3300.000000                   1.000000e+30                   5.000000e+10                      22.000000
                -210213.988426                    3300.000000                   1.000000e+30                   5.000000e+10                      22.000000
                -203206.522145                    3300.000000                   1.000000e+30                   5.000000e+10                      22.000000
                -196199.055864                    3300.000000                   1.000000e+30                   5.000000e+10                      22.000000
                -189191.589584                    3300.000000                   1.000000e+30                   5.000000e+10                      22.000000
                -182184.123303                    3300.000000                   1.000000e+30                   5.000000e+10                      22.000000
                -175176.657022                    3300.000000                   1.000000e+30                   5.000000e+10                      22.000000
                -168169.190741                    3300.000000                   1.000000e+30                   5.000000e+10                      22.000000
                -161161.724460                    3300.000000                   1.000000e+30                   5.000000e+10                      22.000000
                -154154.258179                    3300.000000                   1.000000e+30                   5.000000e+10                      22.000000
                -147146.791898                    3300.000000                   1.000000e+30                   5.000000e+10                      22.000000
                -140139.325617                    3300.000000                   1.000000e+30                   5.000000e+10                      22.000000
                -133131.859337                    3300.000000                   1.000000e+30                   5.000000e+10                      22.000000
                -126124.393056                    3300.000000                   1.000000e+30                   5.000000e+10                      22.000000
                -119116.926775                    3300.000000                   1.000000e+30                   5.000000e+10                      22.000000
                -112109.460494                    3300.000000                   1.000000e+30                   5.000000e+10                      22.000000
                -105101.994213                    3300.000000                   1.000000e+30                   5.000000e+10                      22.000000
                 -98094.527932                    3300.000000                   1.000000e+30                   5.000000e+10                      22.000000
                 -91087.061651                    3300.000000                   1.000000e+30                   5.000000e+10                      22.000000
                 -84079.595370                    3300.000000                   1.000000e+30                   5.000000e+10                      22.000000
                 -77072.129090                    3300.000000                   1.000000e+30                   5.000000e+10                      22.000000
                 -70064.662809                    3300.000000                   1.000000e+30                   5.000000e+10                      22.000000
                 -63057.196528                    3300.000000                   1.000000e+30                   5.000000e+10                      22.000000
                 -56049.730247                    3300.000000                   1.000000e+30                   5.000000e+10                      22.000000
                 -49042.263966                    3300.000000                   1.000000e+30                   5.000000e+10                      22.000000
                 -42034.797685                    3300.000000                   1.000000e+30                   5.000000e+10                      22.000000
                 -35027.331404                    3300.000000                   1.000000e+30                   5.000000e+10                      22.000000
                 -28019.865123                    3300.000000                   1.000000e+30                   5.000000e+10                      22.000000
                 -21012.398843                    3300.000000                   1.000000e+30                   5.000000e+10                      22.000000
                 -14004.932562                    3300.000000                   1.000000e+30                   5.000000e+10                      22.000000
                  -6997.466281                    3300.000000                   1.000000e+30                   5.000000e+10                      22.000000
                     10.000000                    3300.000000                   1.000000e+30                   5.000000e+10                      22.000000
