                   #Radius (m)               Density (kg/m^3)              Bulk modulus (Pa)             Shear modulus (Pa)               Viscosity (Pa.s)
                2575000.000000                     930.000000                   1.000000e+30                   3.500000e+09                      24.000000
                2574999.710145                     930.000000                   1.000000e+30                   3.500000e+09                      24.000000
                2574999.420290                     930.000000                   1.000000e+30                   3.500000e+09                      24.000000
                2574999.130435                     930.000000                   1.000000e+30                   3.500000e+09                      24.000000
                2574998.840580                     930.000000                   1.000000e+30                   3.500000e+09                      24.000000
                2574998.550725                     930.000000                   1.000000e+30                   3.500000e+09                      24.000000
                2574998.260870                     930.000000                   1.000000e+30                   3.500000e+09                      24.000000
                2574997.971014                     930.000000                   1.000000e+30                   3.500000e+09                      24.000000
                2574997.681159                     930.000000                   1.000000e+30                   3.500000e+09                      24.000000
                2574997.391304                     930.000000                   1.000000e+30                   3.500000e+09                      24.000000
                2574997.101449                     930.000000                   1.000000e+30                   3.500000e+09                      24.000000
                2574996.811594                     930.000000                   1.000000e+30                   3.500000e+09                      24.000000
                2574996.521739                     930.000000                   1.000000e+30                   3.500000e+09                      24.000000
                2574996.231884                     930.000000                   1.000000e+30                   3.500000e+09                      24.000000
                2574995.942029                     930.000000                   1.000000e+30                   3.500000e+09                      24.000000
                2574995.652174                     930.000000                   1.000000e+30                   3.500000e+09                      24.000000
                2574995.362319                     930.000000                   1.000000e+30                   3.500000e+09                      24.000000
                2574995.072464                     930.000000                   1.000000e+30                   3.500000e+09                      24.000000
                2574994.782609                     930.000000                   1.000000e+30                   3.500000e+09                      24.000000
                2574994.492754                     930.000000                   1.000000e+30                   3.500000e+09                      24.000000
                2574994.202899                     930.000000                   1.000000e+30                   3.500000e+09                      24.000000
                2574993.913043                     930.000000                   1.000000e+30                   3.500000e+09                      24.000000
                2574993.623188                     930.000000                   1.000000e+30                   3.500000e+09                      24.000000
                2574993.333333                     930.000000                   1.000000e+30                   3.500000e+09                      24.000000
                2574993.043478                     930.000000                   1.000000e+30                   3.500000e+09                      24.000000
                2574992.753623                     930.000000                   1.000000e+30                   3.500000e+09                      24.000000
                2574992.463768                     930.000000                   1.000000e+30                   3.500000e+09                      24.000000
                2574992.173913                     930.000000                   1.000000e+30                   3.500000e+09                      24.000000
                2574991.884058                     930.000000                   1.000000e+30                   3.500000e+09                      24.000000
                2574991.594203                     930.000000                   1.000000e+30                   3.500000e+09                      24.000000
                2574991.304348                     930.000000                   1.000000e+30                   3.500000e+09                      24.000000
                2574991.014493                     930.000000                   1.000000e+30                   3.500000e+09                      24.000000
                2574990.724638                     930.000000                   1.000000e+30                   3.500000e+09                      24.000000
                2574990.434783                     930.000000                   1.000000e+30                   3.500000e+09                      24.000000
                2574990.144928                     930.000000                   1.000000e+30                   3.500000e+09                      24.000000
                2574989.855072                     930.000000                   1.000000e+30                   3.500000e+09                      24.000000
                2574989.565217                     930.000000                   1.000000e+30                   3.500000e+09                      24.000000
                2574989.275362                     930.000000                   1.000000e+30                   3.500000e+09                      24.000000
                2574988.985507                     930.000000                   1.000000e+30                   3.500000e+09                      24.000000
                2574988.695652                     930.000000                   1.000000e+30                   3.500000e+09                      24.000000
                2574988.405797                     930.000000                   1.000000e+30                   3.500000e+09                      24.000000
                2574988.115942                     930.000000                   1.000000e+30                   3.500000e+09                      24.000000
                2574987.826087                     930.000000                   1.000000e+30                   3.500000e+09                      24.000000
                2574987.536232                     930.000000                   1.000000e+30                   3.500000e+09                      24.000000
                2574987.246377                     930.000000                   1.000000e+30                   3.500000e+09                      24.000000
                2574986.956522                     930.000000                   1.000000e+30                   3.500000e+09                      24.000000
                2574986.666667                     930.000000                   1.000000e+30                   3.500000e+09                      24.000000
                2574986.376812                     930.000000                   1.000000e+30                   3.500000e+09                      24.000000
                2574986.086957                     930.000000                   1.000000e+30                   3.500000e+09                      24.000000
                2574985.797101                     930.000000                   1.000000e+30                   3.500000e+09                      24.000000
                2574985.507246                     930.000000                   1.000000e+30                   3.500000e+09                      24.000000
                2574985.217391                     930.000000                   1.000000e+30                   3.500000e+09                      24.000000
                2574984.927536                     930.000000                   1.000000e+30                   3.500000e+09                      24.000000
                2574984.637681                     930.000000                   1.000000e+30                   3.500000e+09                      24.000000
                2574984.347826                     930.000000                   1.000000e+30                   3.500000e+09                      24.000000
                2574984.057971                     930.000000                   1.000000e+30                   3.500000e+09                      24.000000
                2574983.768116                     930.000000                   1.000000e+30                   3.500000e+09                      24.000000
                2574983.478261                     930.000000                   1.000000e+30                   3.500000e+09                      24.000000
                2574983.188406                     930.000000                   1.000000e+30                   3.500000e+09                      24.000000
                2574982.898551                     930.000000                   1.000000e+30                   3.500000e+09                      24.000000
                2574982.608696                     930.000000                   1.000000e+30                   3.500000e+09                      24.000000
                2574982.318841                     930.000000                   1.000000e+30                   3.500000e+09                      24.000000
                2574982.028986                     930.000000                   1.000000e+30                   3.500000e+09                      24.000000
                2574981.739130                     930.000000                   1.000000e+30                   3.500000e+09                      24.000000
                2574981.449275                     930.000000                   1.000000e+30                   3.500000e+09                      24.000000
                2574981.159420                     930.000000                   1.000000e+30                   3.500000e+09                      24.000000
                2574980.869565                     930.000000                   1.000000e+30                   3.500000e+09                      24.000000
                2574980.579710                     930.000000                   1.000000e+30                   3.500000e+09                      24.000000
                2574980.289855                     930.000000                   1.000000e+30                   3.500000e+09                      24.000000
                2574980.000000                     930.000000                   1.000000e+30                   3.500000e+09                      24.000000
                2574980.000000                     930.000000                   1.000000e+30                   3.500000e+09                      15.000000
                2573685.581395                     930.000000                   1.000000e+30                   3.500000e+09                      15.000000
                2572391.162791                     930.000000                   1.000000e+30                   3.500000e+09                      15.000000
                2571096.744186                     930.000000                   1.000000e+30                   3.500000e+09                      15.000000
                2569802.325581                     930.000000                   1.000000e+30                   3.500000e+09                      15.000000
                2568507.906977                     930.000000                   1.000000e+30                   3.500000e+09                      15.000000
                2567213.488372                     930.000000                   1.000000e+30                   3.500000e+09                      15.000000
                2565919.069767                     930.000000                   1.000000e+30                   3.500000e+09                      15.000000
                2564624.651163                     930.000000                   1.000000e+30                   3.500000e+09                      15.000000
                2563330.232558                     930.000000                   1.000000e+30                   3.500000e+09                      15.000000
                2562035.813953                     930.000000                   1.000000e+30                   3.500000e+09                      15.000000
                2560741.395349                     930.000000                   1.000000e+30                   3.500000e+09                      15.000000
                2559446.976744                     930.000000                   1.000000e+30                   3.500000e+09                      15.000000
                2558152.558140                     930.000000                   1.000000e+30                   3.500000e+09                      15.000000
                2556858.139535                     930.000000                   1.000000e+30                   3.500000e+09                      15.000000
                2555563.720930                     930.000000                   1.000000e+30                   3.500000e+09                      15.000000
                2554269.302326                     930.000000                   1.000000e+30                   3.500000e+09                      15.000000
                2552974.883721                     930.000000                   1.000000e+30                   3.500000e+09                      15.000000
                2551680.465116                     930.000000                   1.000000e+30                   3.500000e+09                      15.000000
                2550386.046512                     930.000000                   1.000000e+30                   3.500000e+09                      15.000000
                2549091.627907                     930.000000                   1.000000e+30                   3.500000e+09                      15.000000
                2547797.209302                     930.000000                   1.000000e+30                   3.500000e+09                      15.000000
                2546502.790698                     930.000000                   1.000000e+30                   3.500000e+09                      15.000000
                2545208.372093                     930.000000                   1.000000e+30                   3.500000e+09                      15.000000
                2543913.953488                     930.000000                   1.000000e+30                   3.500000e+09                      15.000000
                2542619.534884                     930.000000                   1.000000e+30                   3.500000e+09                      15.000000
                2541325.116279                     930.000000                   1.000000e+30                   3.500000e+09                      15.000000
                2540030.697674                     930.000000                   1.000000e+30                   3.500000e+09                      15.000000
                2538736.279070                     930.000000                   1.000000e+30                   3.500000e+09                      15.000000
                2537441.860465                     930.000000                   1.000000e+30                   3.500000e+09                      15.000000
                2536147.441860                     930.000000                   1.000000e+30                   3.500000e+09                      15.000000
                2534853.023256                     930.000000                   1.000000e+30                   3.500000e+09                      15.000000
                2533558.604651                     930.000000                   1.000000e+30                   3.500000e+09                      15.000000
                2532264.186047                     930.000000                   1.000000e+30                   3.500000e+09                      15.000000
                2530969.767442                     930.000000                   1.000000e+30                   3.500000e+09                      15.000000
                2529675.348837                     930.000000                   1.000000e+30                   3.500000e+09                      15.000000
                2528380.930233                     930.000000                   1.000000e+30                   3.500000e+09                      15.000000
                2527086.511628                     930.000000                   1.000000e+30                   3.500000e+09                      15.000000
                2525792.093023                     930.000000                   1.000000e+30                   3.500000e+09                      15.000000
                2524497.674419                     930.000000                   1.000000e+30                   3.500000e+09                      15.000000
                2523203.255814                     930.000000                   1.000000e+30                   3.500000e+09                      15.000000
                2521908.837209                     930.000000                   1.000000e+30                   3.500000e+09                      15.000000
                2520614.418605                     930.000000                   1.000000e+30                   3.500000e+09                      15.000000
                2519320.000000                     930.000000                   1.000000e+30                   3.500000e+09                      15.000000
                2518025.581395                     930.000000                   1.000000e+30                   3.500000e+09                      15.000000
                2516731.162791                     930.000000                   1.000000e+30                   3.500000e+09                      15.000000
                2515436.744186                     930.000000                   1.000000e+30                   3.500000e+09                      15.000000
                2514142.325581                     930.000000                   1.000000e+30                   3.500000e+09                      15.000000
                2512847.906977                     930.000000                   1.000000e+30                   3.500000e+09                      15.000000
                2511553.488372                     930.000000                   1.000000e+30                   3.500000e+09                      15.000000
                2510259.069767                     930.000000                   1.000000e+30                   3.500000e+09                      15.000000
                2508964.651163                     930.000000                   1.000000e+30                   3.500000e+09                      15.000000
                2507670.232558                     930.000000                   1.000000e+30                   3.500000e+09                      15.000000
                2506375.813953                     930.000000                   1.000000e+30                   3.500000e+09                      15.000000
                2505081.395349                     930.000000                   1.000000e+30                   3.500000e+09                      15.000000
                2503786.976744                     930.000000                   1.000000e+30                   3.500000e+09                      15.000000
                2502492.558140                     930.000000                   1.000000e+30                   3.500000e+09                      15.000000
                2501198.139535                     930.000000                   1.000000e+30                   3.500000e+09                      15.000000
                2499903.720930                     930.000000                   1.000000e+30                   3.500000e+09                      15.000000
                2498609.302326                     930.000000                   1.000000e+30                   3.500000e+09                      15.000000
                2497314.883721                     930.000000                   1.000000e+30                   3.500000e+09                      15.000000
                2496020.465116                     930.000000                   1.000000e+30                   3.500000e+09                      15.000000
                2494726.046512                     930.000000                   1.000000e+30                   3.500000e+09                      15.000000
                2493431.627907                     930.000000                   1.000000e+30                   3.500000e+09                      15.000000
                2492137.209302                     930.000000                   1.000000e+30                   3.500000e+09                      15.000000
                2490842.790698                     930.000000                   1.000000e+30                   3.500000e+09                      15.000000
                2489548.372093                     930.000000                   1.000000e+30                   3.500000e+09                      15.000000
                2488253.953488                     930.000000                   1.000000e+30                   3.500000e+09                      15.000000
                2486959.534884                     930.000000                   1.000000e+30                   3.500000e+09                      15.000000
                2485665.116279                     930.000000                   1.000000e+30                   3.500000e+09                      15.000000
                2484370.697674                     930.000000                   1.000000e+30                   3.500000e+09                      15.000000
                2483076.279070                     930.000000                   1.000000e+30                   3.500000e+09                      15.000000
                2481781.860465                     930.000000                   1.000000e+30                   3.500000e+09                      15.000000
                2480487.441860                     930.000000                   1.000000e+30                   3.500000e+09                      15.000000
                2479193.023256                     930.000000                   1.000000e+30                   3.500000e+09                      15.000000
                2477898.604651                     930.000000                   1.000000e+30                   3.500000e+09                      15.000000
                2476604.186047                     930.000000                   1.000000e+30                   3.500000e+09                      15.000000
                2475309.767442                     930.000000                   1.000000e+30                   3.500000e+09                      15.000000
                2474015.348837                     930.000000                   1.000000e+30                   3.500000e+09                      15.000000
                2472720.930233                     930.000000                   1.000000e+30                   3.500000e+09                      15.000000
                2471426.511628                     930.000000                   1.000000e+30                   3.500000e+09                      15.000000
                2470132.093023                     930.000000                   1.000000e+30                   3.500000e+09                      15.000000
                2468837.674419                     930.000000                   1.000000e+30                   3.500000e+09                      15.000000
                2467543.255814                     930.000000                   1.000000e+30                   3.500000e+09                      15.000000
                2466248.837209                     930.000000                   1.000000e+30                   3.500000e+09                      15.000000
                2464954.418605                     930.000000                   1.000000e+30                   3.500000e+09                      15.000000
                2463660.000000                     930.000000                   1.000000e+30                   3.500000e+09                      15.000000
                2462365.581395                     930.000000                   1.000000e+30                   3.500000e+09                      15.000000
                2461071.162791                     930.000000                   1.000000e+30                   3.500000e+09                      15.000000
                2459776.744186                     930.000000                   1.000000e+30                   3.500000e+09                      15.000000
                2458482.325581                     930.000000                   1.000000e+30                   3.500000e+09                      15.000000
                2457187.906977                     930.000000                   1.000000e+30                   3.500000e+09                      15.000000
                2455893.488372                     930.000000                   1.000000e+30                   3.500000e+09                      15.000000
                2454599.069767                     930.000000                   1.000000e+30                   3.500000e+09                      15.000000
                2453304.651163                     930.000000                   1.000000e+30                   3.500000e+09                      15.000000
                2452010.232558                     930.000000                   1.000000e+30                   3.500000e+09                      15.000000
                2450715.813953                     930.000000                   1.000000e+30                   3.500000e+09                      15.000000
                2449421.395349                     930.000000                   1.000000e+30                   3.500000e+09                      15.000000
                2448126.976744                     930.000000                   1.000000e+30                   3.500000e+09                      15.000000
                2446832.558140                     930.000000                   1.000000e+30                   3.500000e+09                      15.000000
                2445538.139535                     930.000000                   1.000000e+30                   3.500000e+09                      15.000000
                2444243.720930                     930.000000                   1.000000e+30                   3.500000e+09                      15.000000
                2442949.302326                     930.000000                   1.000000e+30                   3.500000e+09                      15.000000
                2441654.883721                     930.000000                   1.000000e+30                   3.500000e+09                      15.000000
                2440360.465116                     930.000000                   1.000000e+30                   3.500000e+09                      15.000000
                2439066.046512                     930.000000                   1.000000e+30                   3.500000e+09                      15.000000
                2437771.627907                     930.000000                   1.000000e+30                   3.500000e+09                      15.000000
                2436477.209302                     930.000000                   1.000000e+30                   3.500000e+09                      15.000000
                2435182.790698                     930.000000                   1.000000e+30                   3.500000e+09                      15.000000
                2433888.372093                     930.000000                   1.000000e+30                   3.500000e+09                      15.000000
                2432593.953488                     930.000000                   1.000000e+30                   3.500000e+09                      15.000000
                2431299.534884                     930.000000                   1.000000e+30                   3.500000e+09                      15.000000
                2430005.116279                     930.000000                   1.000000e+30                   3.500000e+09                      15.000000
                2428710.697674                     930.000000                   1.000000e+30                   3.500000e+09                      15.000000
                2427416.279070                     930.000000                   1.000000e+30                   3.500000e+09                      15.000000
                2426121.860465                     930.000000                   1.000000e+30                   3.500000e+09                      15.000000
                2424827.441860                     930.000000                   1.000000e+30                   3.500000e+09                      15.000000
                2423533.023256                     930.000000                   1.000000e+30                   3.500000e+09                      15.000000
                2422238.604651                     930.000000                   1.000000e+30                   3.500000e+09                      15.000000
                2420944.186047                     930.000000                   1.000000e+30                   3.500000e+09                      15.000000
                2419649.767442                     930.000000                   1.000000e+30                   3.500000e+09                      15.000000
                2418355.348837                     930.000000                   1.000000e+30                   3.500000e+09                      15.000000
                2417060.930233                     930.000000                   1.000000e+30                   3.500000e+09                      15.000000
                2415766.511628                     930.000000                   1.000000e+30                   3.500000e+09                      15.000000
                2414472.093023                     930.000000                   1.000000e+30                   3.500000e+09                      15.000000
                2413177.674419                     930.000000                   1.000000e+30                   3.500000e+09                      15.000000
                2411883.255814                     930.000000                   1.000000e+30                   3.500000e+09                      15.000000
                2410588.837209                     930.000000                   1.000000e+30                   3.500000e+09                      15.000000
                2409294.418605                     930.000000                   1.000000e+30                   3.500000e+09                      15.000000
                2408000.000000                     930.000000                   1.000000e+30                   3.500000e+09                      15.000000
                2408000.000000                    1100.000000                   1.000000e+30                   0.000000e+00                       2.000000
                2407995.890630                    1100.000000                   1.000000e+30                   0.000000e+00                       2.000000
                2407988.587339                    1100.000000                   1.000000e+30                   0.000000e+00                       2.000000
                2407977.637818                    1100.000000                   1.000000e+30                   0.000000e+00                       2.000000
                2407963.048560                    1100.000000                   1.000000e+30                   0.000000e+00                       2.000000
                2407944.828217                    1100.000000                   1.000000e+30                   0.000000e+00                       2.000000
                2407922.987596                    1100.000000                   1.000000e+30                   0.000000e+00                       2.000000
                2407897.539648                    1100.000000                   1.000000e+30                   0.000000e+00                       2.000000
                2407868.499466                    1100.000000                   1.000000e+30                   0.000000e+00                       2.000000
                2407835.884273                    1100.000000                   1.000000e+30                   0.000000e+00                       2.000000
                2407799.713411                    1100.000000                   1.000000e+30                   0.000000e+00                       2.000000
                2407760.008332                    1100.000000                   1.000000e+30                   0.000000e+00                       2.000000
                2407716.792583                    1100.000000                   1.000000e+30                   0.000000e+00                       2.000000
                2407670.091794                    1100.000000                   1.000000e+30                   0.000000e+00                       2.000000
                2407619.933662                    1100.000000                   1.000000e+30                   0.000000e+00                       2.000000
                2407566.347933                    1100.000000                   1.000000e+30                   0.000000e+00                       2.000000
                2407509.366386                    1100.000000                   1.000000e+30                   0.000000e+00                       2.000000
                2407449.022816                    1100.000000                   1.000000e+30                   0.000000e+00                       2.000000
                2407385.353009                    1100.000000                   1.000000e+30                   0.000000e+00                       2.000000
                2407318.394726                    1100.000000                   1.000000e+30                   0.000000e+00                       2.000000
                2407248.187676                    1100.000000                   1.000000e+30                   0.000000e+00                       2.000000
                2407174.773498                    1100.000000                   1.000000e+30                   0.000000e+00                       2.000000
                2407098.195729                    1100.000000                   1.000000e+30                   0.000000e+00                       2.000000
                2407018.499786                    1100.000000                   1.000000e+30                   0.000000e+00                       2.000000
                2406935.732932                    1100.000000                   1.000000e+30                   0.000000e+00                       2.000000
                2406849.944254                    1100.000000                   1.000000e+30                   0.000000e+00                       2.000000
                2406761.184629                    1100.000000                   1.000000e+30                   0.000000e+00                       2.000000
                2406669.506697                    1100.000000                   1.000000e+30                   0.000000e+00                       2.000000
                2406574.964829                    1100.000000                   1.000000e+30                   0.000000e+00                       2.000000
                2406477.615093                    1100.000000                   1.000000e+30                   0.000000e+00                       2.000000
                2406377.515225                    1100.000000                   1.000000e+30                   0.000000e+00                       2.000000
                2406274.724588                    1100.000000                   1.000000e+30                   0.000000e+00                       2.000000
                2406169.304145                    1100.000000                   1.000000e+30                   0.000000e+00                       2.000000
                2406061.316416                    1100.000000                   1.000000e+30                   0.000000e+00                       2.000000
                2405950.825444                    1100.000000                   1.000000e+30                   0.000000e+00                       2.000000
                2405837.896756                    1100.000000                   1.000000e+30                   0.000000e+00                       2.000000
                2405722.597328                    1100.000000                   1.000000e+30                   0.000000e+00                       2.000000
                2405604.995537                    1100.000000                   1.000000e+30                   0.000000e+00                       2.000000
                2405485.161129                    1100.000000                   1.000000e+30                   0.000000e+00                       2.000000
                2405363.165173                    1100.000000                   1.000000e+30                   0.000000e+00                       2.000000
                2405239.080020                    1100.000000                   1.000000e+30                   0.000000e+00                       2.000000
                2405112.979260                    1100.000000                   1.000000e+30                   0.000000e+00                       2.000000
                2404984.937679                    1100.000000                   1.000000e+30                   0.000000e+00                       2.000000
                2404855.031212                    1100.000000                   1.000000e+30                   0.000000e+00                       2.000000
                2404723.336901                    1100.000000                   1.000000e+30                   0.000000e+00                       2.000000
                2404589.932851                    1100.000000                   1.000000e+30                   0.000000e+00                       2.000000
                2404454.898177                    1100.000000                   1.000000e+30                   0.000000e+00                       2.000000
                2404318.312963                    1100.000000                   1.000000e+30                   0.000000e+00                       2.000000
                2404180.258212                    1100.000000                   1.000000e+30                   0.000000e+00                       2.000000
                2404040.815800                    1100.000000                   1.000000e+30                   0.000000e+00                       2.000000
                2403900.068423                    1100.000000                   1.000000e+30                   0.000000e+00                       2.000000
                2403758.099554                    1100.000000                   1.000000e+30                   0.000000e+00                       2.000000
                2403614.993389                    1100.000000                   1.000000e+30                   0.000000e+00                       2.000000
                2403470.834797                    1100.000000                   1.000000e+30                   0.000000e+00                       2.000000
                2403325.709275                    1100.000000                   1.000000e+30                   0.000000e+00                       2.000000
                2403179.702890                    1100.000000                   1.000000e+30                   0.000000e+00                       2.000000
                2403032.902233                    1100.000000                   1.000000e+30                   0.000000e+00                       2.000000
                2402885.394365                    1100.000000                   1.000000e+30                   0.000000e+00                       2.000000
                2402737.266767                    1100.000000                   1.000000e+30                   0.000000e+00                       2.000000
                2402588.607289                    1100.000000                   1.000000e+30                   0.000000e+00                       2.000000
                2402439.504093                    1100.000000                   1.000000e+30                   0.000000e+00                       2.000000
                2402290.045608                    1100.000000                   1.000000e+30                   0.000000e+00                       2.000000
                2402140.320472                    1100.000000                   1.000000e+30                   0.000000e+00                       2.000000
                2401990.417479                    1100.000000                   1.000000e+30                   0.000000e+00                       2.000000
                2401840.425532                    1100.000000                   1.000000e+30                   0.000000e+00                       2.000000
                2401690.433585                    1100.000000                   1.000000e+30                   0.000000e+00                       2.000000
                2401540.530592                    1100.000000                   1.000000e+30                   0.000000e+00                       2.000000
                2401390.805455                    1100.000000                   1.000000e+30                   0.000000e+00                       2.000000
                2401241.346970                    1100.000000                   1.000000e+30                   0.000000e+00                       2.000000
                2401092.243775                    1100.000000                   1.000000e+30                   0.000000e+00                       2.000000
                2400943.584297                    1100.000000                   1.000000e+30                   0.000000e+00                       2.000000
                2400795.456699                    1100.000000                   1.000000e+30                   0.000000e+00                       2.000000
                2400647.948831                    1100.000000                   1.000000e+30                   0.000000e+00                       2.000000
                2400501.148174                    1100.000000                   1.000000e+30                   0.000000e+00                       2.000000
                2400355.141789                    1100.000000                   1.000000e+30                   0.000000e+00                       2.000000
                2400210.016266                    1100.000000                   1.000000e+30                   0.000000e+00                       2.000000
                2400065.857675                    1100.000000                   1.000000e+30                   0.000000e+00                       2.000000
                2399922.751510                    1100.000000                   1.000000e+30                   0.000000e+00                       2.000000
                2399780.782641                    1100.000000                   1.000000e+30                   0.000000e+00                       2.000000
                2399640.035264                    1100.000000                   1.000000e+30                   0.000000e+00                       2.000000
                2399500.592851                    1100.000000                   1.000000e+30                   0.000000e+00                       2.000000
                2399362.538101                    1100.000000                   1.000000e+30                   0.000000e+00                       2.000000
                2399225.952887                    1100.000000                   1.000000e+30                   0.000000e+00                       2.000000
                2399090.918213                    1100.000000                   1.000000e+30                   0.000000e+00                       2.000000
                2398957.514162                    1100.000000                   1.000000e+30                   0.000000e+00                       2.000000
                2398825.819852                    1100.000000                   1.000000e+30                   0.000000e+00                       2.000000
                2398695.913385                    1100.000000                   1.000000e+30                   0.000000e+00                       2.000000
                2398567.871804                    1100.000000                   1.000000e+30                   0.000000e+00                       2.000000
                2398441.771044                    1100.000000                   1.000000e+30                   0.000000e+00                       2.000000
                2398317.685891                    1100.000000                   1.000000e+30                   0.000000e+00                       2.000000
                2398195.689935                    1100.000000                   1.000000e+30                   0.000000e+00                       2.000000
                2398075.855527                    1100.000000                   1.000000e+30                   0.000000e+00                       2.000000
                2397958.253736                    1100.000000                   1.000000e+30                   0.000000e+00                       2.000000
                2397842.954307                    1100.000000                   1.000000e+30                   0.000000e+00                       2.000000
                2397730.025620                    1100.000000                   1.000000e+30                   0.000000e+00                       2.000000
                2397619.534648                    1100.000000                   1.000000e+30                   0.000000e+00                       2.000000
                2397511.546919                    1100.000000                   1.000000e+30                   0.000000e+00                       2.000000
                2397406.126475                    1100.000000                   1.000000e+30                   0.000000e+00                       2.000000
                2397303.335839                    1100.000000                   1.000000e+30                   0.000000e+00                       2.000000
                2397203.235970                    1100.000000                   1.000000e+30                   0.000000e+00                       2.000000
                2397105.886235                    1100.000000                   1.000000e+30                   0.000000e+00                       2.000000
                2397011.344367                    1100.000000                   1.000000e+30                   0.000000e+00                       2.000000
                2396919.666435                    1100.000000                   1.000000e+30                   0.000000e+00                       2.000000
                2396830.906810                    1100.000000                   1.000000e+30                   0.000000e+00                       2.000000
                2396745.118132                    1100.000000                   1.000000e+30                   0.000000e+00                       2.000000
                2396662.351278                    1100.000000                   1.000000e+30                   0.000000e+00                       2.000000
                2396582.655335                    1100.000000                   1.000000e+30                   0.000000e+00                       2.000000
                2396506.077566                    1100.000000                   1.000000e+30                   0.000000e+00                       2.000000
                2396432.663388                    1100.000000                   1.000000e+30                   0.000000e+00                       2.000000
                2396362.456338                    1100.000000                   1.000000e+30                   0.000000e+00                       2.000000
                2396295.498055                    1100.000000                   1.000000e+30                   0.000000e+00                       2.000000
                2396231.828248                    1100.000000                   1.000000e+30                   0.000000e+00                       2.000000
                2396171.484678                    1100.000000                   1.000000e+30                   0.000000e+00                       2.000000
                2396114.503131                    1100.000000                   1.000000e+30                   0.000000e+00                       2.000000
                2396060.917402                    1100.000000                   1.000000e+30                   0.000000e+00                       2.000000
                2396010.759270                    1100.000000                   1.000000e+30                   0.000000e+00                       2.000000
                2395964.058481                    1100.000000                   1.000000e+30                   0.000000e+00                       2.000000
                2395920.842732                    1100.000000                   1.000000e+30                   0.000000e+00                       2.000000
                2395881.137653                    1100.000000                   1.000000e+30                   0.000000e+00                       2.000000
                2395844.966791                    1100.000000                   1.000000e+30                   0.000000e+00                       2.000000
                2395812.351598                    1100.000000                   1.000000e+30                   0.000000e+00                       2.000000
                2395783.311416                    1100.000000                   1.000000e+30                   0.000000e+00                       2.000000
                2395757.863468                    1100.000000                   1.000000e+30                   0.000000e+00                       2.000000
                2395736.022846                    1100.000000                   1.000000e+30                   0.000000e+00                       2.000000
                2395717.802504                    1100.000000                   1.000000e+30                   0.000000e+00                       2.000000
                2395703.213245                    1100.000000                   1.000000e+30                   0.000000e+00                       2.000000
                2395692.263724                    1100.000000                   1.000000e+30                   0.000000e+00                       2.000000
                2395684.960434                    1100.000000                   1.000000e+30                   0.000000e+00                       2.000000
                2395681.307706                    1100.000000                   1.000000e+30                   0.000000e+00                       2.000000
                2395680.851064                    1100.000000                   1.000000e+30                   0.000000e+00                       2.000000
                2395680.851064                    1250.000000                   1.000000e+30                   6.000000e+09                      15.000000
                2392613.557645                    1250.000000                   1.000000e+30                   6.000000e+09                      15.000000
                2389546.264226                    1250.000000                   1.000000e+30                   6.000000e+09                      15.000000
                2386478.970807                    1250.000000                   1.000000e+30                   6.000000e+09                      15.000000
                2383411.677387                    1250.000000                   1.000000e+30                   6.000000e+09                      15.000000
                2380344.383968                    1250.000000                   1.000000e+30                   6.000000e+09                      15.000000
                2377277.090549                    1250.000000                   1.000000e+30                   6.000000e+09                      15.000000
                2374209.797130                    1250.000000                   1.000000e+30                   6.000000e+09                      15.000000
                2371142.503711                    1250.000000                   1.000000e+30                   6.000000e+09                      15.000000
                2368075.210292                    1250.000000                   1.000000e+30                   6.000000e+09                      15.000000
                2365007.916873                    1250.000000                   1.000000e+30                   6.000000e+09                      15.000000
                2361940.623454                    1250.000000                   1.000000e+30                   6.000000e+09                      15.000000
                2358873.330035                    1250.000000                   1.000000e+30                   6.000000e+09                      15.000000
                2355806.036616                    1250.000000                   1.000000e+30                   6.000000e+09                      15.000000
                2352738.743196                    1250.000000                   1.000000e+30                   6.000000e+09                      15.000000
                2349671.449777                    1250.000000                   1.000000e+30                   6.000000e+09                      15.000000
                2346604.156358                    1250.000000                   1.000000e+30                   6.000000e+09                      15.000000
                2343536.862939                    1250.000000                   1.000000e+30                   6.000000e+09                      15.000000
                2340469.569520                    1250.000000                   1.000000e+30                   6.000000e+09                      15.000000
                2337402.276101                    1250.000000                   1.000000e+30                   6.000000e+09                      15.000000
                2334334.982682                    1250.000000                   1.000000e+30                   6.000000e+09                      15.000000
                2331267.689263                    1250.000000                   1.000000e+30                   6.000000e+09                      15.000000
                2328200.395844                    1250.000000                   1.000000e+30                   6.000000e+09                      15.000000
                2325133.102425                    1250.000000                   1.000000e+30                   6.000000e+09                      15.000000
                2322065.809005                    1250.000000                   1.000000e+30                   6.000000e+09                      15.000000
                2318998.515586                    1250.000000                   1.000000e+30                   6.000000e+09                      15.000000
                2315931.222167                    1250.000000                   1.000000e+30                   6.000000e+09                      15.000000
                2312863.928748                    1250.000000                   1.000000e+30                   6.000000e+09                      15.000000
                2309796.635329                    1250.000000                   1.000000e+30                   6.000000e+09                      15.000000
                2306729.341910                    1250.000000                   1.000000e+30                   6.000000e+09                      15.000000
                2303662.048491                    1250.000000                   1.000000e+30                   6.000000e+09                      15.000000
                2300594.755072                    1250.000000                   1.000000e+30                   6.000000e+09                      15.000000
                2297527.461653                    1250.000000                   1.000000e+30                   6.000000e+09                      15.000000
                2294460.168234                    1250.000000                   1.000000e+30                   6.000000e+09                      15.000000
                2291392.874814                    1250.000000                   1.000000e+30                   6.000000e+09                      15.000000
                2288325.581395                    1250.000000                   1.000000e+30                   6.000000e+09                      15.000000
                2285258.287976                    1250.000000                   1.000000e+30                   6.000000e+09                      15.000000
                2282190.994557                    1250.000000                   1.000000e+30                   6.000000e+09                      15.000000
                2279123.701138                    1250.000000                   1.000000e+30                   6.000000e+09                      15.000000
                2276056.407719                    1250.000000                   1.000000e+30                   6.000000e+09                      15.000000
                2272989.114300                    1250.000000                   1.000000e+30                   6.000000e+09                      15.000000
                2269921.820881                    1250.000000                   1.000000e+30                   6.000000e+09                      15.000000
                2266854.527462                    1250.000000                   1.000000e+30                   6.000000e+09                      15.000000
                2263787.234043                    1250.000000                   1.000000e+30                   6.000000e+09                      15.000000
                2260719.940623                    1250.000000                   1.000000e+30                   6.000000e+09                      15.000000
                2257652.647204                    1250.000000                   1.000000e+30                   6.000000e+09                      15.000000
                2254585.353785                    1250.000000                   1.000000e+30                   6.000000e+09                      15.000000
                2251518.060366                    1250.000000                   1.000000e+30                   6.000000e+09                      15.000000
                2248450.766947                    1250.000000                   1.000000e+30                   6.000000e+09                      15.000000
                2245383.473528                    1250.000000                   1.000000e+30                   6.000000e+09                      15.000000
                2242316.180109                    1250.000000                   1.000000e+30                   6.000000e+09                      15.000000
                2239248.886690                    1250.000000                   1.000000e+30                   6.000000e+09                      15.000000
                2236181.593271                    1250.000000                   1.000000e+30                   6.000000e+09                      15.000000
                2233114.299852                    1250.000000                   1.000000e+30                   6.000000e+09                      15.000000
                2230047.006432                    1250.000000                   1.000000e+30                   6.000000e+09                      15.000000
                2226979.713013                    1250.000000                   1.000000e+30                   6.000000e+09                      15.000000
                2223912.419594                    1250.000000                   1.000000e+30                   6.000000e+09                      15.000000
                2220845.126175                    1250.000000                   1.000000e+30                   6.000000e+09                      15.000000
                2217777.832756                    1250.000000                   1.000000e+30                   6.000000e+09                      15.000000
                2214710.539337                    1250.000000                   1.000000e+30                   6.000000e+09                      15.000000
                2211643.245918                    1250.000000                   1.000000e+30                   6.000000e+09                      15.000000
                2208575.952499                    1250.000000                   1.000000e+30                   6.000000e+09                      15.000000
                2205508.659080                    1250.000000                   1.000000e+30                   6.000000e+09                      15.000000
                2202441.365661                    1250.000000                   1.000000e+30                   6.000000e+09                      15.000000
                2199374.072241                    1250.000000                   1.000000e+30                   6.000000e+09                      15.000000
                2196306.778822                    1250.000000                   1.000000e+30                   6.000000e+09                      15.000000
                2193239.485403                    1250.000000                   1.000000e+30                   6.000000e+09                      15.000000
                2190172.191984                    1250.000000                   1.000000e+30                   6.000000e+09                      15.000000
                2187104.898565                    1250.000000                   1.000000e+30                   6.000000e+09                      15.000000
                2184037.605146                    1250.000000                   1.000000e+30                   6.000000e+09                      15.000000
                2180970.311727                    1250.000000                   1.000000e+30                   6.000000e+09                      15.000000
                2177903.018308                    1250.000000                   1.000000e+30                   6.000000e+09                      15.000000
                2174835.724889                    1250.000000                   1.000000e+30                   6.000000e+09                      15.000000
                2171768.431470                    1250.000000                   1.000000e+30                   6.000000e+09                      15.000000
                2168701.138050                    1250.000000                   1.000000e+30                   6.000000e+09                      15.000000
                2165633.844631                    1250.000000                   1.000000e+30                   6.000000e+09                      15.000000
                2162566.551212                    1250.000000                   1.000000e+30                   6.000000e+09                      15.000000
                2159499.257793                    1250.000000                   1.000000e+30                   6.000000e+09                      15.000000
                2156431.964374                    1250.000000                   1.000000e+30                   6.000000e+09                      15.000000
                2153364.670955                    1250.000000                   1.000000e+30                   6.000000e+09                      15.000000
                2150297.377536                    1250.000000                   1.000000e+30                   6.000000e+09                      15.000000
                2147230.084117                    1250.000000                   1.000000e+30                   6.000000e+09                      15.000000
                2144162.790698                    1250.000000                   1.000000e+30                   6.000000e+09                      15.000000
                2141095.497279                    1250.000000                   1.000000e+30                   6.000000e+09                      15.000000
                2138028.203859                    1250.000000                   1.000000e+30                   6.000000e+09                      15.000000
                2134960.910440                    1250.000000                   1.000000e+30                   6.000000e+09                      15.000000
                2131893.617021                    1250.000000                   1.000000e+30                   6.000000e+09                      15.000000
                2128826.323602                    1250.000000                   1.000000e+30                   6.000000e+09                      15.000000
                2125759.030183                    1250.000000                   1.000000e+30                   6.000000e+09                      15.000000
                2122691.736764                    1250.000000                   1.000000e+30                   6.000000e+09                      15.000000
                2119624.443345                    1250.000000                   1.000000e+30                   6.000000e+09                      15.000000
                2116557.149926                    1250.000000                   1.000000e+30                   6.000000e+09                      15.000000
                2113489.856507                    1250.000000                   1.000000e+30                   6.000000e+09                      15.000000
                2110422.563088                    1250.000000                   1.000000e+30                   6.000000e+09                      15.000000
                2107355.269668                    1250.000000                   1.000000e+30                   6.000000e+09                      15.000000
                2104287.976249                    1250.000000                   1.000000e+30                   6.000000e+09                      15.000000
                2101220.682830                    1250.000000                   1.000000e+30                   6.000000e+09                      15.000000
                2098153.389411                    1250.000000                   1.000000e+30                   6.000000e+09                      15.000000
                2095086.095992                    1250.000000                   1.000000e+30                   6.000000e+09                      15.000000
                2092018.802573                    1250.000000                   1.000000e+30                   6.000000e+09                      15.000000
                2088951.509154                    1250.000000                   1.000000e+30                   6.000000e+09                      15.000000
                2085884.215735                    1250.000000                   1.000000e+30                   6.000000e+09                      15.000000
                2082816.922316                    1250.000000                   1.000000e+30                   6.000000e+09                      15.000000
                2079749.628897                    1250.000000                   1.000000e+30                   6.000000e+09                      15.000000
                2076682.335477                    1250.000000                   1.000000e+30                   6.000000e+09                      15.000000
                2073615.042058                    1250.000000                   1.000000e+30                   6.000000e+09                      15.000000
                2070547.748639                    1250.000000                   1.000000e+30                   6.000000e+09                      15.000000
                2067480.455220                    1250.000000                   1.000000e+30                   6.000000e+09                      15.000000
                2064413.161801                    1250.000000                   1.000000e+30                   6.000000e+09                      15.000000
                2061345.868382                    1250.000000                   1.000000e+30                   6.000000e+09                      15.000000
                2058278.574963                    1250.000000                   1.000000e+30                   6.000000e+09                      15.000000
                2055211.281544                    1250.000000                   1.000000e+30                   6.000000e+09                      15.000000
                2052143.988125                    1250.000000                   1.000000e+30                   6.000000e+09                      15.000000
                2049076.694706                    1250.000000                   1.000000e+30                   6.000000e+09                      15.000000
                2046009.401286                    1250.000000                   1.000000e+30                   6.000000e+09                      15.000000
                2042942.107867                    1250.000000                   1.000000e+30                   6.000000e+09                      15.000000
                2039874.814448                    1250.000000                   1.000000e+30                   6.000000e+09                      15.000000
                2036807.521029                    1250.000000                   1.000000e+30                   6.000000e+09                      15.000000
                2033740.227610                    1250.000000                   1.000000e+30                   6.000000e+09                      15.000000
                2030672.934191                    1250.000000                   1.000000e+30                   6.000000e+09                      15.000000
                2027605.640772                    1250.000000                   1.000000e+30                   6.000000e+09                      15.000000
                2024538.347353                    1250.000000                   1.000000e+30                   6.000000e+09                      15.000000
                2021471.053934                    1250.000000                   1.000000e+30                   6.000000e+09                      15.000000
                2018403.760515                    1250.000000                   1.000000e+30                   6.000000e+09                      15.000000
                2015336.467095                    1250.000000                   1.000000e+30                   6.000000e+09                      15.000000
                2012269.173676                    1250.000000                   1.000000e+30                   6.000000e+09                      15.000000
                2009201.880257                    1250.000000                   1.000000e+30                   6.000000e+09                      15.000000
                2006134.586838                    1250.000000                   1.000000e+30                   6.000000e+09                      15.000000
                2003067.293419                    1250.000000                   1.000000e+30                   6.000000e+09                      15.000000
                2000000.000000                    1250.000000                   1.000000e+30                   6.000000e+09                      15.000000
                2000000.000000                    2844.278428                   1.000000e+30                   3.000000e+10                      17.000000
                1978005.065390                    2844.278428                   1.000000e+30                   3.000000e+10                      17.000000
                1956010.130781                    2844.278428                   1.000000e+30                   3.000000e+10                      17.000000
                1934015.196171                    2844.278428                   1.000000e+30                   3.000000e+10                      17.000000
                1912020.261562                    2844.278428                   1.000000e+30                   3.000000e+10                      17.000000
                1890025.326952                    2844.278428                   1.000000e+30                   3.000000e+10                      17.000000
                1868030.392343                    2844.278428                   1.000000e+30                   3.000000e+10                      17.000000
                1846035.457733                    2844.278428                   1.000000e+30                   3.000000e+10                      17.000000
                1824040.523124                    2844.278428                   1.000000e+30                   3.000000e+10                      17.000000
                1802045.588514                    2844.278428                   1.000000e+30                   3.000000e+10                      17.000000
                1780050.653904                    2844.278428                   1.000000e+30                   3.000000e+10                      17.000000
                1758055.719295                    2844.278428                   1.000000e+30                   3.000000e+10                      17.000000
                1736060.784685                    2844.278428                   1.000000e+30                   3.000000e+10                      17.000000
                1714065.850076                    2844.278428                   1.000000e+30                   3.000000e+10                      17.000000
                1692070.915466                    2844.278428                   1.000000e+30                   3.000000e+10                      17.000000
                1670075.980857                    2844.278428                   1.000000e+30                   3.000000e+10                      17.000000
                1648081.046247                    2844.278428                   1.000000e+30                   3.000000e+10                      17.000000
                1626086.111638                    2844.278428                   1.000000e+30                   3.000000e+10                      17.000000
                1604091.177028                    2844.278428                   1.000000e+30                   3.000000e+10                      17.000000
                1582096.242418                    2844.278428                   1.000000e+30                   3.000000e+10                      17.000000
                1560101.307809                    2844.278428                   1.000000e+30                   3.000000e+10                      17.000000
                1538106.373199                    2844.278428                   1.000000e+30                   3.000000e+10                      17.000000
                1516111.438590                    2844.278428                   1.000000e+30                   3.000000e+10                      17.000000
                1494116.503980                    2844.278428                   1.000000e+30                   3.000000e+10                      17.000000
                1472121.569371                    2844.278428                   1.000000e+30                   3.000000e+10                      17.000000
                1450126.634761                    2844.278428                   1.000000e+30                   3.000000e+10                      17.000000
                1428131.700152                    2844.278428                   1.000000e+30                   3.000000e+10                      17.000000
                1406136.765542                    2844.278428                   1.000000e+30                   3.000000e+10                      17.000000
                1384141.830932                    2844.278428                   1.000000e+30                   3.000000e+10                      17.000000
                1362146.896323                    2844.278428                   1.000000e+30                   3.000000e+10                      17.000000
                1340151.961713                    2844.278428                   1.000000e+30                   3.000000e+10                      17.000000
                1318157.027104                    2844.278428                   1.000000e+30                   3.000000e+10                      17.000000
                1296162.092494                    2844.278428                   1.000000e+30                   3.000000e+10                      17.000000
                1274167.157885                    2844.278428                   1.000000e+30                   3.000000e+10                      17.000000
                1252172.223275                    2844.278428                   1.000000e+30                   3.000000e+10                      17.000000
                1230177.288666                    2844.278428                   1.000000e+30                   3.000000e+10                      17.000000
                1208182.354056                    2844.278428                   1.000000e+30                   3.000000e+10                      17.000000
                1186187.419446                    2844.278428                   1.000000e+30                   3.000000e+10                      17.000000
                1164192.484837                    2844.278428                   1.000000e+30                   3.000000e+10                      17.000000
                1142197.550227                    2844.278428                   1.000000e+30                   3.000000e+10                      17.000000
                1120202.615618                    2844.278428                   1.000000e+30                   3.000000e+10                      17.000000
                1098207.681008                    2844.278428                   1.000000e+30                   3.000000e+10                      17.000000
                1076212.746399                    2844.278428                   1.000000e+30                   3.000000e+10                      17.000000
                1054217.811789                    2844.278428                   1.000000e+30                   3.000000e+10                      17.000000
                1032222.877180                    2844.278428                   1.000000e+30                   3.000000e+10                      17.000000
                1010227.942570                    2844.278428                   1.000000e+30                   3.000000e+10                      17.000000
                 988233.007961                    2844.278428                   1.000000e+30                   3.000000e+10                      17.000000
                 966238.073351                    2844.278428                   1.000000e+30                   3.000000e+10                      17.000000
                 944243.138741                    2844.278428                   1.000000e+30                   3.000000e+10                      17.000000
                 922248.204132                    2844.278428                   1.000000e+30                   3.000000e+10                      17.000000
                 900253.269522                    2844.278428                   1.000000e+30                   3.000000e+10                      17.000000
                 878258.334913                    2844.278428                   1.000000e+30                   3.000000e+10                      17.000000
                 856263.400303                    2844.278428                   1.000000e+30                   3.000000e+10                      17.000000
                 834268.465694                    2844.278428                   1.000000e+30                   3.000000e+10                      17.000000
                 812273.531084                    2844.278428                   1.000000e+30                   3.000000e+10                      17.000000
                 790278.596475                    2844.278428                   1.000000e+30                   3.000000e+10                      17.000000
                 768283.661865                    2844.278428                   1.000000e+30                   3.000000e+10                      17.000000
                 746288.727255                    2844.278428                   1.000000e+30                   3.000000e+10                      17.000000
                 724293.792646                    2844.278428                   1.000000e+30                   3.000000e+10                      17.000000
                 702298.858036                    2844.278428                   1.000000e+30                   3.000000e+10                      17.000000
                 680303.923427                    2844.278428                   1.000000e+30                   3.000000e+10                      17.000000
                 658308.988817                    2844.278428                   1.000000e+30                   3.000000e+10                      17.000000
                 636314.054208                    2844.278428                   1.000000e+30                   3.000000e+10                      17.000000
                 614319.119598                    2844.278428                   1.000000e+30                   3.000000e+10                      17.000000
                 592324.184989                    2844.278428                   1.000000e+30                   3.000000e+10                      17.000000
                 570329.250379                    2844.278428                   1.000000e+30                   3.000000e+10                      17.000000
                 548334.315769                    2844.278428                   1.000000e+30                   3.000000e+10                      17.000000
                 526339.381160                    2844.278428                   1.000000e+30                   3.000000e+10                      17.000000
                 504344.446550                    2844.278428                   1.000000e+30                   3.000000e+10                      17.000000
                 482349.511941                    2844.278428                   1.000000e+30                   3.000000e+10                      17.000000
                 460354.577331                    2844.278428                   1.000000e+30                   3.000000e+10                      17.000000
                 438359.642722                    2844.278428                   1.000000e+30                   3.000000e+10                      17.000000
                 416364.708112                    2844.278428                   1.000000e+30                   3.000000e+10                      17.000000
                 394369.773503                    2844.278428                   1.000000e+30                   3.000000e+10                      17.000000
                 372374.838893                    2844.278428                   1.000000e+30                   3.000000e+10                      17.000000
                 350379.904283                    2844.278428                   1.000000e+30                   3.000000e+10                      17.000000
                 328384.969674                    2844.278428                   1.000000e+30                   3.000000e+10                      17.000000
                 306390.035064                    2844.278428                   1.000000e+30                   3.000000e+10                      17.000000
                 284395.100455                    2844.278428                   1.000000e+30                   3.000000e+10                      17.000000
                 262400.165845                    2844.278428                   1.000000e+30                   3.000000e+10                      17.000000
                 240405.231236                    2844.278428                   1.000000e+30                   3.000000e+10                      17.000000
                 218410.296626                    2844.278428                   1.000000e+30                   3.000000e+10                      17.000000
                 196415.362017                    2844.278428                   1.000000e+30                   3.000000e+10                      17.000000
                 174420.427407                    2844.278428                   1.000000e+30                   3.000000e+10                      17.000000
                 152425.492797                    2844.278428                   1.000000e+30                   3.000000e+10                      17.000000
                 130430.558188                    2844.278428                   1.000000e+30                   3.000000e+10                      17.000000
                 108435.623578                    2844.278428                   1.000000e+30                   3.000000e+10                      17.000000
                  86440.688969                    2844.278428                   1.000000e+30                   3.000000e+10                      17.000000
                  64445.754359                    2844.278428                   1.000000e+30                   3.000000e+10                      17.000000
                  42450.819750                    2844.278428                   1.000000e+30                   3.000000e+10                      17.000000
                  20455.885140                    2844.278428                   1.000000e+30                   3.000000e+10                      17.000000
                  -1539.049469                    2844.278428                   1.000000e+30                   3.000000e+10                      17.000000
                 -23533.984079                    2844.278428                   1.000000e+30                   3.000000e+10                      17.000000
                 -45528.918689                    2844.278428                   1.000000e+30                   3.000000e+10                      17.000000
                 -67523.853298                    2844.278428                   1.000000e+30                   3.000000e+10                      17.000000
                 -89518.787908                    2844.278428                   1.000000e+30                   3.000000e+10                      17.000000
                -111513.722517                    2844.278428                   1.000000e+30                   3.000000e+10                      17.000000
                -133508.657127                    2844.278428                   1.000000e+30                   3.000000e+10                      17.000000
                -155503.591736                    2844.278428                   1.000000e+30                   3.000000e+10                      17.000000
                -177498.526346                    2844.278428                   1.000000e+30                   3.000000e+10                      17.000000
                -199493.460955                    2844.278428                   1.000000e+30                   3.000000e+10                      17.000000
                -221488.395565                    2844.278428                   1.000000e+30                   3.000000e+10                      17.000000
                -243483.330175                    2844.278428                   1.000000e+30                   3.000000e+10                      17.000000
                -265478.264784                    2844.278428                   1.000000e+30                   3.000000e+10                      17.000000
                -287473.199394                    2844.278428                   1.000000e+30                   3.000000e+10                      17.000000
                -309468.134003                    2844.278428                   1.000000e+30                   3.000000e+10                      17.000000
                -331463.068613                    2844.278428                   1.000000e+30                   3.000000e+10                      17.000000
                -353458.003222                    2844.278428                   1.000000e+30                   3.000000e+10                      17.000000
                -375452.937832                    2844.278428                   1.000000e+30                   3.000000e+10                      17.000000
                -397447.872441                    2844.278428                   1.000000e+30                   3.000000e+10                      17.000000
                -419442.807051                    2844.278428                   1.000000e+30                   3.000000e+10                      17.000000
                -441437.741661                    2844.278428                   1.000000e+30                   3.000000e+10                      17.000000
                -463432.676270                    2844.278428                   1.000000e+30                   3.000000e+10                      17.000000
                -485427.610880                    2844.278428                   1.000000e+30                   3.000000e+10                      17.000000
                -507422.545489                    2844.278428                   1.000000e+30                   3.000000e+10                      17.000000
                -529417.480099                    2844.278428                   1.000000e+30                   3.000000e+10                      17.000000
                -551412.414708                    2844.278428                   1.000000e+30                   3.000000e+10                      17.000000
                -573407.349318                    2844.278428                   1.000000e+30                   3.000000e+10                      17.000000
                -595402.283927                    2844.278428                   1.000000e+30                   3.000000e+10                      17.000000
                -617397.218537                    2844.278428                   1.000000e+30                   3.000000e+10                      17.000000
                -639392.153147                    2844.278428                   1.000000e+30                   3.000000e+10                      17.000000
                -661387.087756                    2844.278428                   1.000000e+30                   3.000000e+10                      17.000000
                -683382.022366                    2844.278428                   1.000000e+30                   3.000000e+10                      17.000000
                -705376.956975                    2844.278428                   1.000000e+30                   3.000000e+10                      17.000000
                -727371.891585                    2844.278428                   1.000000e+30                   3.000000e+10                      17.000000
                -749366.826194                    2844.278428                   1.000000e+30                   3.000000e+10                      17.000000
                -771361.760804                    2844.278428                   1.000000e+30                   3.000000e+10                      17.000000
                -793356.695413                    2844.278428                   1.000000e+30                   3.000000e+10                      17.000000
                -815351.630023                    2844.278428                   1.000000e+30                   3.000000e+10                      17.000000
                -837346.564632                    2844.278428                   1.000000e+30                   3.000000e+10                      17.000000
                -837346.564632                    3300.000000                   1.000000e+30                   5.000000e+10                      22.000000
                -830855.428473                    3300.000000                   1.000000e+30                   5.000000e+10                      22.000000
                -824364.292313                    3300.000000                   1.000000e+30                   5.000000e+10                      22.000000
                -817873.156153                    3300.000000                   1.000000e+30                   5.000000e+10                      22.000000
                -811382.019993                    3300.000000                   1.000000e+30                   5.000000e+10                      22.000000
                -804890.883833                    3300.000000                   1.000000e+30                   5.000000e+10                      22.000000
                -798399.747673                    3300.000000                   1.000000e+30                   5.000000e+10                      22.000000
                -791908.611513                    3300.000000                   1.000000e+30                   5.000000e+10                      22.000000
                -785417.475353                    3300.000000                   1.000000e+30                   5.000000e+10                      22.000000
                -778926.339193                    3300.000000                   1.000000e+30                   5.000000e+10                      22.000000
                -772435.203033                    3300.000000                   1.000000e+30                   5.000000e+10                      22.000000
                -765944.066873                    3300.000000                   1.000000e+30                   5.000000e+10                      22.000000
                -759452.930713                    3300.000000                   1.000000e+30                   5.000000e+10                      22.000000
                -752961.794553                    3300.000000                   1.000000e+30                   5.000000e+10                      22.000000
                -746470.658393                    3300.000000                   1.000000e+30                   5.000000e+10                      22.000000
                -739979.522233                    3300.000000                   1.000000e+30                   5.000000e+10                      22.000000
                -733488.386073                    3300.000000                   1.000000e+30                   5.000000e+10                      22.000000
                -726997.249913                    3300.000000                   1.000000e+30                   5.000000e+10                      22.000000
                -720506.113754                    3300.000000                   1.000000e+30                   5.000000e+10                      22.000000
                -714014.977594                    3300.000000                   1.000000e+30                   5.000000e+10                      22.000000
                -707523.841434                    3300.000000                   1.000000e+30                   5.000000e+10                      22.000000
                -701032.705274                    3300.000000                   1.000000e+30                   5.000000e+10                      22.000000
                -694541.569114                    3300.000000                   1.000000e+30                   5.000000e+10                      22.000000
                -688050.432954                    3300.000000                   1.000000e+30                   5.000000e+10                      22.000000
                -681559.296794                    3300.000000                   1.000000e+30                   5.000000e+10                      22.000000
                -675068.160634                    3300.000000                   1.000000e+30                   5.000000e+10                      22.000000
                -668577.024474                    3300.000000                   1.000000e+30                   5.000000e+10                      22.000000
                -662085.888314                    3300.000000                   1.000000e+30                   5.000000e+10                      22.000000
                -655594.752154                    3300.000000                   1.000000e+30                   5.000000e+10                      22.000000
                -649103.615994                    3300.000000                   1.000000e+30                   5.000000e+10                      22.000000
                -642612.479834                    3300.000000                   1.000000e+30                   5.000000e+10                      22.000000
                -636121.343674                    3300.000000                   1.000000e+30                   5.000000e+10                      22.000000
                -629630.207514                    3300.000000                   1.000000e+30                   5.000000e+10                      22.000000
                -623139.071354                    3300.000000                   1.000000e+30                   5.000000e+10                      22.000000
                -616647.935194                    3300.000000                   1.000000e+30                   5.000000e+10                      22.000000
                -610156.799035                    3300.000000                   1.000000e+30                   5.000000e+10                      22.000000
                -603665.662875                    3300.000000                   1.000000e+30                   5.000000e+10                      22.000000
                -597174.526715                    3300.000000                   1.000000e+30                   5.000000e+10                      22.000000
                -590683.390555                    3300.000000                   1.000000e+30                   5.000000e+10                      22.000000
                -584192.254395                    3300.000000                   1.000000e+30                   5.000000e+10                      22.000000
                -577701.118235                    3300.000000                   1.000000e+30                   5.000000e+10                      22.000000
                -571209.982075                    3300.000000                   1.000000e+30                   5.000000e+10                      22.000000
                -564718.845915                    3300.000000                   1.000000e+30                   5.000000e+10                      22.000000
                -558227.709755                    3300.000000                   1.000000e+30                   5.000000e+10                      22.000000
                -551736.573595                    3300.000000                   1.000000e+30                   5.000000e+10                      22.000000
                -545245.437435                    3300.000000                   1.000000e+30                   5.000000e+10                      22.000000
                -538754.301275                    3300.000000                   1.000000e+30                   5.000000e+10                      22.000000
                -532263.165115                    3300.000000                   1.000000e+30                   5.000000e+10                      22.000000
                -525772.028955                    3300.000000                   1.000000e+30                   5.000000e+10                      22.000000
                -519280.892795                    3300.000000                   1.000000e+30                   5.000000e+10                      22.000000
                -512789.756635                    3300.000000                   1.000000e+30                   5.000000e+10                      22.000000
                -506298.620475                    3300.000000                   1.000000e+30                   5.000000e+10                      22.000000
                -499807.484316                    3300.000000                   1.000000e+30                   5.000000e+10                      22.000000
                -493316.348156                    3300.000000                   1.000000e+30                   5.000000e+10                      22.000000
                -486825.211996                    3300.000000                   1.000000e+30                   5.000000e+10                      22.000000
                -480334.075836                    3300.000000                   1.000000e+30                   5.000000e+10                      22.000000
                -473842.939676                    3300.000000                   1.000000e+30                   5.000000e+10                      22.000000
                -467351.803516                    3300.000000                   1.000000e+30                   5.000000e+10                      22.000000
                -460860.667356                    3300.000000                   1.000000e+30                   5.000000e+10                      22.000000
                -454369.531196                    3300.000000                   1.000000e+30                   5.000000e+10                      22.000000
                -447878.395036                    3300.000000                   1.000000e+30                   5.000000e+10                      22.000000
                -441387.258876                    3300.000000                   1.000000e+30                   5.000000e+10                      22.000000
                -434896.122716                    3300.000000                   1.000000e+30                   5.000000e+10                      22.000000
                -428404.986556                    3300.000000                   1.000000e+30                   5.000000e+10                      22.000000
                -421913.850396                    3300.000000                   1.000000e+30                   5.000000e+10                      22.000000
                -415422.714236                    3300.000000                   1.000000e+30                   5.000000e+10                      22.000000
                -408931.578076                    3300.000000                   1.000000e+30                   5.000000e+10                      22.000000
                -402440.441916                    3300.000000                   1.000000e+30                   5.000000e+10                      22.000000
                -395949.305756                    3300.000000                   1.000000e+30                   5.000000e+10                      22.000000
                -389458.169597                    3300.000000                   1.000000e+30                   5.000000e+10                      22.000000
                -382967.033437                    3300.000000                   1.000000e+30                   5.000000e+10                      22.000000
                -376475.897277                    3300.000000                   1.000000e+30                   5.000000e+10                      22.000000
                -369984.761117                    3300.000000                   1.000000e+30                   5.000000e+10                      22.000000
                -363493.624957                    3300.000000                   1.000000e+30                   5.000000e+10                      22.000000
                -357002.488797                    3300.000000                   1.000000e+30                   5.000000e+10                      22.000000
                -350511.352637                    3300.000000                   1.000000e+30                   5.000000e+10                      22.000000
                -344020.216477                    3300.000000                   1.000000e+30                   5.000000e+10                      22.000000
                -337529.080317                    3300.000000                   1.000000e+30                   5.000000e+10                      22.000000
                -331037.944157                    3300.000000                   1.000000e+30                   5.000000e+10                      22.000000
                -324546.807997                    3300.000000                   1.000000e+30                   5.000000e+10                      22.000000
                -318055.671837                    3300.000000                   1.000000e+30                   5.000000e+10                      22.000000
                -311564.535677                    3300.000000                   1.000000e+30                   5.000000e+10                      22.000000
                -305073.399517                    3300.000000                   1.000000e+30                   5.000000e+10                      22.000000
                -298582.263357                    3300.000000                   1.000000e+30                   5.000000e+10                      22.000000
                -292091.127197                    3300.000000                   1.000000e+30                   5.000000e+10                      22.000000
                -285599.991037                    3300.000000                   1.000000e+30                   5.000000e+10                      22.000000
                -279108.854877                    3300.000000                   1.000000e+30                   5.000000e+10                      22.000000
                -272617.718718                    3300.000000                   1.000000e+30                   5.000000e+10                      22.000000
                -266126.582558                    3300.000000                   1.000000e+30                   5.000000e+10                      22.000000
                -259635.446398                    3300.000000                   1.000000e+30                   5.000000e+10                      22.000000
                -253144.310238                    3300.000000                   1.000000e+30                   5.000000e+10                      22.000000
                -246653.174078                    3300.000000                   1.000000e+30                   5.000000e+10                      22.000000
                -240162.037918                    3300.000000                   1.000000e+30                   5.000000e+10                      22.000000
                -233670.901758                    3300.000000                   1.000000e+30                   5.000000e+10                      22.000000
                -227179.765598                    3300.000000                   1.000000e+30                   5.000000e+10                      22.000000
                -220688.629438                    3300.000000                   1.000000e+30                   5.000000e+10                      22.000000
                -214197.493278                    3300.000000                   1.000000e+30                   5.000000e+10                      22.000000
                -207706.357118                    3300.000000                   1.000000e+30                   5.000000e+10                      22.000000
                -201215.220958                    3300.000000                   1.000000e+30                   5.000000e+10                      22.000000
                -194724.084798                    3300.000000                   1.000000e+30                   5.000000e+10                      22.000000
                -188232.948638                    3300.000000                   1.000000e+30                   5.000000e+10                      22.000000
                -181741.812478                    3300.000000                   1.000000e+30                   5.000000e+10                      22.000000
                -175250.676318                    3300.000000                   1.000000e+30                   5.000000e+10                      22.000000
                -168759.540158                    3300.000000                   1.000000e+30                   5.000000e+10                      22.000000
                -162268.403999                    3300.000000                   1.000000e+30                   5.000000e+10                      22.000000
                -155777.267839                    3300.000000                   1.000000e+30                   5.000000e+10                      22.000000
                -149286.131679                    3300.000000                   1.000000e+30                   5.000000e+10                      22.000000
                -142794.995519                    3300.000000                   1.000000e+30                   5.000000e+10                      22.000000
                -136303.859359                    3300.000000                   1.000000e+30                   5.000000e+10                      22.000000
                -129812.723199                    3300.000000                   1.000000e+30                   5.000000e+10                      22.000000
                -123321.587039                    3300.000000                   1.000000e+30                   5.000000e+10                      22.000000
                -116830.450879                    3300.000000                   1.000000e+30                   5.000000e+10                      22.000000
                -110339.314719                    3300.000000                   1.000000e+30                   5.000000e+10                      22.000000
                -103848.178559                    3300.000000                   1.000000e+30                   5.000000e+10                      22.000000
                 -97357.042399                    3300.000000                   1.000000e+30                   5.000000e+10                      22.000000
                 -90865.906239                    3300.000000                   1.000000e+30                   5.000000e+10                      22.000000
                 -84374.770079                    3300.000000                   1.000000e+30                   5.000000e+10                      22.000000
                 -77883.633919                    3300.000000                   1.000000e+30                   5.000000e+10                      22.000000
                 -71392.497759                    3300.000000                   1.000000e+30                   5.000000e+10                      22.000000
                 -64901.361599                    3300.000000                   1.000000e+30                   5.000000e+10                      22.000000
                 -58410.225439                    3300.000000                   1.000000e+30                   5.000000e+10                      22.000000
                 -51919.089280                    3300.000000                   1.000000e+30                   5.000000e+10                      22.000000
                 -45427.953120                    3300.000000                   1.000000e+30                   5.000000e+10                      22.000000
                 -38936.816960                    3300.000000                   1.000000e+30                   5.000000e+10                      22.000000
                 -32445.680800                    3300.000000                   1.000000e+30                   5.000000e+10                      22.000000
                 -25954.544640                    3300.000000                   1.000000e+30                   5.000000e+10                      22.000000
                 -19463.408480                    3300.000000                   1.000000e+30                   5.000000e+10                      22.000000
                 -12972.272320                    3300.000000                   1.000000e+30                   5.000000e+10                      22.000000
                  -6481.136160                    3300.000000                   1.000000e+30                   5.000000e+10                      22.000000
                     10.000000                    3300.000000                   1.000000e+30                   5.000000e+10                      22.000000
