                   #Radius (m)               Density (kg/m^3)              Bulk modulus (Pa)             Shear modulus (Pa)               Viscosity (Pa.s)
                2575000.000000                     930.000000                   1.000000e+30                   3.500000e+09                      24.000000
                2574999.710145                     930.000000                   1.000000e+30                   3.500000e+09                      24.000000
                2574999.420290                     930.000000                   1.000000e+30                   3.500000e+09                      24.000000
                2574999.130435                     930.000000                   1.000000e+30                   3.500000e+09                      24.000000
                2574998.840580                     930.000000                   1.000000e+30                   3.500000e+09                      24.000000
                2574998.550725                     930.000000                   1.000000e+30                   3.500000e+09                      24.000000
                2574998.260870                     930.000000                   1.000000e+30                   3.500000e+09                      24.000000
                2574997.971014                     930.000000                   1.000000e+30                   3.500000e+09                      24.000000
                2574997.681159                     930.000000                   1.000000e+30                   3.500000e+09                      24.000000
                2574997.391304                     930.000000                   1.000000e+30                   3.500000e+09                      24.000000
                2574997.101449                     930.000000                   1.000000e+30                   3.500000e+09                      24.000000
                2574996.811594                     930.000000                   1.000000e+30                   3.500000e+09                      24.000000
                2574996.521739                     930.000000                   1.000000e+30                   3.500000e+09                      24.000000
                2574996.231884                     930.000000                   1.000000e+30                   3.500000e+09                      24.000000
                2574995.942029                     930.000000                   1.000000e+30                   3.500000e+09                      24.000000
                2574995.652174                     930.000000                   1.000000e+30                   3.500000e+09                      24.000000
                2574995.362319                     930.000000                   1.000000e+30                   3.500000e+09                      24.000000
                2574995.072464                     930.000000                   1.000000e+30                   3.500000e+09                      24.000000
                2574994.782609                     930.000000                   1.000000e+30                   3.500000e+09                      24.000000
                2574994.492754                     930.000000                   1.000000e+30                   3.500000e+09                      24.000000
                2574994.202899                     930.000000                   1.000000e+30                   3.500000e+09                      24.000000
                2574993.913043                     930.000000                   1.000000e+30                   3.500000e+09                      24.000000
                2574993.623188                     930.000000                   1.000000e+30                   3.500000e+09                      24.000000
                2574993.333333                     930.000000                   1.000000e+30                   3.500000e+09                      24.000000
                2574993.043478                     930.000000                   1.000000e+30                   3.500000e+09                      24.000000
                2574992.753623                     930.000000                   1.000000e+30                   3.500000e+09                      24.000000
                2574992.463768                     930.000000                   1.000000e+30                   3.500000e+09                      24.000000
                2574992.173913                     930.000000                   1.000000e+30                   3.500000e+09                      24.000000
                2574991.884058                     930.000000                   1.000000e+30                   3.500000e+09                      24.000000
                2574991.594203                     930.000000                   1.000000e+30                   3.500000e+09                      24.000000
                2574991.304348                     930.000000                   1.000000e+30                   3.500000e+09                      24.000000
                2574991.014493                     930.000000                   1.000000e+30                   3.500000e+09                      24.000000
                2574990.724638                     930.000000                   1.000000e+30                   3.500000e+09                      24.000000
                2574990.434783                     930.000000                   1.000000e+30                   3.500000e+09                      24.000000
                2574990.144928                     930.000000                   1.000000e+30                   3.500000e+09                      24.000000
                2574989.855072                     930.000000                   1.000000e+30                   3.500000e+09                      24.000000
                2574989.565217                     930.000000                   1.000000e+30                   3.500000e+09                      24.000000
                2574989.275362                     930.000000                   1.000000e+30                   3.500000e+09                      24.000000
                2574988.985507                     930.000000                   1.000000e+30                   3.500000e+09                      24.000000
                2574988.695652                     930.000000                   1.000000e+30                   3.500000e+09                      24.000000
                2574988.405797                     930.000000                   1.000000e+30                   3.500000e+09                      24.000000
                2574988.115942                     930.000000                   1.000000e+30                   3.500000e+09                      24.000000
                2574987.826087                     930.000000                   1.000000e+30                   3.500000e+09                      24.000000
                2574987.536232                     930.000000                   1.000000e+30                   3.500000e+09                      24.000000
                2574987.246377                     930.000000                   1.000000e+30                   3.500000e+09                      24.000000
                2574986.956522                     930.000000                   1.000000e+30                   3.500000e+09                      24.000000
                2574986.666667                     930.000000                   1.000000e+30                   3.500000e+09                      24.000000
                2574986.376812                     930.000000                   1.000000e+30                   3.500000e+09                      24.000000
                2574986.086957                     930.000000                   1.000000e+30                   3.500000e+09                      24.000000
                2574985.797101                     930.000000                   1.000000e+30                   3.500000e+09                      24.000000
                2574985.507246                     930.000000                   1.000000e+30                   3.500000e+09                      24.000000
                2574985.217391                     930.000000                   1.000000e+30                   3.500000e+09                      24.000000
                2574984.927536                     930.000000                   1.000000e+30                   3.500000e+09                      24.000000
                2574984.637681                     930.000000                   1.000000e+30                   3.500000e+09                      24.000000
                2574984.347826                     930.000000                   1.000000e+30                   3.500000e+09                      24.000000
                2574984.057971                     930.000000                   1.000000e+30                   3.500000e+09                      24.000000
                2574983.768116                     930.000000                   1.000000e+30                   3.500000e+09                      24.000000
                2574983.478261                     930.000000                   1.000000e+30                   3.500000e+09                      24.000000
                2574983.188406                     930.000000                   1.000000e+30                   3.500000e+09                      24.000000
                2574982.898551                     930.000000                   1.000000e+30                   3.500000e+09                      24.000000
                2574982.608696                     930.000000                   1.000000e+30                   3.500000e+09                      24.000000
                2574982.318841                     930.000000                   1.000000e+30                   3.500000e+09                      24.000000
                2574982.028986                     930.000000                   1.000000e+30                   3.500000e+09                      24.000000
                2574981.739130                     930.000000                   1.000000e+30                   3.500000e+09                      24.000000
                2574981.449275                     930.000000                   1.000000e+30                   3.500000e+09                      24.000000
                2574981.159420                     930.000000                   1.000000e+30                   3.500000e+09                      24.000000
                2574980.869565                     930.000000                   1.000000e+30                   3.500000e+09                      24.000000
                2574980.579710                     930.000000                   1.000000e+30                   3.500000e+09                      24.000000
                2574980.289855                     930.000000                   1.000000e+30                   3.500000e+09                      24.000000
                2574980.000000                     930.000000                   1.000000e+30                   3.500000e+09                      24.000000
                2574980.000000                     930.000000                   1.000000e+30                   3.500000e+09                      15.000000
                2573685.581395                     930.000000                   1.000000e+30                   3.500000e+09                      15.000000
                2572391.162791                     930.000000                   1.000000e+30                   3.500000e+09                      15.000000
                2571096.744186                     930.000000                   1.000000e+30                   3.500000e+09                      15.000000
                2569802.325581                     930.000000                   1.000000e+30                   3.500000e+09                      15.000000
                2568507.906977                     930.000000                   1.000000e+30                   3.500000e+09                      15.000000
                2567213.488372                     930.000000                   1.000000e+30                   3.500000e+09                      15.000000
                2565919.069767                     930.000000                   1.000000e+30                   3.500000e+09                      15.000000
                2564624.651163                     930.000000                   1.000000e+30                   3.500000e+09                      15.000000
                2563330.232558                     930.000000                   1.000000e+30                   3.500000e+09                      15.000000
                2562035.813953                     930.000000                   1.000000e+30                   3.500000e+09                      15.000000
                2560741.395349                     930.000000                   1.000000e+30                   3.500000e+09                      15.000000
                2559446.976744                     930.000000                   1.000000e+30                   3.500000e+09                      15.000000
                2558152.558140                     930.000000                   1.000000e+30                   3.500000e+09                      15.000000
                2556858.139535                     930.000000                   1.000000e+30                   3.500000e+09                      15.000000
                2555563.720930                     930.000000                   1.000000e+30                   3.500000e+09                      15.000000
                2554269.302326                     930.000000                   1.000000e+30                   3.500000e+09                      15.000000
                2552974.883721                     930.000000                   1.000000e+30                   3.500000e+09                      15.000000
                2551680.465116                     930.000000                   1.000000e+30                   3.500000e+09                      15.000000
                2550386.046512                     930.000000                   1.000000e+30                   3.500000e+09                      15.000000
                2549091.627907                     930.000000                   1.000000e+30                   3.500000e+09                      15.000000
                2547797.209302                     930.000000                   1.000000e+30                   3.500000e+09                      15.000000
                2546502.790698                     930.000000                   1.000000e+30                   3.500000e+09                      15.000000
                2545208.372093                     930.000000                   1.000000e+30                   3.500000e+09                      15.000000
                2543913.953488                     930.000000                   1.000000e+30                   3.500000e+09                      15.000000
                2542619.534884                     930.000000                   1.000000e+30                   3.500000e+09                      15.000000
                2541325.116279                     930.000000                   1.000000e+30                   3.500000e+09                      15.000000
                2540030.697674                     930.000000                   1.000000e+30                   3.500000e+09                      15.000000
                2538736.279070                     930.000000                   1.000000e+30                   3.500000e+09                      15.000000
                2537441.860465                     930.000000                   1.000000e+30                   3.500000e+09                      15.000000
                2536147.441860                     930.000000                   1.000000e+30                   3.500000e+09                      15.000000
                2534853.023256                     930.000000                   1.000000e+30                   3.500000e+09                      15.000000
                2533558.604651                     930.000000                   1.000000e+30                   3.500000e+09                      15.000000
                2532264.186047                     930.000000                   1.000000e+30                   3.500000e+09                      15.000000
                2530969.767442                     930.000000                   1.000000e+30                   3.500000e+09                      15.000000
                2529675.348837                     930.000000                   1.000000e+30                   3.500000e+09                      15.000000
                2528380.930233                     930.000000                   1.000000e+30                   3.500000e+09                      15.000000
                2527086.511628                     930.000000                   1.000000e+30                   3.500000e+09                      15.000000
                2525792.093023                     930.000000                   1.000000e+30                   3.500000e+09                      15.000000
                2524497.674419                     930.000000                   1.000000e+30                   3.500000e+09                      15.000000
                2523203.255814                     930.000000                   1.000000e+30                   3.500000e+09                      15.000000
                2521908.837209                     930.000000                   1.000000e+30                   3.500000e+09                      15.000000
                2520614.418605                     930.000000                   1.000000e+30                   3.500000e+09                      15.000000
                2519320.000000                     930.000000                   1.000000e+30                   3.500000e+09                      15.000000
                2518025.581395                     930.000000                   1.000000e+30                   3.500000e+09                      15.000000
                2516731.162791                     930.000000                   1.000000e+30                   3.500000e+09                      15.000000
                2515436.744186                     930.000000                   1.000000e+30                   3.500000e+09                      15.000000
                2514142.325581                     930.000000                   1.000000e+30                   3.500000e+09                      15.000000
                2512847.906977                     930.000000                   1.000000e+30                   3.500000e+09                      15.000000
                2511553.488372                     930.000000                   1.000000e+30                   3.500000e+09                      15.000000
                2510259.069767                     930.000000                   1.000000e+30                   3.500000e+09                      15.000000
                2508964.651163                     930.000000                   1.000000e+30                   3.500000e+09                      15.000000
                2507670.232558                     930.000000                   1.000000e+30                   3.500000e+09                      15.000000
                2506375.813953                     930.000000                   1.000000e+30                   3.500000e+09                      15.000000
                2505081.395349                     930.000000                   1.000000e+30                   3.500000e+09                      15.000000
                2503786.976744                     930.000000                   1.000000e+30                   3.500000e+09                      15.000000
                2502492.558140                     930.000000                   1.000000e+30                   3.500000e+09                      15.000000
                2501198.139535                     930.000000                   1.000000e+30                   3.500000e+09                      15.000000
                2499903.720930                     930.000000                   1.000000e+30                   3.500000e+09                      15.000000
                2498609.302326                     930.000000                   1.000000e+30                   3.500000e+09                      15.000000
                2497314.883721                     930.000000                   1.000000e+30                   3.500000e+09                      15.000000
                2496020.465116                     930.000000                   1.000000e+30                   3.500000e+09                      15.000000
                2494726.046512                     930.000000                   1.000000e+30                   3.500000e+09                      15.000000
                2493431.627907                     930.000000                   1.000000e+30                   3.500000e+09                      15.000000
                2492137.209302                     930.000000                   1.000000e+30                   3.500000e+09                      15.000000
                2490842.790698                     930.000000                   1.000000e+30                   3.500000e+09                      15.000000
                2489548.372093                     930.000000                   1.000000e+30                   3.500000e+09                      15.000000
                2488253.953488                     930.000000                   1.000000e+30                   3.500000e+09                      15.000000
                2486959.534884                     930.000000                   1.000000e+30                   3.500000e+09                      15.000000
                2485665.116279                     930.000000                   1.000000e+30                   3.500000e+09                      15.000000
                2484370.697674                     930.000000                   1.000000e+30                   3.500000e+09                      15.000000
                2483076.279070                     930.000000                   1.000000e+30                   3.500000e+09                      15.000000
                2481781.860465                     930.000000                   1.000000e+30                   3.500000e+09                      15.000000
                2480487.441860                     930.000000                   1.000000e+30                   3.500000e+09                      15.000000
                2479193.023256                     930.000000                   1.000000e+30                   3.500000e+09                      15.000000
                2477898.604651                     930.000000                   1.000000e+30                   3.500000e+09                      15.000000
                2476604.186047                     930.000000                   1.000000e+30                   3.500000e+09                      15.000000
                2475309.767442                     930.000000                   1.000000e+30                   3.500000e+09                      15.000000
                2474015.348837                     930.000000                   1.000000e+30                   3.500000e+09                      15.000000
                2472720.930233                     930.000000                   1.000000e+30                   3.500000e+09                      15.000000
                2471426.511628                     930.000000                   1.000000e+30                   3.500000e+09                      15.000000
                2470132.093023                     930.000000                   1.000000e+30                   3.500000e+09                      15.000000
                2468837.674419                     930.000000                   1.000000e+30                   3.500000e+09                      15.000000
                2467543.255814                     930.000000                   1.000000e+30                   3.500000e+09                      15.000000
                2466248.837209                     930.000000                   1.000000e+30                   3.500000e+09                      15.000000
                2464954.418605                     930.000000                   1.000000e+30                   3.500000e+09                      15.000000
                2463660.000000                     930.000000                   1.000000e+30                   3.500000e+09                      15.000000
                2462365.581395                     930.000000                   1.000000e+30                   3.500000e+09                      15.000000
                2461071.162791                     930.000000                   1.000000e+30                   3.500000e+09                      15.000000
                2459776.744186                     930.000000                   1.000000e+30                   3.500000e+09                      15.000000
                2458482.325581                     930.000000                   1.000000e+30                   3.500000e+09                      15.000000
                2457187.906977                     930.000000                   1.000000e+30                   3.500000e+09                      15.000000
                2455893.488372                     930.000000                   1.000000e+30                   3.500000e+09                      15.000000
                2454599.069767                     930.000000                   1.000000e+30                   3.500000e+09                      15.000000
                2453304.651163                     930.000000                   1.000000e+30                   3.500000e+09                      15.000000
                2452010.232558                     930.000000                   1.000000e+30                   3.500000e+09                      15.000000
                2450715.813953                     930.000000                   1.000000e+30                   3.500000e+09                      15.000000
                2449421.395349                     930.000000                   1.000000e+30                   3.500000e+09                      15.000000
                2448126.976744                     930.000000                   1.000000e+30                   3.500000e+09                      15.000000
                2446832.558140                     930.000000                   1.000000e+30                   3.500000e+09                      15.000000
                2445538.139535                     930.000000                   1.000000e+30                   3.500000e+09                      15.000000
                2444243.720930                     930.000000                   1.000000e+30                   3.500000e+09                      15.000000
                2442949.302326                     930.000000                   1.000000e+30                   3.500000e+09                      15.000000
                2441654.883721                     930.000000                   1.000000e+30                   3.500000e+09                      15.000000
                2440360.465116                     930.000000                   1.000000e+30                   3.500000e+09                      15.000000
                2439066.046512                     930.000000                   1.000000e+30                   3.500000e+09                      15.000000
                2437771.627907                     930.000000                   1.000000e+30                   3.500000e+09                      15.000000
                2436477.209302                     930.000000                   1.000000e+30                   3.500000e+09                      15.000000
                2435182.790698                     930.000000                   1.000000e+30                   3.500000e+09                      15.000000
                2433888.372093                     930.000000                   1.000000e+30                   3.500000e+09                      15.000000
                2432593.953488                     930.000000                   1.000000e+30                   3.500000e+09                      15.000000
                2431299.534884                     930.000000                   1.000000e+30                   3.500000e+09                      15.000000
                2430005.116279                     930.000000                   1.000000e+30                   3.500000e+09                      15.000000
                2428710.697674                     930.000000                   1.000000e+30                   3.500000e+09                      15.000000
                2427416.279070                     930.000000                   1.000000e+30                   3.500000e+09                      15.000000
                2426121.860465                     930.000000                   1.000000e+30                   3.500000e+09                      15.000000
                2424827.441860                     930.000000                   1.000000e+30                   3.500000e+09                      15.000000
                2423533.023256                     930.000000                   1.000000e+30                   3.500000e+09                      15.000000
                2422238.604651                     930.000000                   1.000000e+30                   3.500000e+09                      15.000000
                2420944.186047                     930.000000                   1.000000e+30                   3.500000e+09                      15.000000
                2419649.767442                     930.000000                   1.000000e+30                   3.500000e+09                      15.000000
                2418355.348837                     930.000000                   1.000000e+30                   3.500000e+09                      15.000000
                2417060.930233                     930.000000                   1.000000e+30                   3.500000e+09                      15.000000
                2415766.511628                     930.000000                   1.000000e+30                   3.500000e+09                      15.000000
                2414472.093023                     930.000000                   1.000000e+30                   3.500000e+09                      15.000000
                2413177.674419                     930.000000                   1.000000e+30                   3.500000e+09                      15.000000
                2411883.255814                     930.000000                   1.000000e+30                   3.500000e+09                      15.000000
                2410588.837209                     930.000000                   1.000000e+30                   3.500000e+09                      15.000000
                2409294.418605                     930.000000                   1.000000e+30                   3.500000e+09                      15.000000
                2408000.000000                     930.000000                   1.000000e+30                   3.500000e+09                      15.000000
                2408000.000000                    1100.000000                   1.000000e+30                   0.000000e+00                       2.000000
                2407996.025480                    1100.000000                   1.000000e+30                   0.000000e+00                       2.000000
                2407988.961848                    1100.000000                   1.000000e+30                   0.000000e+00                       2.000000
                2407978.371638                    1100.000000                   1.000000e+30                   0.000000e+00                       2.000000
                2407964.261129                    1100.000000                   1.000000e+30                   0.000000e+00                       2.000000
                2407946.638690                    1100.000000                   1.000000e+30                   0.000000e+00                       2.000000
                2407925.514773                    1100.000000                   1.000000e+30                   0.000000e+00                       2.000000
                2407900.901905                    1100.000000                   1.000000e+30                   0.000000e+00                       2.000000
                2407872.814682                    1100.000000                   1.000000e+30                   0.000000e+00                       2.000000
                2407841.269763                    1100.000000                   1.000000e+30                   0.000000e+00                       2.000000
                2407806.285855                    1100.000000                   1.000000e+30                   0.000000e+00                       2.000000
                2407767.883706                    1100.000000                   1.000000e+30                   0.000000e+00                       2.000000
                2407726.086091                    1100.000000                   1.000000e+30                   0.000000e+00                       2.000000
                2407680.917798                    1100.000000                   1.000000e+30                   0.000000e+00                       2.000000
                2407632.405614                    1100.000000                   1.000000e+30                   0.000000e+00                       2.000000
                2407580.578311                    1100.000000                   1.000000e+30                   0.000000e+00                       2.000000
                2407525.466626                    1100.000000                   1.000000e+30                   0.000000e+00                       2.000000
                2407467.103241                    1100.000000                   1.000000e+30                   0.000000e+00                       2.000000
                2407405.522772                    1100.000000                   1.000000e+30                   0.000000e+00                       2.000000
                2407340.761738                    1100.000000                   1.000000e+30                   0.000000e+00                       2.000000
                2407272.858547                    1100.000000                   1.000000e+30                   0.000000e+00                       2.000000
                2407201.853469                    1100.000000                   1.000000e+30                   0.000000e+00                       2.000000
                2407127.788616                    1100.000000                   1.000000e+30                   0.000000e+00                       2.000000
                2407050.707910                    1100.000000                   1.000000e+30                   0.000000e+00                       2.000000
                2406970.657068                    1100.000000                   1.000000e+30                   0.000000e+00                       2.000000
                2406887.683562                    1100.000000                   1.000000e+30                   0.000000e+00                       2.000000
                2406801.836602                    1100.000000                   1.000000e+30                   0.000000e+00                       2.000000
                2406713.167099                    1100.000000                   1.000000e+30                   0.000000e+00                       2.000000
                2406621.727641                    1100.000000                   1.000000e+30                   0.000000e+00                       2.000000
                2406527.572457                    1100.000000                   1.000000e+30                   0.000000e+00                       2.000000
                2406430.757385                    1100.000000                   1.000000e+30                   0.000000e+00                       2.000000
                2406331.339844                    1100.000000                   1.000000e+30                   0.000000e+00                       2.000000
                2406229.378793                    1100.000000                   1.000000e+30                   0.000000e+00                       2.000000
                2406124.934703                    1100.000000                   1.000000e+30                   0.000000e+00                       2.000000
                2406018.069514                    1100.000000                   1.000000e+30                   0.000000e+00                       2.000000
                2405908.846604                    1100.000000                   1.000000e+30                   0.000000e+00                       2.000000
                2405797.330749                    1100.000000                   1.000000e+30                   0.000000e+00                       2.000000
                2405683.588084                    1100.000000                   1.000000e+30                   0.000000e+00                       2.000000
                2405567.686066                    1100.000000                   1.000000e+30                   0.000000e+00                       2.000000
                2405449.693432                    1100.000000                   1.000000e+30                   0.000000e+00                       2.000000
                2405329.680158                    1100.000000                   1.000000e+30                   0.000000e+00                       2.000000
                2405207.717419                    1100.000000                   1.000000e+30                   0.000000e+00                       2.000000
                2405083.877548                    1100.000000                   1.000000e+30                   0.000000e+00                       2.000000
                2404958.233987                    1100.000000                   1.000000e+30                   0.000000e+00                       2.000000
                2404830.861252                    1100.000000                   1.000000e+30                   0.000000e+00                       2.000000
                2404701.834882                    1100.000000                   1.000000e+30                   0.000000e+00                       2.000000
                2404571.231398                    1100.000000                   1.000000e+30                   0.000000e+00                       2.000000
                2404439.128255                    1100.000000                   1.000000e+30                   0.000000e+00                       2.000000
                2404305.603798                    1100.000000                   1.000000e+30                   0.000000e+00                       2.000000
                2404170.737216                    1100.000000                   1.000000e+30                   0.000000e+00                       2.000000
                2404034.608492                    1100.000000                   1.000000e+30                   0.000000e+00                       2.000000
                2403897.298360                    1100.000000                   1.000000e+30                   0.000000e+00                       2.000000
                2403758.888252                    1100.000000                   1.000000e+30                   0.000000e+00                       2.000000
                2403619.460253                    1100.000000                   1.000000e+30                   0.000000e+00                       2.000000
                2403479.097054                    1100.000000                   1.000000e+30                   0.000000e+00                       2.000000
                2403337.881897                    1100.000000                   1.000000e+30                   0.000000e+00                       2.000000
                2403195.898532                    1100.000000                   1.000000e+30                   0.000000e+00                       2.000000
                2403053.231164                    1100.000000                   1.000000e+30                   0.000000e+00                       2.000000
                2402909.964404                    1100.000000                   1.000000e+30                   0.000000e+00                       2.000000
                2402766.183215                    1100.000000                   1.000000e+30                   0.000000e+00                       2.000000
                2402621.972871                    1100.000000                   1.000000e+30                   0.000000e+00                       2.000000
                2402477.418896                    1100.000000                   1.000000e+30                   0.000000e+00                       2.000000
                2402332.607019                    1100.000000                   1.000000e+30                   0.000000e+00                       2.000000
                2402187.623123                    1100.000000                   1.000000e+30                   0.000000e+00                       2.000000
                2402042.553191                    1100.000000                   1.000000e+30                   0.000000e+00                       2.000000
                2401897.483260                    1100.000000                   1.000000e+30                   0.000000e+00                       2.000000
                2401752.499364                    1100.000000                   1.000000e+30                   0.000000e+00                       2.000000
                2401607.687487                    1100.000000                   1.000000e+30                   0.000000e+00                       2.000000
                2401463.133512                    1100.000000                   1.000000e+30                   0.000000e+00                       2.000000
                2401318.923168                    1100.000000                   1.000000e+30                   0.000000e+00                       2.000000
                2401175.141979                    1100.000000                   1.000000e+30                   0.000000e+00                       2.000000
                2401031.875218                    1100.000000                   1.000000e+30                   0.000000e+00                       2.000000
                2400889.207851                    1100.000000                   1.000000e+30                   0.000000e+00                       2.000000
                2400747.224486                    1100.000000                   1.000000e+30                   0.000000e+00                       2.000000
                2400606.009329                    1100.000000                   1.000000e+30                   0.000000e+00                       2.000000
                2400465.646130                    1100.000000                   1.000000e+30                   0.000000e+00                       2.000000
                2400326.218131                    1100.000000                   1.000000e+30                   0.000000e+00                       2.000000
                2400187.808023                    1100.000000                   1.000000e+30                   0.000000e+00                       2.000000
                2400050.497891                    1100.000000                   1.000000e+30                   0.000000e+00                       2.000000
                2399914.369167                    1100.000000                   1.000000e+30                   0.000000e+00                       2.000000
                2399779.502585                    1100.000000                   1.000000e+30                   0.000000e+00                       2.000000
                2399645.978128                    1100.000000                   1.000000e+30                   0.000000e+00                       2.000000
                2399513.874985                    1100.000000                   1.000000e+30                   0.000000e+00                       2.000000
                2399383.271501                    1100.000000                   1.000000e+30                   0.000000e+00                       2.000000
                2399254.245131                    1100.000000                   1.000000e+30                   0.000000e+00                       2.000000
                2399126.872396                    1100.000000                   1.000000e+30                   0.000000e+00                       2.000000
                2399001.228835                    1100.000000                   1.000000e+30                   0.000000e+00                       2.000000
                2398877.388964                    1100.000000                   1.000000e+30                   0.000000e+00                       2.000000
                2398755.426225                    1100.000000                   1.000000e+30                   0.000000e+00                       2.000000
                2398635.412951                    1100.000000                   1.000000e+30                   0.000000e+00                       2.000000
                2398517.420317                    1100.000000                   1.000000e+30                   0.000000e+00                       2.000000
                2398401.518299                    1100.000000                   1.000000e+30                   0.000000e+00                       2.000000
                2398287.775634                    1100.000000                   1.000000e+30                   0.000000e+00                       2.000000
                2398176.259779                    1100.000000                   1.000000e+30                   0.000000e+00                       2.000000
                2398067.036869                    1100.000000                   1.000000e+30                   0.000000e+00                       2.000000
                2397960.171680                    1100.000000                   1.000000e+30                   0.000000e+00                       2.000000
                2397855.727590                    1100.000000                   1.000000e+30                   0.000000e+00                       2.000000
                2397753.766539                    1100.000000                   1.000000e+30                   0.000000e+00                       2.000000
                2397654.348998                    1100.000000                   1.000000e+30                   0.000000e+00                       2.000000
                2397557.533926                    1100.000000                   1.000000e+30                   0.000000e+00                       2.000000
                2397463.378742                    1100.000000                   1.000000e+30                   0.000000e+00                       2.000000
                2397371.939284                    1100.000000                   1.000000e+30                   0.000000e+00                       2.000000
                2397283.269781                    1100.000000                   1.000000e+30                   0.000000e+00                       2.000000
                2397197.422821                    1100.000000                   1.000000e+30                   0.000000e+00                       2.000000
                2397114.449315                    1100.000000                   1.000000e+30                   0.000000e+00                       2.000000
                2397034.398473                    1100.000000                   1.000000e+30                   0.000000e+00                       2.000000
                2396957.317767                    1100.000000                   1.000000e+30                   0.000000e+00                       2.000000
                2396883.252914                    1100.000000                   1.000000e+30                   0.000000e+00                       2.000000
                2396812.247836                    1100.000000                   1.000000e+30                   0.000000e+00                       2.000000
                2396744.344645                    1100.000000                   1.000000e+30                   0.000000e+00                       2.000000
                2396679.583611                    1100.000000                   1.000000e+30                   0.000000e+00                       2.000000
                2396618.003142                    1100.000000                   1.000000e+30                   0.000000e+00                       2.000000
                2396559.639757                    1100.000000                   1.000000e+30                   0.000000e+00                       2.000000
                2396504.528072                    1100.000000                   1.000000e+30                   0.000000e+00                       2.000000
                2396452.700769                    1100.000000                   1.000000e+30                   0.000000e+00                       2.000000
                2396404.188585                    1100.000000                   1.000000e+30                   0.000000e+00                       2.000000
                2396359.020292                    1100.000000                   1.000000e+30                   0.000000e+00                       2.000000
                2396317.222677                    1100.000000                   1.000000e+30                   0.000000e+00                       2.000000
                2396278.820528                    1100.000000                   1.000000e+30                   0.000000e+00                       2.000000
                2396243.836620                    1100.000000                   1.000000e+30                   0.000000e+00                       2.000000
                2396212.291701                    1100.000000                   1.000000e+30                   0.000000e+00                       2.000000
                2396184.204478                    1100.000000                   1.000000e+30                   0.000000e+00                       2.000000
                2396159.591610                    1100.000000                   1.000000e+30                   0.000000e+00                       2.000000
                2396138.467693                    1100.000000                   1.000000e+30                   0.000000e+00                       2.000000
                2396120.845254                    1100.000000                   1.000000e+30                   0.000000e+00                       2.000000
                2396106.734745                    1100.000000                   1.000000e+30                   0.000000e+00                       2.000000
                2396096.144535                    1100.000000                   1.000000e+30                   0.000000e+00                       2.000000
                2396089.080903                    1100.000000                   1.000000e+30                   0.000000e+00                       2.000000
                2396085.548040                    1100.000000                   1.000000e+30                   0.000000e+00                       2.000000
                2396085.106383                    1100.000000                   1.000000e+30                   0.000000e+00                       2.000000
                2396085.106383                    1250.000000                   1.000000e+30                   6.000000e+09                      15.000000
                2393014.679202                    1250.000000                   1.000000e+30                   6.000000e+09                      15.000000
                2389944.252020                    1250.000000                   1.000000e+30                   6.000000e+09                      15.000000
                2386873.824839                    1250.000000                   1.000000e+30                   6.000000e+09                      15.000000
                2383803.397658                    1250.000000                   1.000000e+30                   6.000000e+09                      15.000000
                2380732.970477                    1250.000000                   1.000000e+30                   6.000000e+09                      15.000000
                2377662.543295                    1250.000000                   1.000000e+30                   6.000000e+09                      15.000000
                2374592.116114                    1250.000000                   1.000000e+30                   6.000000e+09                      15.000000
                2371521.688933                    1250.000000                   1.000000e+30                   6.000000e+09                      15.000000
                2368451.261752                    1250.000000                   1.000000e+30                   6.000000e+09                      15.000000
                2365380.834570                    1250.000000                   1.000000e+30                   6.000000e+09                      15.000000
                2362310.407389                    1250.000000                   1.000000e+30                   6.000000e+09                      15.000000
                2359239.980208                    1250.000000                   1.000000e+30                   6.000000e+09                      15.000000
                2356169.553027                    1250.000000                   1.000000e+30                   6.000000e+09                      15.000000
                2353099.125845                    1250.000000                   1.000000e+30                   6.000000e+09                      15.000000
                2350028.698664                    1250.000000                   1.000000e+30                   6.000000e+09                      15.000000
                2346958.271483                    1250.000000                   1.000000e+30                   6.000000e+09                      15.000000
                2343887.844302                    1250.000000                   1.000000e+30                   6.000000e+09                      15.000000
                2340817.417120                    1250.000000                   1.000000e+30                   6.000000e+09                      15.000000
                2337746.989939                    1250.000000                   1.000000e+30                   6.000000e+09                      15.000000
                2334676.562758                    1250.000000                   1.000000e+30                   6.000000e+09                      15.000000
                2331606.135576                    1250.000000                   1.000000e+30                   6.000000e+09                      15.000000
                2328535.708395                    1250.000000                   1.000000e+30                   6.000000e+09                      15.000000
                2325465.281214                    1250.000000                   1.000000e+30                   6.000000e+09                      15.000000
                2322394.854033                    1250.000000                   1.000000e+30                   6.000000e+09                      15.000000
                2319324.426851                    1250.000000                   1.000000e+30                   6.000000e+09                      15.000000
                2316253.999670                    1250.000000                   1.000000e+30                   6.000000e+09                      15.000000
                2313183.572489                    1250.000000                   1.000000e+30                   6.000000e+09                      15.000000
                2310113.145308                    1250.000000                   1.000000e+30                   6.000000e+09                      15.000000
                2307042.718126                    1250.000000                   1.000000e+30                   6.000000e+09                      15.000000
                2303972.290945                    1250.000000                   1.000000e+30                   6.000000e+09                      15.000000
                2300901.863764                    1250.000000                   1.000000e+30                   6.000000e+09                      15.000000
                2297831.436583                    1250.000000                   1.000000e+30                   6.000000e+09                      15.000000
                2294761.009401                    1250.000000                   1.000000e+30                   6.000000e+09                      15.000000
                2291690.582220                    1250.000000                   1.000000e+30                   6.000000e+09                      15.000000
                2288620.155039                    1250.000000                   1.000000e+30                   6.000000e+09                      15.000000
                2285549.727857                    1250.000000                   1.000000e+30                   6.000000e+09                      15.000000
                2282479.300676                    1250.000000                   1.000000e+30                   6.000000e+09                      15.000000
                2279408.873495                    1250.000000                   1.000000e+30                   6.000000e+09                      15.000000
                2276338.446314                    1250.000000                   1.000000e+30                   6.000000e+09                      15.000000
                2273268.019132                    1250.000000                   1.000000e+30                   6.000000e+09                      15.000000
                2270197.591951                    1250.000000                   1.000000e+30                   6.000000e+09                      15.000000
                2267127.164770                    1250.000000                   1.000000e+30                   6.000000e+09                      15.000000
                2264056.737589                    1250.000000                   1.000000e+30                   6.000000e+09                      15.000000
                2260986.310407                    1250.000000                   1.000000e+30                   6.000000e+09                      15.000000
                2257915.883226                    1250.000000                   1.000000e+30                   6.000000e+09                      15.000000
                2254845.456045                    1250.000000                   1.000000e+30                   6.000000e+09                      15.000000
                2251775.028864                    1250.000000                   1.000000e+30                   6.000000e+09                      15.000000
                2248704.601682                    1250.000000                   1.000000e+30                   6.000000e+09                      15.000000
                2245634.174501                    1250.000000                   1.000000e+30                   6.000000e+09                      15.000000
                2242563.747320                    1250.000000                   1.000000e+30                   6.000000e+09                      15.000000
                2239493.320139                    1250.000000                   1.000000e+30                   6.000000e+09                      15.000000
                2236422.892957                    1250.000000                   1.000000e+30                   6.000000e+09                      15.000000
                2233352.465776                    1250.000000                   1.000000e+30                   6.000000e+09                      15.000000
                2230282.038595                    1250.000000                   1.000000e+30                   6.000000e+09                      15.000000
                2227211.611413                    1250.000000                   1.000000e+30                   6.000000e+09                      15.000000
                2224141.184232                    1250.000000                   1.000000e+30                   6.000000e+09                      15.000000
                2221070.757051                    1250.000000                   1.000000e+30                   6.000000e+09                      15.000000
                2218000.329870                    1250.000000                   1.000000e+30                   6.000000e+09                      15.000000
                2214929.902688                    1250.000000                   1.000000e+30                   6.000000e+09                      15.000000
                2211859.475507                    1250.000000                   1.000000e+30                   6.000000e+09                      15.000000
                2208789.048326                    1250.000000                   1.000000e+30                   6.000000e+09                      15.000000
                2205718.621145                    1250.000000                   1.000000e+30                   6.000000e+09                      15.000000
                2202648.193963                    1250.000000                   1.000000e+30                   6.000000e+09                      15.000000
                2199577.766782                    1250.000000                   1.000000e+30                   6.000000e+09                      15.000000
                2196507.339601                    1250.000000                   1.000000e+30                   6.000000e+09                      15.000000
                2193436.912420                    1250.000000                   1.000000e+30                   6.000000e+09                      15.000000
                2190366.485238                    1250.000000                   1.000000e+30                   6.000000e+09                      15.000000
                2187296.058057                    1250.000000                   1.000000e+30                   6.000000e+09                      15.000000
                2184225.630876                    1250.000000                   1.000000e+30                   6.000000e+09                      15.000000
                2181155.203695                    1250.000000                   1.000000e+30                   6.000000e+09                      15.000000
                2178084.776513                    1250.000000                   1.000000e+30                   6.000000e+09                      15.000000
                2175014.349332                    1250.000000                   1.000000e+30                   6.000000e+09                      15.000000
                2171943.922151                    1250.000000                   1.000000e+30                   6.000000e+09                      15.000000
                2168873.494969                    1250.000000                   1.000000e+30                   6.000000e+09                      15.000000
                2165803.067788                    1250.000000                   1.000000e+30                   6.000000e+09                      15.000000
                2162732.640607                    1250.000000                   1.000000e+30                   6.000000e+09                      15.000000
                2159662.213426                    1250.000000                   1.000000e+30                   6.000000e+09                      15.000000
                2156591.786244                    1250.000000                   1.000000e+30                   6.000000e+09                      15.000000
                2153521.359063                    1250.000000                   1.000000e+30                   6.000000e+09                      15.000000
                2150450.931882                    1250.000000                   1.000000e+30                   6.000000e+09                      15.000000
                2147380.504701                    1250.000000                   1.000000e+30                   6.000000e+09                      15.000000
                2144310.077519                    1250.000000                   1.000000e+30                   6.000000e+09                      15.000000
                2141239.650338                    1250.000000                   1.000000e+30                   6.000000e+09                      15.000000
                2138169.223157                    1250.000000                   1.000000e+30                   6.000000e+09                      15.000000
                2135098.795976                    1250.000000                   1.000000e+30                   6.000000e+09                      15.000000
                2132028.368794                    1250.000000                   1.000000e+30                   6.000000e+09                      15.000000
                2128957.941613                    1250.000000                   1.000000e+30                   6.000000e+09                      15.000000
                2125887.514432                    1250.000000                   1.000000e+30                   6.000000e+09                      15.000000
                2122817.087251                    1250.000000                   1.000000e+30                   6.000000e+09                      15.000000
                2119746.660069                    1250.000000                   1.000000e+30                   6.000000e+09                      15.000000
                2116676.232888                    1250.000000                   1.000000e+30                   6.000000e+09                      15.000000
                2113605.805707                    1250.000000                   1.000000e+30                   6.000000e+09                      15.000000
                2110535.378525                    1250.000000                   1.000000e+30                   6.000000e+09                      15.000000
                2107464.951344                    1250.000000                   1.000000e+30                   6.000000e+09                      15.000000
                2104394.524163                    1250.000000                   1.000000e+30                   6.000000e+09                      15.000000
                2101324.096982                    1250.000000                   1.000000e+30                   6.000000e+09                      15.000000
                2098253.669800                    1250.000000                   1.000000e+30                   6.000000e+09                      15.000000
                2095183.242619                    1250.000000                   1.000000e+30                   6.000000e+09                      15.000000
                2092112.815438                    1250.000000                   1.000000e+30                   6.000000e+09                      15.000000
                2089042.388257                    1250.000000                   1.000000e+30                   6.000000e+09                      15.000000
                2085971.961075                    1250.000000                   1.000000e+30                   6.000000e+09                      15.000000
                2082901.533894                    1250.000000                   1.000000e+30                   6.000000e+09                      15.000000
                2079831.106713                    1250.000000                   1.000000e+30                   6.000000e+09                      15.000000
                2076760.679532                    1250.000000                   1.000000e+30                   6.000000e+09                      15.000000
                2073690.252350                    1250.000000                   1.000000e+30                   6.000000e+09                      15.000000
                2070619.825169                    1250.000000                   1.000000e+30                   6.000000e+09                      15.000000
                2067549.397988                    1250.000000                   1.000000e+30                   6.000000e+09                      15.000000
                2064478.970807                    1250.000000                   1.000000e+30                   6.000000e+09                      15.000000
                2061408.543625                    1250.000000                   1.000000e+30                   6.000000e+09                      15.000000
                2058338.116444                    1250.000000                   1.000000e+30                   6.000000e+09                      15.000000
                2055267.689263                    1250.000000                   1.000000e+30                   6.000000e+09                      15.000000
                2052197.262081                    1250.000000                   1.000000e+30                   6.000000e+09                      15.000000
                2049126.834900                    1250.000000                   1.000000e+30                   6.000000e+09                      15.000000
                2046056.407719                    1250.000000                   1.000000e+30                   6.000000e+09                      15.000000
                2042985.980538                    1250.000000                   1.000000e+30                   6.000000e+09                      15.000000
                2039915.553356                    1250.000000                   1.000000e+30                   6.000000e+09                      15.000000
                2036845.126175                    1250.000000                   1.000000e+30                   6.000000e+09                      15.000000
                2033774.698994                    1250.000000                   1.000000e+30                   6.000000e+09                      15.000000
                2030704.271813                    1250.000000                   1.000000e+30                   6.000000e+09                      15.000000
                2027633.844631                    1250.000000                   1.000000e+30                   6.000000e+09                      15.000000
                2024563.417450                    1250.000000                   1.000000e+30                   6.000000e+09                      15.000000
                2021492.990269                    1250.000000                   1.000000e+30                   6.000000e+09                      15.000000
                2018422.563088                    1250.000000                   1.000000e+30                   6.000000e+09                      15.000000
                2015352.135906                    1250.000000                   1.000000e+30                   6.000000e+09                      15.000000
                2012281.708725                    1250.000000                   1.000000e+30                   6.000000e+09                      15.000000
                2009211.281544                    1250.000000                   1.000000e+30                   6.000000e+09                      15.000000
                2006140.854363                    1250.000000                   1.000000e+30                   6.000000e+09                      15.000000
                2003070.427181                    1250.000000                   1.000000e+30                   6.000000e+09                      15.000000
                2000000.000000                    1250.000000                   1.000000e+30                   6.000000e+09                      15.000000
                2000000.000000                    2843.202584                   1.000000e+30                   3.000000e+10                      17.000000
                1978186.718463                    2843.202584                   1.000000e+30                   3.000000e+10                      17.000000
                1956373.436925                    2843.202584                   1.000000e+30                   3.000000e+10                      17.000000
                1934560.155388                    2843.202584                   1.000000e+30                   3.000000e+10                      17.000000
                1912746.873851                    2843.202584                   1.000000e+30                   3.000000e+10                      17.000000
                1890933.592314                    2843.202584                   1.000000e+30                   3.000000e+10                      17.000000
                1869120.310776                    2843.202584                   1.000000e+30                   3.000000e+10                      17.000000
                1847307.029239                    2843.202584                   1.000000e+30                   3.000000e+10                      17.000000
                1825493.747702                    2843.202584                   1.000000e+30                   3.000000e+10                      17.000000
                1803680.466165                    2843.202584                   1.000000e+30                   3.000000e+10                      17.000000
                1781867.184627                    2843.202584                   1.000000e+30                   3.000000e+10                      17.000000
                1760053.903090                    2843.202584                   1.000000e+30                   3.000000e+10                      17.000000
                1738240.621553                    2843.202584                   1.000000e+30                   3.000000e+10                      17.000000
                1716427.340015                    2843.202584                   1.000000e+30                   3.000000e+10                      17.000000
                1694614.058478                    2843.202584                   1.000000e+30                   3.000000e+10                      17.000000
                1672800.776941                    2843.202584                   1.000000e+30                   3.000000e+10                      17.000000
                1650987.495404                    2843.202584                   1.000000e+30                   3.000000e+10                      17.000000
                1629174.213866                    2843.202584                   1.000000e+30                   3.000000e+10                      17.000000
                1607360.932329                    2843.202584                   1.000000e+30                   3.000000e+10                      17.000000
                1585547.650792                    2843.202584                   1.000000e+30                   3.000000e+10                      17.000000
                1563734.369255                    2843.202584                   1.000000e+30                   3.000000e+10                      17.000000
                1541921.087717                    2843.202584                   1.000000e+30                   3.000000e+10                      17.000000
                1520107.806180                    2843.202584                   1.000000e+30                   3.000000e+10                      17.000000
                1498294.524643                    2843.202584                   1.000000e+30                   3.000000e+10                      17.000000
                1476481.243105                    2843.202584                   1.000000e+30                   3.000000e+10                      17.000000
                1454667.961568                    2843.202584                   1.000000e+30                   3.000000e+10                      17.000000
                1432854.680031                    2843.202584                   1.000000e+30                   3.000000e+10                      17.000000
                1411041.398494                    2843.202584                   1.000000e+30                   3.000000e+10                      17.000000
                1389228.116956                    2843.202584                   1.000000e+30                   3.000000e+10                      17.000000
                1367414.835419                    2843.202584                   1.000000e+30                   3.000000e+10                      17.000000
                1345601.553882                    2843.202584                   1.000000e+30                   3.000000e+10                      17.000000
                1323788.272344                    2843.202584                   1.000000e+30                   3.000000e+10                      17.000000
                1301974.990807                    2843.202584                   1.000000e+30                   3.000000e+10                      17.000000
                1280161.709270                    2843.202584                   1.000000e+30                   3.000000e+10                      17.000000
                1258348.427733                    2843.202584                   1.000000e+30                   3.000000e+10                      17.000000
                1236535.146195                    2843.202584                   1.000000e+30                   3.000000e+10                      17.000000
                1214721.864658                    2843.202584                   1.000000e+30                   3.000000e+10                      17.000000
                1192908.583121                    2843.202584                   1.000000e+30                   3.000000e+10                      17.000000
                1171095.301584                    2843.202584                   1.000000e+30                   3.000000e+10                      17.000000
                1149282.020046                    2843.202584                   1.000000e+30                   3.000000e+10                      17.000000
                1127468.738509                    2843.202584                   1.000000e+30                   3.000000e+10                      17.000000
                1105655.456972                    2843.202584                   1.000000e+30                   3.000000e+10                      17.000000
                1083842.175434                    2843.202584                   1.000000e+30                   3.000000e+10                      17.000000
                1062028.893897                    2843.202584                   1.000000e+30                   3.000000e+10                      17.000000
                1040215.612360                    2843.202584                   1.000000e+30                   3.000000e+10                      17.000000
                1018402.330823                    2843.202584                   1.000000e+30                   3.000000e+10                      17.000000
                 996589.049285                    2843.202584                   1.000000e+30                   3.000000e+10                      17.000000
                 974775.767748                    2843.202584                   1.000000e+30                   3.000000e+10                      17.000000
                 952962.486211                    2843.202584                   1.000000e+30                   3.000000e+10                      17.000000
                 931149.204674                    2843.202584                   1.000000e+30                   3.000000e+10                      17.000000
                 909335.923136                    2843.202584                   1.000000e+30                   3.000000e+10                      17.000000
                 887522.641599                    2843.202584                   1.000000e+30                   3.000000e+10                      17.000000
                 865709.360062                    2843.202584                   1.000000e+30                   3.000000e+10                      17.000000
                 843896.078524                    2843.202584                   1.000000e+30                   3.000000e+10                      17.000000
                 822082.796987                    2843.202584                   1.000000e+30                   3.000000e+10                      17.000000
                 800269.515450                    2843.202584                   1.000000e+30                   3.000000e+10                      17.000000
                 778456.233913                    2843.202584                   1.000000e+30                   3.000000e+10                      17.000000
                 756642.952375                    2843.202584                   1.000000e+30                   3.000000e+10                      17.000000
                 734829.670838                    2843.202584                   1.000000e+30                   3.000000e+10                      17.000000
                 713016.389301                    2843.202584                   1.000000e+30                   3.000000e+10                      17.000000
                 691203.107764                    2843.202584                   1.000000e+30                   3.000000e+10                      17.000000
                 669389.826226                    2843.202584                   1.000000e+30                   3.000000e+10                      17.000000
                 647576.544689                    2843.202584                   1.000000e+30                   3.000000e+10                      17.000000
                 625763.263152                    2843.202584                   1.000000e+30                   3.000000e+10                      17.000000
                 603949.981614                    2843.202584                   1.000000e+30                   3.000000e+10                      17.000000
                 582136.700077                    2843.202584                   1.000000e+30                   3.000000e+10                      17.000000
                 560323.418540                    2843.202584                   1.000000e+30                   3.000000e+10                      17.000000
                 538510.137003                    2843.202584                   1.000000e+30                   3.000000e+10                      17.000000
                 516696.855465                    2843.202584                   1.000000e+30                   3.000000e+10                      17.000000
                 494883.573928                    2843.202584                   1.000000e+30                   3.000000e+10                      17.000000
                 473070.292391                    2843.202584                   1.000000e+30                   3.000000e+10                      17.000000
                 451257.010854                    2843.202584                   1.000000e+30                   3.000000e+10                      17.000000
                 429443.729316                    2843.202584                   1.000000e+30                   3.000000e+10                      17.000000
                 407630.447779                    2843.202584                   1.000000e+30                   3.000000e+10                      17.000000
                 385817.166242                    2843.202584                   1.000000e+30                   3.000000e+10                      17.000000
                 364003.884704                    2843.202584                   1.000000e+30                   3.000000e+10                      17.000000
                 342190.603167                    2843.202584                   1.000000e+30                   3.000000e+10                      17.000000
                 320377.321630                    2843.202584                   1.000000e+30                   3.000000e+10                      17.000000
                 298564.040093                    2843.202584                   1.000000e+30                   3.000000e+10                      17.000000
                 276750.758555                    2843.202584                   1.000000e+30                   3.000000e+10                      17.000000
                 254937.477018                    2843.202584                   1.000000e+30                   3.000000e+10                      17.000000
                 233124.195481                    2843.202584                   1.000000e+30                   3.000000e+10                      17.000000
                 211310.913943                    2843.202584                   1.000000e+30                   3.000000e+10                      17.000000
                 189497.632406                    2843.202584                   1.000000e+30                   3.000000e+10                      17.000000
                 167684.350869                    2843.202584                   1.000000e+30                   3.000000e+10                      17.000000
                 145871.069332                    2843.202584                   1.000000e+30                   3.000000e+10                      17.000000
                 124057.787794                    2843.202584                   1.000000e+30                   3.000000e+10                      17.000000
                 102244.506257                    2843.202584                   1.000000e+30                   3.000000e+10                      17.000000
                  80431.224720                    2843.202584                   1.000000e+30                   3.000000e+10                      17.000000
                  58617.943183                    2843.202584                   1.000000e+30                   3.000000e+10                      17.000000
                  36804.661645                    2843.202584                   1.000000e+30                   3.000000e+10                      17.000000
                  14991.380108                    2843.202584                   1.000000e+30                   3.000000e+10                      17.000000
                  -6821.901429                    2843.202584                   1.000000e+30                   3.000000e+10                      17.000000
                 -28635.182967                    2843.202584                   1.000000e+30                   3.000000e+10                      17.000000
                 -50448.464504                    2843.202584                   1.000000e+30                   3.000000e+10                      17.000000
                 -72261.746041                    2843.202584                   1.000000e+30                   3.000000e+10                      17.000000
                 -94075.027578                    2843.202584                   1.000000e+30                   3.000000e+10                      17.000000
                -115888.309116                    2843.202584                   1.000000e+30                   3.000000e+10                      17.000000
                -137701.590653                    2843.202584                   1.000000e+30                   3.000000e+10                      17.000000
                -159514.872190                    2843.202584                   1.000000e+30                   3.000000e+10                      17.000000
                -181328.153727                    2843.202584                   1.000000e+30                   3.000000e+10                      17.000000
                -203141.435265                    2843.202584                   1.000000e+30                   3.000000e+10                      17.000000
                -224954.716802                    2843.202584                   1.000000e+30                   3.000000e+10                      17.000000
                -246767.998339                    2843.202584                   1.000000e+30                   3.000000e+10                      17.000000
                -268581.279877                    2843.202584                   1.000000e+30                   3.000000e+10                      17.000000
                -290394.561414                    2843.202584                   1.000000e+30                   3.000000e+10                      17.000000
                -312207.842951                    2843.202584                   1.000000e+30                   3.000000e+10                      17.000000
                -334021.124488                    2843.202584                   1.000000e+30                   3.000000e+10                      17.000000
                -355834.406026                    2843.202584                   1.000000e+30                   3.000000e+10                      17.000000
                -377647.687563                    2843.202584                   1.000000e+30                   3.000000e+10                      17.000000
                -399460.969100                    2843.202584                   1.000000e+30                   3.000000e+10                      17.000000
                -421274.250637                    2843.202584                   1.000000e+30                   3.000000e+10                      17.000000
                -443087.532175                    2843.202584                   1.000000e+30                   3.000000e+10                      17.000000
                -464900.813712                    2843.202584                   1.000000e+30                   3.000000e+10                      17.000000
                -486714.095249                    2843.202584                   1.000000e+30                   3.000000e+10                      17.000000
                -508527.376787                    2843.202584                   1.000000e+30                   3.000000e+10                      17.000000
                -530340.658324                    2843.202584                   1.000000e+30                   3.000000e+10                      17.000000
                -552153.939861                    2843.202584                   1.000000e+30                   3.000000e+10                      17.000000
                -573967.221398                    2843.202584                   1.000000e+30                   3.000000e+10                      17.000000
                -595780.502936                    2843.202584                   1.000000e+30                   3.000000e+10                      17.000000
                -617593.784473                    2843.202584                   1.000000e+30                   3.000000e+10                      17.000000
                -639407.066010                    2843.202584                   1.000000e+30                   3.000000e+10                      17.000000
                -661220.347548                    2843.202584                   1.000000e+30                   3.000000e+10                      17.000000
                -683033.629085                    2843.202584                   1.000000e+30                   3.000000e+10                      17.000000
                -704846.910622                    2843.202584                   1.000000e+30                   3.000000e+10                      17.000000
                -726660.192159                    2843.202584                   1.000000e+30                   3.000000e+10                      17.000000
                -748473.473697                    2843.202584                   1.000000e+30                   3.000000e+10                      17.000000
                -770286.755234                    2843.202584                   1.000000e+30                   3.000000e+10                      17.000000
                -792100.036771                    2843.202584                   1.000000e+30                   3.000000e+10                      17.000000
                -813913.318308                    2843.202584                   1.000000e+30                   3.000000e+10                      17.000000
                -813913.318308                    3300.000000                   1.000000e+30                   5.000000e+10                      22.000000
                -807603.835221                    3300.000000                   1.000000e+30                   5.000000e+10                      22.000000
                -801294.352133                    3300.000000                   1.000000e+30                   5.000000e+10                      22.000000
                -794984.869045                    3300.000000                   1.000000e+30                   5.000000e+10                      22.000000
                -788675.385958                    3300.000000                   1.000000e+30                   5.000000e+10                      22.000000
                -782365.902870                    3300.000000                   1.000000e+30                   5.000000e+10                      22.000000
                -776056.419782                    3300.000000                   1.000000e+30                   5.000000e+10                      22.000000
                -769746.936695                    3300.000000                   1.000000e+30                   5.000000e+10                      22.000000
                -763437.453607                    3300.000000                   1.000000e+30                   5.000000e+10                      22.000000
                -757127.970519                    3300.000000                   1.000000e+30                   5.000000e+10                      22.000000
                -750818.487432                    3300.000000                   1.000000e+30                   5.000000e+10                      22.000000
                -744509.004344                    3300.000000                   1.000000e+30                   5.000000e+10                      22.000000
                -738199.521256                    3300.000000                   1.000000e+30                   5.000000e+10                      22.000000
                -731890.038169                    3300.000000                   1.000000e+30                   5.000000e+10                      22.000000
                -725580.555081                    3300.000000                   1.000000e+30                   5.000000e+10                      22.000000
                -719271.071993                    3300.000000                   1.000000e+30                   5.000000e+10                      22.000000
                -712961.588906                    3300.000000                   1.000000e+30                   5.000000e+10                      22.000000
                -706652.105818                    3300.000000                   1.000000e+30                   5.000000e+10                      22.000000
                -700342.622731                    3300.000000                   1.000000e+30                   5.000000e+10                      22.000000
                -694033.139643                    3300.000000                   1.000000e+30                   5.000000e+10                      22.000000
                -687723.656555                    3300.000000                   1.000000e+30                   5.000000e+10                      22.000000
                -681414.173468                    3300.000000                   1.000000e+30                   5.000000e+10                      22.000000
                -675104.690380                    3300.000000                   1.000000e+30                   5.000000e+10                      22.000000
                -668795.207292                    3300.000000                   1.000000e+30                   5.000000e+10                      22.000000
                -662485.724205                    3300.000000                   1.000000e+30                   5.000000e+10                      22.000000
                -656176.241117                    3300.000000                   1.000000e+30                   5.000000e+10                      22.000000
                -649866.758029                    3300.000000                   1.000000e+30                   5.000000e+10                      22.000000
                -643557.274942                    3300.000000                   1.000000e+30                   5.000000e+10                      22.000000
                -637247.791854                    3300.000000                   1.000000e+30                   5.000000e+10                      22.000000
                -630938.308766                    3300.000000                   1.000000e+30                   5.000000e+10                      22.000000
                -624628.825679                    3300.000000                   1.000000e+30                   5.000000e+10                      22.000000
                -618319.342591                    3300.000000                   1.000000e+30                   5.000000e+10                      22.000000
                -612009.859503                    3300.000000                   1.000000e+30                   5.000000e+10                      22.000000
                -605700.376416                    3300.000000                   1.000000e+30                   5.000000e+10                      22.000000
                -599390.893328                    3300.000000                   1.000000e+30                   5.000000e+10                      22.000000
                -593081.410240                    3300.000000                   1.000000e+30                   5.000000e+10                      22.000000
                -586771.927153                    3300.000000                   1.000000e+30                   5.000000e+10                      22.000000
                -580462.444065                    3300.000000                   1.000000e+30                   5.000000e+10                      22.000000
                -574152.960977                    3300.000000                   1.000000e+30                   5.000000e+10                      22.000000
                -567843.477890                    3300.000000                   1.000000e+30                   5.000000e+10                      22.000000
                -561533.994802                    3300.000000                   1.000000e+30                   5.000000e+10                      22.000000
                -555224.511714                    3300.000000                   1.000000e+30                   5.000000e+10                      22.000000
                -548915.028627                    3300.000000                   1.000000e+30                   5.000000e+10                      22.000000
                -542605.545539                    3300.000000                   1.000000e+30                   5.000000e+10                      22.000000
                -536296.062451                    3300.000000                   1.000000e+30                   5.000000e+10                      22.000000
                -529986.579364                    3300.000000                   1.000000e+30                   5.000000e+10                      22.000000
                -523677.096276                    3300.000000                   1.000000e+30                   5.000000e+10                      22.000000
                -517367.613188                    3300.000000                   1.000000e+30                   5.000000e+10                      22.000000
                -511058.130101                    3300.000000                   1.000000e+30                   5.000000e+10                      22.000000
                -504748.647013                    3300.000000                   1.000000e+30                   5.000000e+10                      22.000000
                -498439.163925                    3300.000000                   1.000000e+30                   5.000000e+10                      22.000000
                -492129.680838                    3300.000000                   1.000000e+30                   5.000000e+10                      22.000000
                -485820.197750                    3300.000000                   1.000000e+30                   5.000000e+10                      22.000000
                -479510.714662                    3300.000000                   1.000000e+30                   5.000000e+10                      22.000000
                -473201.231575                    3300.000000                   1.000000e+30                   5.000000e+10                      22.000000
                -466891.748487                    3300.000000                   1.000000e+30                   5.000000e+10                      22.000000
                -460582.265399                    3300.000000                   1.000000e+30                   5.000000e+10                      22.000000
                -454272.782312                    3300.000000                   1.000000e+30                   5.000000e+10                      22.000000
                -447963.299224                    3300.000000                   1.000000e+30                   5.000000e+10                      22.000000
                -441653.816136                    3300.000000                   1.000000e+30                   5.000000e+10                      22.000000
                -435344.333049                    3300.000000                   1.000000e+30                   5.000000e+10                      22.000000
                -429034.849961                    3300.000000                   1.000000e+30                   5.000000e+10                      22.000000
                -422725.366873                    3300.000000                   1.000000e+30                   5.000000e+10                      22.000000
                -416415.883786                    3300.000000                   1.000000e+30                   5.000000e+10                      22.000000
                -410106.400698                    3300.000000                   1.000000e+30                   5.000000e+10                      22.000000
                -403796.917610                    3300.000000                   1.000000e+30                   5.000000e+10                      22.000000
                -397487.434523                    3300.000000                   1.000000e+30                   5.000000e+10                      22.000000
                -391177.951435                    3300.000000                   1.000000e+30                   5.000000e+10                      22.000000
                -384868.468347                    3300.000000                   1.000000e+30                   5.000000e+10                      22.000000
                -378558.985260                    3300.000000                   1.000000e+30                   5.000000e+10                      22.000000
                -372249.502172                    3300.000000                   1.000000e+30                   5.000000e+10                      22.000000
                -365940.019084                    3300.000000                   1.000000e+30                   5.000000e+10                      22.000000
                -359630.535997                    3300.000000                   1.000000e+30                   5.000000e+10                      22.000000
                -353321.052909                    3300.000000                   1.000000e+30                   5.000000e+10                      22.000000
                -347011.569821                    3300.000000                   1.000000e+30                   5.000000e+10                      22.000000
                -340702.086734                    3300.000000                   1.000000e+30                   5.000000e+10                      22.000000
                -334392.603646                    3300.000000                   1.000000e+30                   5.000000e+10                      22.000000
                -328083.120558                    3300.000000                   1.000000e+30                   5.000000e+10                      22.000000
                -321773.637471                    3300.000000                   1.000000e+30                   5.000000e+10                      22.000000
                -315464.154383                    3300.000000                   1.000000e+30                   5.000000e+10                      22.000000
                -309154.671295                    3300.000000                   1.000000e+30                   5.000000e+10                      22.000000
                -302845.188208                    3300.000000                   1.000000e+30                   5.000000e+10                      22.000000
                -296535.705120                    3300.000000                   1.000000e+30                   5.000000e+10                      22.000000
                -290226.222032                    3300.000000                   1.000000e+30                   5.000000e+10                      22.000000
                -283916.738945                    3300.000000                   1.000000e+30                   5.000000e+10                      22.000000
                -277607.255857                    3300.000000                   1.000000e+30                   5.000000e+10                      22.000000
                -271297.772769                    3300.000000                   1.000000e+30                   5.000000e+10                      22.000000
                -264988.289682                    3300.000000                   1.000000e+30                   5.000000e+10                      22.000000
                -258678.806594                    3300.000000                   1.000000e+30                   5.000000e+10                      22.000000
                -252369.323506                    3300.000000                   1.000000e+30                   5.000000e+10                      22.000000
                -246059.840419                    3300.000000                   1.000000e+30                   5.000000e+10                      22.000000
                -239750.357331                    3300.000000                   1.000000e+30                   5.000000e+10                      22.000000
                -233440.874244                    3300.000000                   1.000000e+30                   5.000000e+10                      22.000000
                -227131.391156                    3300.000000                   1.000000e+30                   5.000000e+10                      22.000000
                -220821.908068                    3300.000000                   1.000000e+30                   5.000000e+10                      22.000000
                -214512.424981                    3300.000000                   1.000000e+30                   5.000000e+10                      22.000000
                -208202.941893                    3300.000000                   1.000000e+30                   5.000000e+10                      22.000000
                -201893.458805                    3300.000000                   1.000000e+30                   5.000000e+10                      22.000000
                -195583.975718                    3300.000000                   1.000000e+30                   5.000000e+10                      22.000000
                -189274.492630                    3300.000000                   1.000000e+30                   5.000000e+10                      22.000000
                -182965.009542                    3300.000000                   1.000000e+30                   5.000000e+10                      22.000000
                -176655.526455                    3300.000000                   1.000000e+30                   5.000000e+10                      22.000000
                -170346.043367                    3300.000000                   1.000000e+30                   5.000000e+10                      22.000000
                -164036.560279                    3300.000000                   1.000000e+30                   5.000000e+10                      22.000000
                -157727.077192                    3300.000000                   1.000000e+30                   5.000000e+10                      22.000000
                -151417.594104                    3300.000000                   1.000000e+30                   5.000000e+10                      22.000000
                -145108.111016                    3300.000000                   1.000000e+30                   5.000000e+10                      22.000000
                -138798.627929                    3300.000000                   1.000000e+30                   5.000000e+10                      22.000000
                -132489.144841                    3300.000000                   1.000000e+30                   5.000000e+10                      22.000000
                -126179.661753                    3300.000000                   1.000000e+30                   5.000000e+10                      22.000000
                -119870.178666                    3300.000000                   1.000000e+30                   5.000000e+10                      22.000000
                -113560.695578                    3300.000000                   1.000000e+30                   5.000000e+10                      22.000000
                -107251.212490                    3300.000000                   1.000000e+30                   5.000000e+10                      22.000000
                -100941.729403                    3300.000000                   1.000000e+30                   5.000000e+10                      22.000000
                 -94632.246315                    3300.000000                   1.000000e+30                   5.000000e+10                      22.000000
                 -88322.763227                    3300.000000                   1.000000e+30                   5.000000e+10                      22.000000
                 -82013.280140                    3300.000000                   1.000000e+30                   5.000000e+10                      22.000000
                 -75703.797052                    3300.000000                   1.000000e+30                   5.000000e+10                      22.000000
                 -69394.313964                    3300.000000                   1.000000e+30                   5.000000e+10                      22.000000
                 -63084.830877                    3300.000000                   1.000000e+30                   5.000000e+10                      22.000000
                 -56775.347789                    3300.000000                   1.000000e+30                   5.000000e+10                      22.000000
                 -50465.864701                    3300.000000                   1.000000e+30                   5.000000e+10                      22.000000
                 -44156.381614                    3300.000000                   1.000000e+30                   5.000000e+10                      22.000000
                 -37846.898526                    3300.000000                   1.000000e+30                   5.000000e+10                      22.000000
                 -31537.415438                    3300.000000                   1.000000e+30                   5.000000e+10                      22.000000
                 -25227.932351                    3300.000000                   1.000000e+30                   5.000000e+10                      22.000000
                 -18918.449263                    3300.000000                   1.000000e+30                   5.000000e+10                      22.000000
                 -12608.966175                    3300.000000                   1.000000e+30                   5.000000e+10                      22.000000
                  -6299.483088                    3300.000000                   1.000000e+30                   5.000000e+10                      22.000000
                     10.000000                    3300.000000                   1.000000e+30                   5.000000e+10                      22.000000
