                   #Radius (m)               Density (kg/m^3)              Bulk modulus (Pa)             Shear modulus (Pa)               Viscosity (Pa.s)
                2575000.000000                     930.000000                   1.000000e+30                   3.500000e+09                      24.000000
                2574999.710145                     930.000000                   1.000000e+30                   3.500000e+09                      24.000000
                2574999.420290                     930.000000                   1.000000e+30                   3.500000e+09                      24.000000
                2574999.130435                     930.000000                   1.000000e+30                   3.500000e+09                      24.000000
                2574998.840580                     930.000000                   1.000000e+30                   3.500000e+09                      24.000000
                2574998.550725                     930.000000                   1.000000e+30                   3.500000e+09                      24.000000
                2574998.260870                     930.000000                   1.000000e+30                   3.500000e+09                      24.000000
                2574997.971014                     930.000000                   1.000000e+30                   3.500000e+09                      24.000000
                2574997.681159                     930.000000                   1.000000e+30                   3.500000e+09                      24.000000
                2574997.391304                     930.000000                   1.000000e+30                   3.500000e+09                      24.000000
                2574997.101449                     930.000000                   1.000000e+30                   3.500000e+09                      24.000000
                2574996.811594                     930.000000                   1.000000e+30                   3.500000e+09                      24.000000
                2574996.521739                     930.000000                   1.000000e+30                   3.500000e+09                      24.000000
                2574996.231884                     930.000000                   1.000000e+30                   3.500000e+09                      24.000000
                2574995.942029                     930.000000                   1.000000e+30                   3.500000e+09                      24.000000
                2574995.652174                     930.000000                   1.000000e+30                   3.500000e+09                      24.000000
                2574995.362319                     930.000000                   1.000000e+30                   3.500000e+09                      24.000000
                2574995.072464                     930.000000                   1.000000e+30                   3.500000e+09                      24.000000
                2574994.782609                     930.000000                   1.000000e+30                   3.500000e+09                      24.000000
                2574994.492754                     930.000000                   1.000000e+30                   3.500000e+09                      24.000000
                2574994.202899                     930.000000                   1.000000e+30                   3.500000e+09                      24.000000
                2574993.913043                     930.000000                   1.000000e+30                   3.500000e+09                      24.000000
                2574993.623188                     930.000000                   1.000000e+30                   3.500000e+09                      24.000000
                2574993.333333                     930.000000                   1.000000e+30                   3.500000e+09                      24.000000
                2574993.043478                     930.000000                   1.000000e+30                   3.500000e+09                      24.000000
                2574992.753623                     930.000000                   1.000000e+30                   3.500000e+09                      24.000000
                2574992.463768                     930.000000                   1.000000e+30                   3.500000e+09                      24.000000
                2574992.173913                     930.000000                   1.000000e+30                   3.500000e+09                      24.000000
                2574991.884058                     930.000000                   1.000000e+30                   3.500000e+09                      24.000000
                2574991.594203                     930.000000                   1.000000e+30                   3.500000e+09                      24.000000
                2574991.304348                     930.000000                   1.000000e+30                   3.500000e+09                      24.000000
                2574991.014493                     930.000000                   1.000000e+30                   3.500000e+09                      24.000000
                2574990.724638                     930.000000                   1.000000e+30                   3.500000e+09                      24.000000
                2574990.434783                     930.000000                   1.000000e+30                   3.500000e+09                      24.000000
                2574990.144928                     930.000000                   1.000000e+30                   3.500000e+09                      24.000000
                2574989.855072                     930.000000                   1.000000e+30                   3.500000e+09                      24.000000
                2574989.565217                     930.000000                   1.000000e+30                   3.500000e+09                      24.000000
                2574989.275362                     930.000000                   1.000000e+30                   3.500000e+09                      24.000000
                2574988.985507                     930.000000                   1.000000e+30                   3.500000e+09                      24.000000
                2574988.695652                     930.000000                   1.000000e+30                   3.500000e+09                      24.000000
                2574988.405797                     930.000000                   1.000000e+30                   3.500000e+09                      24.000000
                2574988.115942                     930.000000                   1.000000e+30                   3.500000e+09                      24.000000
                2574987.826087                     930.000000                   1.000000e+30                   3.500000e+09                      24.000000
                2574987.536232                     930.000000                   1.000000e+30                   3.500000e+09                      24.000000
                2574987.246377                     930.000000                   1.000000e+30                   3.500000e+09                      24.000000
                2574986.956522                     930.000000                   1.000000e+30                   3.500000e+09                      24.000000
                2574986.666667                     930.000000                   1.000000e+30                   3.500000e+09                      24.000000
                2574986.376812                     930.000000                   1.000000e+30                   3.500000e+09                      24.000000
                2574986.086957                     930.000000                   1.000000e+30                   3.500000e+09                      24.000000
                2574985.797101                     930.000000                   1.000000e+30                   3.500000e+09                      24.000000
                2574985.507246                     930.000000                   1.000000e+30                   3.500000e+09                      24.000000
                2574985.217391                     930.000000                   1.000000e+30                   3.500000e+09                      24.000000
                2574984.927536                     930.000000                   1.000000e+30                   3.500000e+09                      24.000000
                2574984.637681                     930.000000                   1.000000e+30                   3.500000e+09                      24.000000
                2574984.347826                     930.000000                   1.000000e+30                   3.500000e+09                      24.000000
                2574984.057971                     930.000000                   1.000000e+30                   3.500000e+09                      24.000000
                2574983.768116                     930.000000                   1.000000e+30                   3.500000e+09                      24.000000
                2574983.478261                     930.000000                   1.000000e+30                   3.500000e+09                      24.000000
                2574983.188406                     930.000000                   1.000000e+30                   3.500000e+09                      24.000000
                2574982.898551                     930.000000                   1.000000e+30                   3.500000e+09                      24.000000
                2574982.608696                     930.000000                   1.000000e+30                   3.500000e+09                      24.000000
                2574982.318841                     930.000000                   1.000000e+30                   3.500000e+09                      24.000000
                2574982.028986                     930.000000                   1.000000e+30                   3.500000e+09                      24.000000
                2574981.739130                     930.000000                   1.000000e+30                   3.500000e+09                      24.000000
                2574981.449275                     930.000000                   1.000000e+30                   3.500000e+09                      24.000000
                2574981.159420                     930.000000                   1.000000e+30                   3.500000e+09                      24.000000
                2574980.869565                     930.000000                   1.000000e+30                   3.500000e+09                      24.000000
                2574980.579710                     930.000000                   1.000000e+30                   3.500000e+09                      24.000000
                2574980.289855                     930.000000                   1.000000e+30                   3.500000e+09                      24.000000
                2574980.000000                     930.000000                   1.000000e+30                   3.500000e+09                      24.000000
                2574980.000000                     930.000000                   1.000000e+30                   3.500000e+09                      15.000000
                2573685.581395                     930.000000                   1.000000e+30                   3.500000e+09                      15.000000
                2572391.162791                     930.000000                   1.000000e+30                   3.500000e+09                      15.000000
                2571096.744186                     930.000000                   1.000000e+30                   3.500000e+09                      15.000000
                2569802.325581                     930.000000                   1.000000e+30                   3.500000e+09                      15.000000
                2568507.906977                     930.000000                   1.000000e+30                   3.500000e+09                      15.000000
                2567213.488372                     930.000000                   1.000000e+30                   3.500000e+09                      15.000000
                2565919.069767                     930.000000                   1.000000e+30                   3.500000e+09                      15.000000
                2564624.651163                     930.000000                   1.000000e+30                   3.500000e+09                      15.000000
                2563330.232558                     930.000000                   1.000000e+30                   3.500000e+09                      15.000000
                2562035.813953                     930.000000                   1.000000e+30                   3.500000e+09                      15.000000
                2560741.395349                     930.000000                   1.000000e+30                   3.500000e+09                      15.000000
                2559446.976744                     930.000000                   1.000000e+30                   3.500000e+09                      15.000000
                2558152.558140                     930.000000                   1.000000e+30                   3.500000e+09                      15.000000
                2556858.139535                     930.000000                   1.000000e+30                   3.500000e+09                      15.000000
                2555563.720930                     930.000000                   1.000000e+30                   3.500000e+09                      15.000000
                2554269.302326                     930.000000                   1.000000e+30                   3.500000e+09                      15.000000
                2552974.883721                     930.000000                   1.000000e+30                   3.500000e+09                      15.000000
                2551680.465116                     930.000000                   1.000000e+30                   3.500000e+09                      15.000000
                2550386.046512                     930.000000                   1.000000e+30                   3.500000e+09                      15.000000
                2549091.627907                     930.000000                   1.000000e+30                   3.500000e+09                      15.000000
                2547797.209302                     930.000000                   1.000000e+30                   3.500000e+09                      15.000000
                2546502.790698                     930.000000                   1.000000e+30                   3.500000e+09                      15.000000
                2545208.372093                     930.000000                   1.000000e+30                   3.500000e+09                      15.000000
                2543913.953488                     930.000000                   1.000000e+30                   3.500000e+09                      15.000000
                2542619.534884                     930.000000                   1.000000e+30                   3.500000e+09                      15.000000
                2541325.116279                     930.000000                   1.000000e+30                   3.500000e+09                      15.000000
                2540030.697674                     930.000000                   1.000000e+30                   3.500000e+09                      15.000000
                2538736.279070                     930.000000                   1.000000e+30                   3.500000e+09                      15.000000
                2537441.860465                     930.000000                   1.000000e+30                   3.500000e+09                      15.000000
                2536147.441860                     930.000000                   1.000000e+30                   3.500000e+09                      15.000000
                2534853.023256                     930.000000                   1.000000e+30                   3.500000e+09                      15.000000
                2533558.604651                     930.000000                   1.000000e+30                   3.500000e+09                      15.000000
                2532264.186047                     930.000000                   1.000000e+30                   3.500000e+09                      15.000000
                2530969.767442                     930.000000                   1.000000e+30                   3.500000e+09                      15.000000
                2529675.348837                     930.000000                   1.000000e+30                   3.500000e+09                      15.000000
                2528380.930233                     930.000000                   1.000000e+30                   3.500000e+09                      15.000000
                2527086.511628                     930.000000                   1.000000e+30                   3.500000e+09                      15.000000
                2525792.093023                     930.000000                   1.000000e+30                   3.500000e+09                      15.000000
                2524497.674419                     930.000000                   1.000000e+30                   3.500000e+09                      15.000000
                2523203.255814                     930.000000                   1.000000e+30                   3.500000e+09                      15.000000
                2521908.837209                     930.000000                   1.000000e+30                   3.500000e+09                      15.000000
                2520614.418605                     930.000000                   1.000000e+30                   3.500000e+09                      15.000000
                2519320.000000                     930.000000                   1.000000e+30                   3.500000e+09                      15.000000
                2518025.581395                     930.000000                   1.000000e+30                   3.500000e+09                      15.000000
                2516731.162791                     930.000000                   1.000000e+30                   3.500000e+09                      15.000000
                2515436.744186                     930.000000                   1.000000e+30                   3.500000e+09                      15.000000
                2514142.325581                     930.000000                   1.000000e+30                   3.500000e+09                      15.000000
                2512847.906977                     930.000000                   1.000000e+30                   3.500000e+09                      15.000000
                2511553.488372                     930.000000                   1.000000e+30                   3.500000e+09                      15.000000
                2510259.069767                     930.000000                   1.000000e+30                   3.500000e+09                      15.000000
                2508964.651163                     930.000000                   1.000000e+30                   3.500000e+09                      15.000000
                2507670.232558                     930.000000                   1.000000e+30                   3.500000e+09                      15.000000
                2506375.813953                     930.000000                   1.000000e+30                   3.500000e+09                      15.000000
                2505081.395349                     930.000000                   1.000000e+30                   3.500000e+09                      15.000000
                2503786.976744                     930.000000                   1.000000e+30                   3.500000e+09                      15.000000
                2502492.558140                     930.000000                   1.000000e+30                   3.500000e+09                      15.000000
                2501198.139535                     930.000000                   1.000000e+30                   3.500000e+09                      15.000000
                2499903.720930                     930.000000                   1.000000e+30                   3.500000e+09                      15.000000
                2498609.302326                     930.000000                   1.000000e+30                   3.500000e+09                      15.000000
                2497314.883721                     930.000000                   1.000000e+30                   3.500000e+09                      15.000000
                2496020.465116                     930.000000                   1.000000e+30                   3.500000e+09                      15.000000
                2494726.046512                     930.000000                   1.000000e+30                   3.500000e+09                      15.000000
                2493431.627907                     930.000000                   1.000000e+30                   3.500000e+09                      15.000000
                2492137.209302                     930.000000                   1.000000e+30                   3.500000e+09                      15.000000
                2490842.790698                     930.000000                   1.000000e+30                   3.500000e+09                      15.000000
                2489548.372093                     930.000000                   1.000000e+30                   3.500000e+09                      15.000000
                2488253.953488                     930.000000                   1.000000e+30                   3.500000e+09                      15.000000
                2486959.534884                     930.000000                   1.000000e+30                   3.500000e+09                      15.000000
                2485665.116279                     930.000000                   1.000000e+30                   3.500000e+09                      15.000000
                2484370.697674                     930.000000                   1.000000e+30                   3.500000e+09                      15.000000
                2483076.279070                     930.000000                   1.000000e+30                   3.500000e+09                      15.000000
                2481781.860465                     930.000000                   1.000000e+30                   3.500000e+09                      15.000000
                2480487.441860                     930.000000                   1.000000e+30                   3.500000e+09                      15.000000
                2479193.023256                     930.000000                   1.000000e+30                   3.500000e+09                      15.000000
                2477898.604651                     930.000000                   1.000000e+30                   3.500000e+09                      15.000000
                2476604.186047                     930.000000                   1.000000e+30                   3.500000e+09                      15.000000
                2475309.767442                     930.000000                   1.000000e+30                   3.500000e+09                      15.000000
                2474015.348837                     930.000000                   1.000000e+30                   3.500000e+09                      15.000000
                2472720.930233                     930.000000                   1.000000e+30                   3.500000e+09                      15.000000
                2471426.511628                     930.000000                   1.000000e+30                   3.500000e+09                      15.000000
                2470132.093023                     930.000000                   1.000000e+30                   3.500000e+09                      15.000000
                2468837.674419                     930.000000                   1.000000e+30                   3.500000e+09                      15.000000
                2467543.255814                     930.000000                   1.000000e+30                   3.500000e+09                      15.000000
                2466248.837209                     930.000000                   1.000000e+30                   3.500000e+09                      15.000000
                2464954.418605                     930.000000                   1.000000e+30                   3.500000e+09                      15.000000
                2463660.000000                     930.000000                   1.000000e+30                   3.500000e+09                      15.000000
                2462365.581395                     930.000000                   1.000000e+30                   3.500000e+09                      15.000000
                2461071.162791                     930.000000                   1.000000e+30                   3.500000e+09                      15.000000
                2459776.744186                     930.000000                   1.000000e+30                   3.500000e+09                      15.000000
                2458482.325581                     930.000000                   1.000000e+30                   3.500000e+09                      15.000000
                2457187.906977                     930.000000                   1.000000e+30                   3.500000e+09                      15.000000
                2455893.488372                     930.000000                   1.000000e+30                   3.500000e+09                      15.000000
                2454599.069767                     930.000000                   1.000000e+30                   3.500000e+09                      15.000000
                2453304.651163                     930.000000                   1.000000e+30                   3.500000e+09                      15.000000
                2452010.232558                     930.000000                   1.000000e+30                   3.500000e+09                      15.000000
                2450715.813953                     930.000000                   1.000000e+30                   3.500000e+09                      15.000000
                2449421.395349                     930.000000                   1.000000e+30                   3.500000e+09                      15.000000
                2448126.976744                     930.000000                   1.000000e+30                   3.500000e+09                      15.000000
                2446832.558140                     930.000000                   1.000000e+30                   3.500000e+09                      15.000000
                2445538.139535                     930.000000                   1.000000e+30                   3.500000e+09                      15.000000
                2444243.720930                     930.000000                   1.000000e+30                   3.500000e+09                      15.000000
                2442949.302326                     930.000000                   1.000000e+30                   3.500000e+09                      15.000000
                2441654.883721                     930.000000                   1.000000e+30                   3.500000e+09                      15.000000
                2440360.465116                     930.000000                   1.000000e+30                   3.500000e+09                      15.000000
                2439066.046512                     930.000000                   1.000000e+30                   3.500000e+09                      15.000000
                2437771.627907                     930.000000                   1.000000e+30                   3.500000e+09                      15.000000
                2436477.209302                     930.000000                   1.000000e+30                   3.500000e+09                      15.000000
                2435182.790698                     930.000000                   1.000000e+30                   3.500000e+09                      15.000000
                2433888.372093                     930.000000                   1.000000e+30                   3.500000e+09                      15.000000
                2432593.953488                     930.000000                   1.000000e+30                   3.500000e+09                      15.000000
                2431299.534884                     930.000000                   1.000000e+30                   3.500000e+09                      15.000000
                2430005.116279                     930.000000                   1.000000e+30                   3.500000e+09                      15.000000
                2428710.697674                     930.000000                   1.000000e+30                   3.500000e+09                      15.000000
                2427416.279070                     930.000000                   1.000000e+30                   3.500000e+09                      15.000000
                2426121.860465                     930.000000                   1.000000e+30                   3.500000e+09                      15.000000
                2424827.441860                     930.000000                   1.000000e+30                   3.500000e+09                      15.000000
                2423533.023256                     930.000000                   1.000000e+30                   3.500000e+09                      15.000000
                2422238.604651                     930.000000                   1.000000e+30                   3.500000e+09                      15.000000
                2420944.186047                     930.000000                   1.000000e+30                   3.500000e+09                      15.000000
                2419649.767442                     930.000000                   1.000000e+30                   3.500000e+09                      15.000000
                2418355.348837                     930.000000                   1.000000e+30                   3.500000e+09                      15.000000
                2417060.930233                     930.000000                   1.000000e+30                   3.500000e+09                      15.000000
                2415766.511628                     930.000000                   1.000000e+30                   3.500000e+09                      15.000000
                2414472.093023                     930.000000                   1.000000e+30                   3.500000e+09                      15.000000
                2413177.674419                     930.000000                   1.000000e+30                   3.500000e+09                      15.000000
                2411883.255814                     930.000000                   1.000000e+30                   3.500000e+09                      15.000000
                2410588.837209                     930.000000                   1.000000e+30                   3.500000e+09                      15.000000
                2409294.418605                     930.000000                   1.000000e+30                   3.500000e+09                      15.000000
                2408000.000000                     930.000000                   1.000000e+30                   3.500000e+09                      15.000000
                2408000.000000                    1100.000000                   1.000000e+30                   0.000000e+00                       2.000000
                2407999.127025                    1100.000000                   1.000000e+30                   0.000000e+00                       2.000000
                2407997.575549                    1100.000000                   1.000000e+30                   0.000000e+00                       2.000000
                2407995.249485                    1100.000000                   1.000000e+30                   0.000000e+00                       2.000000
                2407992.150212                    1100.000000                   1.000000e+30                   0.000000e+00                       2.000000
                2407988.279570                    1100.000000                   1.000000e+30                   0.000000e+00                       2.000000
                2407983.639852                    1100.000000                   1.000000e+30                   0.000000e+00                       2.000000
                2407978.233811                    1100.000000                   1.000000e+30                   0.000000e+00                       2.000000
                2407972.064653                    1100.000000                   1.000000e+30                   0.000000e+00                       2.000000
                2407965.136037                    1100.000000                   1.000000e+30                   0.000000e+00                       2.000000
                2407957.452072                    1100.000000                   1.000000e+30                   0.000000e+00                       2.000000
                2407949.017314                    1100.000000                   1.000000e+30                   0.000000e+00                       2.000000
                2407939.836766                    1100.000000                   1.000000e+30                   0.000000e+00                       2.000000
                2407929.915873                    1100.000000                   1.000000e+30                   0.000000e+00                       2.000000
                2407919.260519                    1100.000000                   1.000000e+30                   0.000000e+00                       2.000000
                2407907.877022                    1100.000000                   1.000000e+30                   0.000000e+00                       2.000000
                2407895.772134                    1100.000000                   1.000000e+30                   0.000000e+00                       2.000000
                2407882.953033                    1100.000000                   1.000000e+30                   0.000000e+00                       2.000000
                2407869.427323                    1100.000000                   1.000000e+30                   0.000000e+00                       2.000000
                2407855.203025                    1100.000000                   1.000000e+30                   0.000000e+00                       2.000000
                2407840.288574                    1100.000000                   1.000000e+30                   0.000000e+00                       2.000000
                2407824.692816                    1100.000000                   1.000000e+30                   0.000000e+00                       2.000000
                2407808.424999                    1100.000000                   1.000000e+30                   0.000000e+00                       2.000000
                2407791.494773                    1100.000000                   1.000000e+30                   0.000000e+00                       2.000000
                2407773.912177                    1100.000000                   1.000000e+30                   0.000000e+00                       2.000000
                2407755.687639                    1100.000000                   1.000000e+30                   0.000000e+00                       2.000000
                2407736.831968                    1100.000000                   1.000000e+30                   0.000000e+00                       2.000000
                2407717.356345                    1100.000000                   1.000000e+30                   0.000000e+00                       2.000000
                2407697.272321                    1100.000000                   1.000000e+30                   0.000000e+00                       2.000000
                2407676.591807                    1100.000000                   1.000000e+30                   0.000000e+00                       2.000000
                2407655.327068                    1100.000000                   1.000000e+30                   0.000000e+00                       2.000000
                2407633.490716                    1100.000000                   1.000000e+30                   0.000000e+00                       2.000000
                2407611.095699                    1100.000000                   1.000000e+30                   0.000000e+00                       2.000000
                2407588.155301                    1100.000000                   1.000000e+30                   0.000000e+00                       2.000000
                2407564.683125                    1100.000000                   1.000000e+30                   0.000000e+00                       2.000000
                2407540.693093                    1100.000000                   1.000000e+30                   0.000000e+00                       2.000000
                2407516.199432                    1100.000000                   1.000000e+30                   0.000000e+00                       2.000000
                2407491.216668                    1100.000000                   1.000000e+30                   0.000000e+00                       2.000000
                2407465.759618                    1100.000000                   1.000000e+30                   0.000000e+00                       2.000000
                2407439.843379                    1100.000000                   1.000000e+30                   0.000000e+00                       2.000000
                2407413.483320                    1100.000000                   1.000000e+30                   0.000000e+00                       2.000000
                2407386.695076                    1100.000000                   1.000000e+30                   0.000000e+00                       2.000000
                2407359.494533                    1100.000000                   1.000000e+30                   0.000000e+00                       2.000000
                2407331.897822                    1100.000000                   1.000000e+30                   0.000000e+00                       2.000000
                2407303.921311                    1100.000000                   1.000000e+30                   0.000000e+00                       2.000000
                2407275.581590                    1100.000000                   1.000000e+30                   0.000000e+00                       2.000000
                2407246.895468                    1100.000000                   1.000000e+30                   0.000000e+00                       2.000000
                2407217.879956                    1100.000000                   1.000000e+30                   0.000000e+00                       2.000000
                2407188.552263                    1100.000000                   1.000000e+30                   0.000000e+00                       2.000000
                2407158.929781                    1100.000000                   1.000000e+30                   0.000000e+00                       2.000000
                2407129.030080                    1100.000000                   1.000000e+30                   0.000000e+00                       2.000000
                2407098.870890                    1100.000000                   1.000000e+30                   0.000000e+00                       2.000000
                2407068.470098                    1100.000000                   1.000000e+30                   0.000000e+00                       2.000000
                2407037.845734                    1100.000000                   1.000000e+30                   0.000000e+00                       2.000000
                2407007.015960                    1100.000000                   1.000000e+30                   0.000000e+00                       2.000000
                2406975.999060                    1100.000000                   1.000000e+30                   0.000000e+00                       2.000000
                2406944.813428                    1100.000000                   1.000000e+30                   0.000000e+00                       2.000000
                2406913.477559                    1100.000000                   1.000000e+30                   0.000000e+00                       2.000000
                2406882.010039                    1100.000000                   1.000000e+30                   0.000000e+00                       2.000000
                2406850.429528                    1100.000000                   1.000000e+30                   0.000000e+00                       2.000000
                2406818.754756                    1100.000000                   1.000000e+30                   0.000000e+00                       2.000000
                2406787.004507                    1100.000000                   1.000000e+30                   0.000000e+00                       2.000000
                2406755.197613                    1100.000000                   1.000000e+30                   0.000000e+00                       2.000000
                2406723.352936                    1100.000000                   1.000000e+30                   0.000000e+00                       2.000000
                2406691.489362                    1100.000000                   1.000000e+30                   0.000000e+00                       2.000000
                2406659.625787                    1100.000000                   1.000000e+30                   0.000000e+00                       2.000000
                2406627.781110                    1100.000000                   1.000000e+30                   0.000000e+00                       2.000000
                2406595.974216                    1100.000000                   1.000000e+30                   0.000000e+00                       2.000000
                2406564.223968                    1100.000000                   1.000000e+30                   0.000000e+00                       2.000000
                2406532.549196                    1100.000000                   1.000000e+30                   0.000000e+00                       2.000000
                2406500.968685                    1100.000000                   1.000000e+30                   0.000000e+00                       2.000000
                2406469.501164                    1100.000000                   1.000000e+30                   0.000000e+00                       2.000000
                2406438.165296                    1100.000000                   1.000000e+30                   0.000000e+00                       2.000000
                2406406.979664                    1100.000000                   1.000000e+30                   0.000000e+00                       2.000000
                2406375.962763                    1100.000000                   1.000000e+30                   0.000000e+00                       2.000000
                2406345.132989                    1100.000000                   1.000000e+30                   0.000000e+00                       2.000000
                2406314.508625                    1100.000000                   1.000000e+30                   0.000000e+00                       2.000000
                2406284.107834                    1100.000000                   1.000000e+30                   0.000000e+00                       2.000000
                2406253.948644                    1100.000000                   1.000000e+30                   0.000000e+00                       2.000000
                2406224.048942                    1100.000000                   1.000000e+30                   0.000000e+00                       2.000000
                2406194.426461                    1100.000000                   1.000000e+30                   0.000000e+00                       2.000000
                2406165.098768                    1100.000000                   1.000000e+30                   0.000000e+00                       2.000000
                2406136.083256                    1100.000000                   1.000000e+30                   0.000000e+00                       2.000000
                2406107.397133                    1100.000000                   1.000000e+30                   0.000000e+00                       2.000000
                2406079.057413                    1100.000000                   1.000000e+30                   0.000000e+00                       2.000000
                2406051.080901                    1100.000000                   1.000000e+30                   0.000000e+00                       2.000000
                2406023.484191                    1100.000000                   1.000000e+30                   0.000000e+00                       2.000000
                2405996.283647                    1100.000000                   1.000000e+30                   0.000000e+00                       2.000000
                2405969.495403                    1100.000000                   1.000000e+30                   0.000000e+00                       2.000000
                2405943.135345                    1100.000000                   1.000000e+30                   0.000000e+00                       2.000000
                2405917.219105                    1100.000000                   1.000000e+30                   0.000000e+00                       2.000000
                2405891.762055                    1100.000000                   1.000000e+30                   0.000000e+00                       2.000000
                2405866.779291                    1100.000000                   1.000000e+30                   0.000000e+00                       2.000000
                2405842.285630                    1100.000000                   1.000000e+30                   0.000000e+00                       2.000000
                2405818.295598                    1100.000000                   1.000000e+30                   0.000000e+00                       2.000000
                2405794.823423                    1100.000000                   1.000000e+30                   0.000000e+00                       2.000000
                2405771.883024                    1100.000000                   1.000000e+30                   0.000000e+00                       2.000000
                2405749.488008                    1100.000000                   1.000000e+30                   0.000000e+00                       2.000000
                2405727.651655                    1100.000000                   1.000000e+30                   0.000000e+00                       2.000000
                2405706.386916                    1100.000000                   1.000000e+30                   0.000000e+00                       2.000000
                2405685.706402                    1100.000000                   1.000000e+30                   0.000000e+00                       2.000000
                2405665.622378                    1100.000000                   1.000000e+30                   0.000000e+00                       2.000000
                2405646.146756                    1100.000000                   1.000000e+30                   0.000000e+00                       2.000000
                2405627.291084                    1100.000000                   1.000000e+30                   0.000000e+00                       2.000000
                2405609.066546                    1100.000000                   1.000000e+30                   0.000000e+00                       2.000000
                2405591.483950                    1100.000000                   1.000000e+30                   0.000000e+00                       2.000000
                2405574.553724                    1100.000000                   1.000000e+30                   0.000000e+00                       2.000000
                2405558.285908                    1100.000000                   1.000000e+30                   0.000000e+00                       2.000000
                2405542.690150                    1100.000000                   1.000000e+30                   0.000000e+00                       2.000000
                2405527.775699                    1100.000000                   1.000000e+30                   0.000000e+00                       2.000000
                2405513.551400                    1100.000000                   1.000000e+30                   0.000000e+00                       2.000000
                2405500.025690                    1100.000000                   1.000000e+30                   0.000000e+00                       2.000000
                2405487.206590                    1100.000000                   1.000000e+30                   0.000000e+00                       2.000000
                2405475.101701                    1100.000000                   1.000000e+30                   0.000000e+00                       2.000000
                2405463.718205                    1100.000000                   1.000000e+30                   0.000000e+00                       2.000000
                2405453.062850                    1100.000000                   1.000000e+30                   0.000000e+00                       2.000000
                2405443.141957                    1100.000000                   1.000000e+30                   0.000000e+00                       2.000000
                2405433.961409                    1100.000000                   1.000000e+30                   0.000000e+00                       2.000000
                2405425.526652                    1100.000000                   1.000000e+30                   0.000000e+00                       2.000000
                2405417.842686                    1100.000000                   1.000000e+30                   0.000000e+00                       2.000000
                2405410.914070                    1100.000000                   1.000000e+30                   0.000000e+00                       2.000000
                2405404.744912                    1100.000000                   1.000000e+30                   0.000000e+00                       2.000000
                2405399.338871                    1100.000000                   1.000000e+30                   0.000000e+00                       2.000000
                2405394.699154                    1100.000000                   1.000000e+30                   0.000000e+00                       2.000000
                2405390.828511                    1100.000000                   1.000000e+30                   0.000000e+00                       2.000000
                2405387.729239                    1100.000000                   1.000000e+30                   0.000000e+00                       2.000000
                2405385.403175                    1100.000000                   1.000000e+30                   0.000000e+00                       2.000000
                2405383.851698                    1100.000000                   1.000000e+30                   0.000000e+00                       2.000000
                2405383.075730                    1100.000000                   1.000000e+30                   0.000000e+00                       2.000000
                2405382.978723                    1100.000000                   1.000000e+30                   0.000000e+00                       2.000000
                2405382.978723                    1250.000000                   1.000000e+30                   6.000000e+09                      15.000000
                2402240.475012                    1250.000000                   1.000000e+30                   6.000000e+09                      15.000000
                2399097.971301                    1250.000000                   1.000000e+30                   6.000000e+09                      15.000000
                2395955.467590                    1250.000000                   1.000000e+30                   6.000000e+09                      15.000000
                2392812.963879                    1250.000000                   1.000000e+30                   6.000000e+09                      15.000000
                2389670.460168                    1250.000000                   1.000000e+30                   6.000000e+09                      15.000000
                2386527.956457                    1250.000000                   1.000000e+30                   6.000000e+09                      15.000000
                2383385.452746                    1250.000000                   1.000000e+30                   6.000000e+09                      15.000000
                2380242.949035                    1250.000000                   1.000000e+30                   6.000000e+09                      15.000000
                2377100.445324                    1250.000000                   1.000000e+30                   6.000000e+09                      15.000000
                2373957.941613                    1250.000000                   1.000000e+30                   6.000000e+09                      15.000000
                2370815.437902                    1250.000000                   1.000000e+30                   6.000000e+09                      15.000000
                2367672.934191                    1250.000000                   1.000000e+30                   6.000000e+09                      15.000000
                2364530.430480                    1250.000000                   1.000000e+30                   6.000000e+09                      15.000000
                2361387.926769                    1250.000000                   1.000000e+30                   6.000000e+09                      15.000000
                2358245.423058                    1250.000000                   1.000000e+30                   6.000000e+09                      15.000000
                2355102.919347                    1250.000000                   1.000000e+30                   6.000000e+09                      15.000000
                2351960.415636                    1250.000000                   1.000000e+30                   6.000000e+09                      15.000000
                2348817.911925                    1250.000000                   1.000000e+30                   6.000000e+09                      15.000000
                2345675.408214                    1250.000000                   1.000000e+30                   6.000000e+09                      15.000000
                2342532.904503                    1250.000000                   1.000000e+30                   6.000000e+09                      15.000000
                2339390.400792                    1250.000000                   1.000000e+30                   6.000000e+09                      15.000000
                2336247.897081                    1250.000000                   1.000000e+30                   6.000000e+09                      15.000000
                2333105.393370                    1250.000000                   1.000000e+30                   6.000000e+09                      15.000000
                2329962.889659                    1250.000000                   1.000000e+30                   6.000000e+09                      15.000000
                2326820.385948                    1250.000000                   1.000000e+30                   6.000000e+09                      15.000000
                2323677.882237                    1250.000000                   1.000000e+30                   6.000000e+09                      15.000000
                2320535.378525                    1250.000000                   1.000000e+30                   6.000000e+09                      15.000000
                2317392.874814                    1250.000000                   1.000000e+30                   6.000000e+09                      15.000000
                2314250.371103                    1250.000000                   1.000000e+30                   6.000000e+09                      15.000000
                2311107.867392                    1250.000000                   1.000000e+30                   6.000000e+09                      15.000000
                2307965.363681                    1250.000000                   1.000000e+30                   6.000000e+09                      15.000000
                2304822.859970                    1250.000000                   1.000000e+30                   6.000000e+09                      15.000000
                2301680.356259                    1250.000000                   1.000000e+30                   6.000000e+09                      15.000000
                2298537.852548                    1250.000000                   1.000000e+30                   6.000000e+09                      15.000000
                2295395.348837                    1250.000000                   1.000000e+30                   6.000000e+09                      15.000000
                2292252.845126                    1250.000000                   1.000000e+30                   6.000000e+09                      15.000000
                2289110.341415                    1250.000000                   1.000000e+30                   6.000000e+09                      15.000000
                2285967.837704                    1250.000000                   1.000000e+30                   6.000000e+09                      15.000000
                2282825.333993                    1250.000000                   1.000000e+30                   6.000000e+09                      15.000000
                2279682.830282                    1250.000000                   1.000000e+30                   6.000000e+09                      15.000000
                2276540.326571                    1250.000000                   1.000000e+30                   6.000000e+09                      15.000000
                2273397.822860                    1250.000000                   1.000000e+30                   6.000000e+09                      15.000000
                2270255.319149                    1250.000000                   1.000000e+30                   6.000000e+09                      15.000000
                2267112.815438                    1250.000000                   1.000000e+30                   6.000000e+09                      15.000000
                2263970.311727                    1250.000000                   1.000000e+30                   6.000000e+09                      15.000000
                2260827.808016                    1250.000000                   1.000000e+30                   6.000000e+09                      15.000000
                2257685.304305                    1250.000000                   1.000000e+30                   6.000000e+09                      15.000000
                2254542.800594                    1250.000000                   1.000000e+30                   6.000000e+09                      15.000000
                2251400.296883                    1250.000000                   1.000000e+30                   6.000000e+09                      15.000000
                2248257.793172                    1250.000000                   1.000000e+30                   6.000000e+09                      15.000000
                2245115.289461                    1250.000000                   1.000000e+30                   6.000000e+09                      15.000000
                2241972.785750                    1250.000000                   1.000000e+30                   6.000000e+09                      15.000000
                2238830.282039                    1250.000000                   1.000000e+30                   6.000000e+09                      15.000000
                2235687.778328                    1250.000000                   1.000000e+30                   6.000000e+09                      15.000000
                2232545.274617                    1250.000000                   1.000000e+30                   6.000000e+09                      15.000000
                2229402.770905                    1250.000000                   1.000000e+30                   6.000000e+09                      15.000000
                2226260.267194                    1250.000000                   1.000000e+30                   6.000000e+09                      15.000000
                2223117.763483                    1250.000000                   1.000000e+30                   6.000000e+09                      15.000000
                2219975.259772                    1250.000000                   1.000000e+30                   6.000000e+09                      15.000000
                2216832.756061                    1250.000000                   1.000000e+30                   6.000000e+09                      15.000000
                2213690.252350                    1250.000000                   1.000000e+30                   6.000000e+09                      15.000000
                2210547.748639                    1250.000000                   1.000000e+30                   6.000000e+09                      15.000000
                2207405.244928                    1250.000000                   1.000000e+30                   6.000000e+09                      15.000000
                2204262.741217                    1250.000000                   1.000000e+30                   6.000000e+09                      15.000000
                2201120.237506                    1250.000000                   1.000000e+30                   6.000000e+09                      15.000000
                2197977.733795                    1250.000000                   1.000000e+30                   6.000000e+09                      15.000000
                2194835.230084                    1250.000000                   1.000000e+30                   6.000000e+09                      15.000000
                2191692.726373                    1250.000000                   1.000000e+30                   6.000000e+09                      15.000000
                2188550.222662                    1250.000000                   1.000000e+30                   6.000000e+09                      15.000000
                2185407.718951                    1250.000000                   1.000000e+30                   6.000000e+09                      15.000000
                2182265.215240                    1250.000000                   1.000000e+30                   6.000000e+09                      15.000000
                2179122.711529                    1250.000000                   1.000000e+30                   6.000000e+09                      15.000000
                2175980.207818                    1250.000000                   1.000000e+30                   6.000000e+09                      15.000000
                2172837.704107                    1250.000000                   1.000000e+30                   6.000000e+09                      15.000000
                2169695.200396                    1250.000000                   1.000000e+30                   6.000000e+09                      15.000000
                2166552.696685                    1250.000000                   1.000000e+30                   6.000000e+09                      15.000000
                2163410.192974                    1250.000000                   1.000000e+30                   6.000000e+09                      15.000000
                2160267.689263                    1250.000000                   1.000000e+30                   6.000000e+09                      15.000000
                2157125.185552                    1250.000000                   1.000000e+30                   6.000000e+09                      15.000000
                2153982.681841                    1250.000000                   1.000000e+30                   6.000000e+09                      15.000000
                2150840.178130                    1250.000000                   1.000000e+30                   6.000000e+09                      15.000000
                2147697.674419                    1250.000000                   1.000000e+30                   6.000000e+09                      15.000000
                2144555.170708                    1250.000000                   1.000000e+30                   6.000000e+09                      15.000000
                2141412.666997                    1250.000000                   1.000000e+30                   6.000000e+09                      15.000000
                2138270.163286                    1250.000000                   1.000000e+30                   6.000000e+09                      15.000000
                2135127.659574                    1250.000000                   1.000000e+30                   6.000000e+09                      15.000000
                2131985.155863                    1250.000000                   1.000000e+30                   6.000000e+09                      15.000000
                2128842.652152                    1250.000000                   1.000000e+30                   6.000000e+09                      15.000000
                2125700.148441                    1250.000000                   1.000000e+30                   6.000000e+09                      15.000000
                2122557.644730                    1250.000000                   1.000000e+30                   6.000000e+09                      15.000000
                2119415.141019                    1250.000000                   1.000000e+30                   6.000000e+09                      15.000000
                2116272.637308                    1250.000000                   1.000000e+30                   6.000000e+09                      15.000000
                2113130.133597                    1250.000000                   1.000000e+30                   6.000000e+09                      15.000000
                2109987.629886                    1250.000000                   1.000000e+30                   6.000000e+09                      15.000000
                2106845.126175                    1250.000000                   1.000000e+30                   6.000000e+09                      15.000000
                2103702.622464                    1250.000000                   1.000000e+30                   6.000000e+09                      15.000000
                2100560.118753                    1250.000000                   1.000000e+30                   6.000000e+09                      15.000000
                2097417.615042                    1250.000000                   1.000000e+30                   6.000000e+09                      15.000000
                2094275.111331                    1250.000000                   1.000000e+30                   6.000000e+09                      15.000000
                2091132.607620                    1250.000000                   1.000000e+30                   6.000000e+09                      15.000000
                2087990.103909                    1250.000000                   1.000000e+30                   6.000000e+09                      15.000000
                2084847.600198                    1250.000000                   1.000000e+30                   6.000000e+09                      15.000000
                2081705.096487                    1250.000000                   1.000000e+30                   6.000000e+09                      15.000000
                2078562.592776                    1250.000000                   1.000000e+30                   6.000000e+09                      15.000000
                2075420.089065                    1250.000000                   1.000000e+30                   6.000000e+09                      15.000000
                2072277.585354                    1250.000000                   1.000000e+30                   6.000000e+09                      15.000000
                2069135.081643                    1250.000000                   1.000000e+30                   6.000000e+09                      15.000000
                2065992.577932                    1250.000000                   1.000000e+30                   6.000000e+09                      15.000000
                2062850.074221                    1250.000000                   1.000000e+30                   6.000000e+09                      15.000000
                2059707.570510                    1250.000000                   1.000000e+30                   6.000000e+09                      15.000000
                2056565.066799                    1250.000000                   1.000000e+30                   6.000000e+09                      15.000000
                2053422.563088                    1250.000000                   1.000000e+30                   6.000000e+09                      15.000000
                2050280.059377                    1250.000000                   1.000000e+30                   6.000000e+09                      15.000000
                2047137.555666                    1250.000000                   1.000000e+30                   6.000000e+09                      15.000000
                2043995.051954                    1250.000000                   1.000000e+30                   6.000000e+09                      15.000000
                2040852.548243                    1250.000000                   1.000000e+30                   6.000000e+09                      15.000000
                2037710.044532                    1250.000000                   1.000000e+30                   6.000000e+09                      15.000000
                2034567.540821                    1250.000000                   1.000000e+30                   6.000000e+09                      15.000000
                2031425.037110                    1250.000000                   1.000000e+30                   6.000000e+09                      15.000000
                2028282.533399                    1250.000000                   1.000000e+30                   6.000000e+09                      15.000000
                2025140.029688                    1250.000000                   1.000000e+30                   6.000000e+09                      15.000000
                2021997.525977                    1250.000000                   1.000000e+30                   6.000000e+09                      15.000000
                2018855.022266                    1250.000000                   1.000000e+30                   6.000000e+09                      15.000000
                2015712.518555                    1250.000000                   1.000000e+30                   6.000000e+09                      15.000000
                2012570.014844                    1250.000000                   1.000000e+30                   6.000000e+09                      15.000000
                2009427.511133                    1250.000000                   1.000000e+30                   6.000000e+09                      15.000000
                2006285.007422                    1250.000000                   1.000000e+30                   6.000000e+09                      15.000000
                2003142.503711                    1250.000000                   1.000000e+30                   6.000000e+09                      15.000000
                2000000.000000                    1250.000000                   1.000000e+30                   6.000000e+09                      15.000000
                2000000.000000                    2833.498951                   1.000000e+30                   3.000000e+10                      17.000000
                1978990.650200                    2833.498951                   1.000000e+30                   3.000000e+10                      17.000000
                1957981.300401                    2833.498951                   1.000000e+30                   3.000000e+10                      17.000000
                1936971.950601                    2833.498951                   1.000000e+30                   3.000000e+10                      17.000000
                1915962.600801                    2833.498951                   1.000000e+30                   3.000000e+10                      17.000000
                1894953.251002                    2833.498951                   1.000000e+30                   3.000000e+10                      17.000000
                1873943.901202                    2833.498951                   1.000000e+30                   3.000000e+10                      17.000000
                1852934.551402                    2833.498951                   1.000000e+30                   3.000000e+10                      17.000000
                1831925.201603                    2833.498951                   1.000000e+30                   3.000000e+10                      17.000000
                1810915.851803                    2833.498951                   1.000000e+30                   3.000000e+10                      17.000000
                1789906.502004                    2833.498951                   1.000000e+30                   3.000000e+10                      17.000000
                1768897.152204                    2833.498951                   1.000000e+30                   3.000000e+10                      17.000000
                1747887.802404                    2833.498951                   1.000000e+30                   3.000000e+10                      17.000000
                1726878.452605                    2833.498951                   1.000000e+30                   3.000000e+10                      17.000000
                1705869.102805                    2833.498951                   1.000000e+30                   3.000000e+10                      17.000000
                1684859.753005                    2833.498951                   1.000000e+30                   3.000000e+10                      17.000000
                1663850.403206                    2833.498951                   1.000000e+30                   3.000000e+10                      17.000000
                1642841.053406                    2833.498951                   1.000000e+30                   3.000000e+10                      17.000000
                1621831.703606                    2833.498951                   1.000000e+30                   3.000000e+10                      17.000000
                1600822.353807                    2833.498951                   1.000000e+30                   3.000000e+10                      17.000000
                1579813.004007                    2833.498951                   1.000000e+30                   3.000000e+10                      17.000000
                1558803.654207                    2833.498951                   1.000000e+30                   3.000000e+10                      17.000000
                1537794.304408                    2833.498951                   1.000000e+30                   3.000000e+10                      17.000000
                1516784.954608                    2833.498951                   1.000000e+30                   3.000000e+10                      17.000000
                1495775.604809                    2833.498951                   1.000000e+30                   3.000000e+10                      17.000000
                1474766.255009                    2833.498951                   1.000000e+30                   3.000000e+10                      17.000000
                1453756.905209                    2833.498951                   1.000000e+30                   3.000000e+10                      17.000000
                1432747.555410                    2833.498951                   1.000000e+30                   3.000000e+10                      17.000000
                1411738.205610                    2833.498951                   1.000000e+30                   3.000000e+10                      17.000000
                1390728.855810                    2833.498951                   1.000000e+30                   3.000000e+10                      17.000000
                1369719.506011                    2833.498951                   1.000000e+30                   3.000000e+10                      17.000000
                1348710.156211                    2833.498951                   1.000000e+30                   3.000000e+10                      17.000000
                1327700.806411                    2833.498951                   1.000000e+30                   3.000000e+10                      17.000000
                1306691.456612                    2833.498951                   1.000000e+30                   3.000000e+10                      17.000000
                1285682.106812                    2833.498951                   1.000000e+30                   3.000000e+10                      17.000000
                1264672.757012                    2833.498951                   1.000000e+30                   3.000000e+10                      17.000000
                1243663.407213                    2833.498951                   1.000000e+30                   3.000000e+10                      17.000000
                1222654.057413                    2833.498951                   1.000000e+30                   3.000000e+10                      17.000000
                1201644.707614                    2833.498951                   1.000000e+30                   3.000000e+10                      17.000000
                1180635.357814                    2833.498951                   1.000000e+30                   3.000000e+10                      17.000000
                1159626.008014                    2833.498951                   1.000000e+30                   3.000000e+10                      17.000000
                1138616.658215                    2833.498951                   1.000000e+30                   3.000000e+10                      17.000000
                1117607.308415                    2833.498951                   1.000000e+30                   3.000000e+10                      17.000000
                1096597.958615                    2833.498951                   1.000000e+30                   3.000000e+10                      17.000000
                1075588.608816                    2833.498951                   1.000000e+30                   3.000000e+10                      17.000000
                1054579.259016                    2833.498951                   1.000000e+30                   3.000000e+10                      17.000000
                1033569.909216                    2833.498951                   1.000000e+30                   3.000000e+10                      17.000000
                1012560.559417                    2833.498951                   1.000000e+30                   3.000000e+10                      17.000000
                 991551.209617                    2833.498951                   1.000000e+30                   3.000000e+10                      17.000000
                 970541.859817                    2833.498951                   1.000000e+30                   3.000000e+10                      17.000000
                 949532.510018                    2833.498951                   1.000000e+30                   3.000000e+10                      17.000000
                 928523.160218                    2833.498951                   1.000000e+30                   3.000000e+10                      17.000000
                 907513.810418                    2833.498951                   1.000000e+30                   3.000000e+10                      17.000000
                 886504.460619                    2833.498951                   1.000000e+30                   3.000000e+10                      17.000000
                 865495.110819                    2833.498951                   1.000000e+30                   3.000000e+10                      17.000000
                 844485.761020                    2833.498951                   1.000000e+30                   3.000000e+10                      17.000000
                 823476.411220                    2833.498951                   1.000000e+30                   3.000000e+10                      17.000000
                 802467.061420                    2833.498951                   1.000000e+30                   3.000000e+10                      17.000000
                 781457.711621                    2833.498951                   1.000000e+30                   3.000000e+10                      17.000000
                 760448.361821                    2833.498951                   1.000000e+30                   3.000000e+10                      17.000000
                 739439.012021                    2833.498951                   1.000000e+30                   3.000000e+10                      17.000000
                 718429.662222                    2833.498951                   1.000000e+30                   3.000000e+10                      17.000000
                 697420.312422                    2833.498951                   1.000000e+30                   3.000000e+10                      17.000000
                 676410.962622                    2833.498951                   1.000000e+30                   3.000000e+10                      17.000000
                 655401.612823                    2833.498951                   1.000000e+30                   3.000000e+10                      17.000000
                 634392.263023                    2833.498951                   1.000000e+30                   3.000000e+10                      17.000000
                 613382.913223                    2833.498951                   1.000000e+30                   3.000000e+10                      17.000000
                 592373.563424                    2833.498951                   1.000000e+30                   3.000000e+10                      17.000000
                 571364.213624                    2833.498951                   1.000000e+30                   3.000000e+10                      17.000000
                 550354.863825                    2833.498951                   1.000000e+30                   3.000000e+10                      17.000000
                 529345.514025                    2833.498951                   1.000000e+30                   3.000000e+10                      17.000000
                 508336.164225                    2833.498951                   1.000000e+30                   3.000000e+10                      17.000000
                 487326.814426                    2833.498951                   1.000000e+30                   3.000000e+10                      17.000000
                 466317.464626                    2833.498951                   1.000000e+30                   3.000000e+10                      17.000000
                 445308.114826                    2833.498951                   1.000000e+30                   3.000000e+10                      17.000000
                 424298.765027                    2833.498951                   1.000000e+30                   3.000000e+10                      17.000000
                 403289.415227                    2833.498951                   1.000000e+30                   3.000000e+10                      17.000000
                 382280.065427                    2833.498951                   1.000000e+30                   3.000000e+10                      17.000000
                 361270.715628                    2833.498951                   1.000000e+30                   3.000000e+10                      17.000000
                 340261.365828                    2833.498951                   1.000000e+30                   3.000000e+10                      17.000000
                 319252.016028                    2833.498951                   1.000000e+30                   3.000000e+10                      17.000000
                 298242.666229                    2833.498951                   1.000000e+30                   3.000000e+10                      17.000000
                 277233.316429                    2833.498951                   1.000000e+30                   3.000000e+10                      17.000000
                 256223.966629                    2833.498951                   1.000000e+30                   3.000000e+10                      17.000000
                 235214.616830                    2833.498951                   1.000000e+30                   3.000000e+10                      17.000000
                 214205.267030                    2833.498951                   1.000000e+30                   3.000000e+10                      17.000000
                 193195.917231                    2833.498951                   1.000000e+30                   3.000000e+10                      17.000000
                 172186.567431                    2833.498951                   1.000000e+30                   3.000000e+10                      17.000000
                 151177.217631                    2833.498951                   1.000000e+30                   3.000000e+10                      17.000000
                 130167.867832                    2833.498951                   1.000000e+30                   3.000000e+10                      17.000000
                 109158.518032                    2833.498951                   1.000000e+30                   3.000000e+10                      17.000000
                  88149.168232                    2833.498951                   1.000000e+30                   3.000000e+10                      17.000000
                  67139.818433                    2833.498951                   1.000000e+30                   3.000000e+10                      17.000000
                  46130.468633                    2833.498951                   1.000000e+30                   3.000000e+10                      17.000000
                  25121.118833                    2833.498951                   1.000000e+30                   3.000000e+10                      17.000000
                   4111.769034                    2833.498951                   1.000000e+30                   3.000000e+10                      17.000000
                 -16897.580766                    2833.498951                   1.000000e+30                   3.000000e+10                      17.000000
                 -37906.930566                    2833.498951                   1.000000e+30                   3.000000e+10                      17.000000
                 -58916.280365                    2833.498951                   1.000000e+30                   3.000000e+10                      17.000000
                 -79925.630165                    2833.498951                   1.000000e+30                   3.000000e+10                      17.000000
                -100934.979964                    2833.498951                   1.000000e+30                   3.000000e+10                      17.000000
                -121944.329764                    2833.498951                   1.000000e+30                   3.000000e+10                      17.000000
                -142953.679564                    2833.498951                   1.000000e+30                   3.000000e+10                      17.000000
                -163963.029363                    2833.498951                   1.000000e+30                   3.000000e+10                      17.000000
                -184972.379163                    2833.498951                   1.000000e+30                   3.000000e+10                      17.000000
                -205981.728963                    2833.498951                   1.000000e+30                   3.000000e+10                      17.000000
                -226991.078762                    2833.498951                   1.000000e+30                   3.000000e+10                      17.000000
                -248000.428562                    2833.498951                   1.000000e+30                   3.000000e+10                      17.000000
                -269009.778362                    2833.498951                   1.000000e+30                   3.000000e+10                      17.000000
                -290019.128161                    2833.498951                   1.000000e+30                   3.000000e+10                      17.000000
                -311028.477961                    2833.498951                   1.000000e+30                   3.000000e+10                      17.000000
                -332037.827761                    2833.498951                   1.000000e+30                   3.000000e+10                      17.000000
                -353047.177560                    2833.498951                   1.000000e+30                   3.000000e+10                      17.000000
                -374056.527360                    2833.498951                   1.000000e+30                   3.000000e+10                      17.000000
                -395065.877159                    2833.498951                   1.000000e+30                   3.000000e+10                      17.000000
                -416075.226959                    2833.498951                   1.000000e+30                   3.000000e+10                      17.000000
                -437084.576759                    2833.498951                   1.000000e+30                   3.000000e+10                      17.000000
                -458093.926558                    2833.498951                   1.000000e+30                   3.000000e+10                      17.000000
                -479103.276358                    2833.498951                   1.000000e+30                   3.000000e+10                      17.000000
                -500112.626158                    2833.498951                   1.000000e+30                   3.000000e+10                      17.000000
                -521121.975957                    2833.498951                   1.000000e+30                   3.000000e+10                      17.000000
                -542131.325757                    2833.498951                   1.000000e+30                   3.000000e+10                      17.000000
                -563140.675557                    2833.498951                   1.000000e+30                   3.000000e+10                      17.000000
                -584150.025356                    2833.498951                   1.000000e+30                   3.000000e+10                      17.000000
                -605159.375156                    2833.498951                   1.000000e+30                   3.000000e+10                      17.000000
                -626168.724956                    2833.498951                   1.000000e+30                   3.000000e+10                      17.000000
                -647178.074755                    2833.498951                   1.000000e+30                   3.000000e+10                      17.000000
                -668187.424555                    2833.498951                   1.000000e+30                   3.000000e+10                      17.000000
                -689196.774355                    2833.498951                   1.000000e+30                   3.000000e+10                      17.000000
                -710206.124154                    2833.498951                   1.000000e+30                   3.000000e+10                      17.000000
                -710206.124154                    3300.000000                   1.000000e+30                   5.000000e+10                      22.000000
                -704700.572804                    3300.000000                   1.000000e+30                   5.000000e+10                      22.000000
                -699195.021454                    3300.000000                   1.000000e+30                   5.000000e+10                      22.000000
                -693689.470104                    3300.000000                   1.000000e+30                   5.000000e+10                      22.000000
                -688183.918754                    3300.000000                   1.000000e+30                   5.000000e+10                      22.000000
                -682678.367404                    3300.000000                   1.000000e+30                   5.000000e+10                      22.000000
                -677172.816054                    3300.000000                   1.000000e+30                   5.000000e+10                      22.000000
                -671667.264704                    3300.000000                   1.000000e+30                   5.000000e+10                      22.000000
                -666161.713354                    3300.000000                   1.000000e+30                   5.000000e+10                      22.000000
                -660656.162004                    3300.000000                   1.000000e+30                   5.000000e+10                      22.000000
                -655150.610654                    3300.000000                   1.000000e+30                   5.000000e+10                      22.000000
                -649645.059304                    3300.000000                   1.000000e+30                   5.000000e+10                      22.000000
                -644139.507954                    3300.000000                   1.000000e+30                   5.000000e+10                      22.000000
                -638633.956604                    3300.000000                   1.000000e+30                   5.000000e+10                      22.000000
                -633128.405254                    3300.000000                   1.000000e+30                   5.000000e+10                      22.000000
                -627622.853904                    3300.000000                   1.000000e+30                   5.000000e+10                      22.000000
                -622117.302554                    3300.000000                   1.000000e+30                   5.000000e+10                      22.000000
                -616611.751204                    3300.000000                   1.000000e+30                   5.000000e+10                      22.000000
                -611106.199854                    3300.000000                   1.000000e+30                   5.000000e+10                      22.000000
                -605600.648504                    3300.000000                   1.000000e+30                   5.000000e+10                      22.000000
                -600095.097154                    3300.000000                   1.000000e+30                   5.000000e+10                      22.000000
                -594589.545803                    3300.000000                   1.000000e+30                   5.000000e+10                      22.000000
                -589083.994453                    3300.000000                   1.000000e+30                   5.000000e+10                      22.000000
                -583578.443103                    3300.000000                   1.000000e+30                   5.000000e+10                      22.000000
                -578072.891753                    3300.000000                   1.000000e+30                   5.000000e+10                      22.000000
                -572567.340403                    3300.000000                   1.000000e+30                   5.000000e+10                      22.000000
                -567061.789053                    3300.000000                   1.000000e+30                   5.000000e+10                      22.000000
                -561556.237703                    3300.000000                   1.000000e+30                   5.000000e+10                      22.000000
                -556050.686353                    3300.000000                   1.000000e+30                   5.000000e+10                      22.000000
                -550545.135003                    3300.000000                   1.000000e+30                   5.000000e+10                      22.000000
                -545039.583653                    3300.000000                   1.000000e+30                   5.000000e+10                      22.000000
                -539534.032303                    3300.000000                   1.000000e+30                   5.000000e+10                      22.000000
                -534028.480953                    3300.000000                   1.000000e+30                   5.000000e+10                      22.000000
                -528522.929603                    3300.000000                   1.000000e+30                   5.000000e+10                      22.000000
                -523017.378253                    3300.000000                   1.000000e+30                   5.000000e+10                      22.000000
                -517511.826903                    3300.000000                   1.000000e+30                   5.000000e+10                      22.000000
                -512006.275553                    3300.000000                   1.000000e+30                   5.000000e+10                      22.000000
                -506500.724203                    3300.000000                   1.000000e+30                   5.000000e+10                      22.000000
                -500995.172853                    3300.000000                   1.000000e+30                   5.000000e+10                      22.000000
                -495489.621503                    3300.000000                   1.000000e+30                   5.000000e+10                      22.000000
                -489984.070153                    3300.000000                   1.000000e+30                   5.000000e+10                      22.000000
                -484478.518803                    3300.000000                   1.000000e+30                   5.000000e+10                      22.000000
                -478972.967453                    3300.000000                   1.000000e+30                   5.000000e+10                      22.000000
                -473467.416103                    3300.000000                   1.000000e+30                   5.000000e+10                      22.000000
                -467961.864753                    3300.000000                   1.000000e+30                   5.000000e+10                      22.000000
                -462456.313403                    3300.000000                   1.000000e+30                   5.000000e+10                      22.000000
                -456950.762053                    3300.000000                   1.000000e+30                   5.000000e+10                      22.000000
                -451445.210703                    3300.000000                   1.000000e+30                   5.000000e+10                      22.000000
                -445939.659353                    3300.000000                   1.000000e+30                   5.000000e+10                      22.000000
                -440434.108003                    3300.000000                   1.000000e+30                   5.000000e+10                      22.000000
                -434928.556653                    3300.000000                   1.000000e+30                   5.000000e+10                      22.000000
                -429423.005303                    3300.000000                   1.000000e+30                   5.000000e+10                      22.000000
                -423917.453952                    3300.000000                   1.000000e+30                   5.000000e+10                      22.000000
                -418411.902602                    3300.000000                   1.000000e+30                   5.000000e+10                      22.000000
                -412906.351252                    3300.000000                   1.000000e+30                   5.000000e+10                      22.000000
                -407400.799902                    3300.000000                   1.000000e+30                   5.000000e+10                      22.000000
                -401895.248552                    3300.000000                   1.000000e+30                   5.000000e+10                      22.000000
                -396389.697202                    3300.000000                   1.000000e+30                   5.000000e+10                      22.000000
                -390884.145852                    3300.000000                   1.000000e+30                   5.000000e+10                      22.000000
                -385378.594502                    3300.000000                   1.000000e+30                   5.000000e+10                      22.000000
                -379873.043152                    3300.000000                   1.000000e+30                   5.000000e+10                      22.000000
                -374367.491802                    3300.000000                   1.000000e+30                   5.000000e+10                      22.000000
                -368861.940452                    3300.000000                   1.000000e+30                   5.000000e+10                      22.000000
                -363356.389102                    3300.000000                   1.000000e+30                   5.000000e+10                      22.000000
                -357850.837752                    3300.000000                   1.000000e+30                   5.000000e+10                      22.000000
                -352345.286402                    3300.000000                   1.000000e+30                   5.000000e+10                      22.000000
                -346839.735052                    3300.000000                   1.000000e+30                   5.000000e+10                      22.000000
                -341334.183702                    3300.000000                   1.000000e+30                   5.000000e+10                      22.000000
                -335828.632352                    3300.000000                   1.000000e+30                   5.000000e+10                      22.000000
                -330323.081002                    3300.000000                   1.000000e+30                   5.000000e+10                      22.000000
                -324817.529652                    3300.000000                   1.000000e+30                   5.000000e+10                      22.000000
                -319311.978302                    3300.000000                   1.000000e+30                   5.000000e+10                      22.000000
                -313806.426952                    3300.000000                   1.000000e+30                   5.000000e+10                      22.000000
                -308300.875602                    3300.000000                   1.000000e+30                   5.000000e+10                      22.000000
                -302795.324252                    3300.000000                   1.000000e+30                   5.000000e+10                      22.000000
                -297289.772902                    3300.000000                   1.000000e+30                   5.000000e+10                      22.000000
                -291784.221552                    3300.000000                   1.000000e+30                   5.000000e+10                      22.000000
                -286278.670202                    3300.000000                   1.000000e+30                   5.000000e+10                      22.000000
                -280773.118852                    3300.000000                   1.000000e+30                   5.000000e+10                      22.000000
                -275267.567502                    3300.000000                   1.000000e+30                   5.000000e+10                      22.000000
                -269762.016152                    3300.000000                   1.000000e+30                   5.000000e+10                      22.000000
                -264256.464802                    3300.000000                   1.000000e+30                   5.000000e+10                      22.000000
                -258750.913452                    3300.000000                   1.000000e+30                   5.000000e+10                      22.000000
                -253245.362101                    3300.000000                   1.000000e+30                   5.000000e+10                      22.000000
                -247739.810751                    3300.000000                   1.000000e+30                   5.000000e+10                      22.000000
                -242234.259401                    3300.000000                   1.000000e+30                   5.000000e+10                      22.000000
                -236728.708051                    3300.000000                   1.000000e+30                   5.000000e+10                      22.000000
                -231223.156701                    3300.000000                   1.000000e+30                   5.000000e+10                      22.000000
                -225717.605351                    3300.000000                   1.000000e+30                   5.000000e+10                      22.000000
                -220212.054001                    3300.000000                   1.000000e+30                   5.000000e+10                      22.000000
                -214706.502651                    3300.000000                   1.000000e+30                   5.000000e+10                      22.000000
                -209200.951301                    3300.000000                   1.000000e+30                   5.000000e+10                      22.000000
                -203695.399951                    3300.000000                   1.000000e+30                   5.000000e+10                      22.000000
                -198189.848601                    3300.000000                   1.000000e+30                   5.000000e+10                      22.000000
                -192684.297251                    3300.000000                   1.000000e+30                   5.000000e+10                      22.000000
                -187178.745901                    3300.000000                   1.000000e+30                   5.000000e+10                      22.000000
                -181673.194551                    3300.000000                   1.000000e+30                   5.000000e+10                      22.000000
                -176167.643201                    3300.000000                   1.000000e+30                   5.000000e+10                      22.000000
                -170662.091851                    3300.000000                   1.000000e+30                   5.000000e+10                      22.000000
                -165156.540501                    3300.000000                   1.000000e+30                   5.000000e+10                      22.000000
                -159650.989151                    3300.000000                   1.000000e+30                   5.000000e+10                      22.000000
                -154145.437801                    3300.000000                   1.000000e+30                   5.000000e+10                      22.000000
                -148639.886451                    3300.000000                   1.000000e+30                   5.000000e+10                      22.000000
                -143134.335101                    3300.000000                   1.000000e+30                   5.000000e+10                      22.000000
                -137628.783751                    3300.000000                   1.000000e+30                   5.000000e+10                      22.000000
                -132123.232401                    3300.000000                   1.000000e+30                   5.000000e+10                      22.000000
                -126617.681051                    3300.000000                   1.000000e+30                   5.000000e+10                      22.000000
                -121112.129701                    3300.000000                   1.000000e+30                   5.000000e+10                      22.000000
                -115606.578351                    3300.000000                   1.000000e+30                   5.000000e+10                      22.000000
                -110101.027001                    3300.000000                   1.000000e+30                   5.000000e+10                      22.000000
                -104595.475651                    3300.000000                   1.000000e+30                   5.000000e+10                      22.000000
                 -99089.924301                    3300.000000                   1.000000e+30                   5.000000e+10                      22.000000
                 -93584.372951                    3300.000000                   1.000000e+30                   5.000000e+10                      22.000000
                 -88078.821601                    3300.000000                   1.000000e+30                   5.000000e+10                      22.000000
                 -82573.270250                    3300.000000                   1.000000e+30                   5.000000e+10                      22.000000
                 -77067.718900                    3300.000000                   1.000000e+30                   5.000000e+10                      22.000000
                 -71562.167550                    3300.000000                   1.000000e+30                   5.000000e+10                      22.000000
                 -66056.616200                    3300.000000                   1.000000e+30                   5.000000e+10                      22.000000
                 -60551.064850                    3300.000000                   1.000000e+30                   5.000000e+10                      22.000000
                 -55045.513500                    3300.000000                   1.000000e+30                   5.000000e+10                      22.000000
                 -49539.962150                    3300.000000                   1.000000e+30                   5.000000e+10                      22.000000
                 -44034.410800                    3300.000000                   1.000000e+30                   5.000000e+10                      22.000000
                 -38528.859450                    3300.000000                   1.000000e+30                   5.000000e+10                      22.000000
                 -33023.308100                    3300.000000                   1.000000e+30                   5.000000e+10                      22.000000
                 -27517.756750                    3300.000000                   1.000000e+30                   5.000000e+10                      22.000000
                 -22012.205400                    3300.000000                   1.000000e+30                   5.000000e+10                      22.000000
                 -16506.654050                    3300.000000                   1.000000e+30                   5.000000e+10                      22.000000
                 -11001.102700                    3300.000000                   1.000000e+30                   5.000000e+10                      22.000000
                  -5495.551350                    3300.000000                   1.000000e+30                   5.000000e+10                      22.000000
                     10.000000                    3300.000000                   1.000000e+30                   5.000000e+10                      22.000000
