                   #Radius (m)               Density (kg/m^3)              Bulk modulus (Pa)             Shear modulus (Pa)               Viscosity (Pa.s)
                2575000.000000                     930.000000                   1.000000e+30                   3.500000e+09                      24.000000
                2574999.710145                     930.000000                   1.000000e+30                   3.500000e+09                      24.000000
                2574999.420290                     930.000000                   1.000000e+30                   3.500000e+09                      24.000000
                2574999.130435                     930.000000                   1.000000e+30                   3.500000e+09                      24.000000
                2574998.840580                     930.000000                   1.000000e+30                   3.500000e+09                      24.000000
                2574998.550725                     930.000000                   1.000000e+30                   3.500000e+09                      24.000000
                2574998.260870                     930.000000                   1.000000e+30                   3.500000e+09                      24.000000
                2574997.971014                     930.000000                   1.000000e+30                   3.500000e+09                      24.000000
                2574997.681159                     930.000000                   1.000000e+30                   3.500000e+09                      24.000000
                2574997.391304                     930.000000                   1.000000e+30                   3.500000e+09                      24.000000
                2574997.101449                     930.000000                   1.000000e+30                   3.500000e+09                      24.000000
                2574996.811594                     930.000000                   1.000000e+30                   3.500000e+09                      24.000000
                2574996.521739                     930.000000                   1.000000e+30                   3.500000e+09                      24.000000
                2574996.231884                     930.000000                   1.000000e+30                   3.500000e+09                      24.000000
                2574995.942029                     930.000000                   1.000000e+30                   3.500000e+09                      24.000000
                2574995.652174                     930.000000                   1.000000e+30                   3.500000e+09                      24.000000
                2574995.362319                     930.000000                   1.000000e+30                   3.500000e+09                      24.000000
                2574995.072464                     930.000000                   1.000000e+30                   3.500000e+09                      24.000000
                2574994.782609                     930.000000                   1.000000e+30                   3.500000e+09                      24.000000
                2574994.492754                     930.000000                   1.000000e+30                   3.500000e+09                      24.000000
                2574994.202899                     930.000000                   1.000000e+30                   3.500000e+09                      24.000000
                2574993.913043                     930.000000                   1.000000e+30                   3.500000e+09                      24.000000
                2574993.623188                     930.000000                   1.000000e+30                   3.500000e+09                      24.000000
                2574993.333333                     930.000000                   1.000000e+30                   3.500000e+09                      24.000000
                2574993.043478                     930.000000                   1.000000e+30                   3.500000e+09                      24.000000
                2574992.753623                     930.000000                   1.000000e+30                   3.500000e+09                      24.000000
                2574992.463768                     930.000000                   1.000000e+30                   3.500000e+09                      24.000000
                2574992.173913                     930.000000                   1.000000e+30                   3.500000e+09                      24.000000
                2574991.884058                     930.000000                   1.000000e+30                   3.500000e+09                      24.000000
                2574991.594203                     930.000000                   1.000000e+30                   3.500000e+09                      24.000000
                2574991.304348                     930.000000                   1.000000e+30                   3.500000e+09                      24.000000
                2574991.014493                     930.000000                   1.000000e+30                   3.500000e+09                      24.000000
                2574990.724638                     930.000000                   1.000000e+30                   3.500000e+09                      24.000000
                2574990.434783                     930.000000                   1.000000e+30                   3.500000e+09                      24.000000
                2574990.144928                     930.000000                   1.000000e+30                   3.500000e+09                      24.000000
                2574989.855072                     930.000000                   1.000000e+30                   3.500000e+09                      24.000000
                2574989.565217                     930.000000                   1.000000e+30                   3.500000e+09                      24.000000
                2574989.275362                     930.000000                   1.000000e+30                   3.500000e+09                      24.000000
                2574988.985507                     930.000000                   1.000000e+30                   3.500000e+09                      24.000000
                2574988.695652                     930.000000                   1.000000e+30                   3.500000e+09                      24.000000
                2574988.405797                     930.000000                   1.000000e+30                   3.500000e+09                      24.000000
                2574988.115942                     930.000000                   1.000000e+30                   3.500000e+09                      24.000000
                2574987.826087                     930.000000                   1.000000e+30                   3.500000e+09                      24.000000
                2574987.536232                     930.000000                   1.000000e+30                   3.500000e+09                      24.000000
                2574987.246377                     930.000000                   1.000000e+30                   3.500000e+09                      24.000000
                2574986.956522                     930.000000                   1.000000e+30                   3.500000e+09                      24.000000
                2574986.666667                     930.000000                   1.000000e+30                   3.500000e+09                      24.000000
                2574986.376812                     930.000000                   1.000000e+30                   3.500000e+09                      24.000000
                2574986.086957                     930.000000                   1.000000e+30                   3.500000e+09                      24.000000
                2574985.797101                     930.000000                   1.000000e+30                   3.500000e+09                      24.000000
                2574985.507246                     930.000000                   1.000000e+30                   3.500000e+09                      24.000000
                2574985.217391                     930.000000                   1.000000e+30                   3.500000e+09                      24.000000
                2574984.927536                     930.000000                   1.000000e+30                   3.500000e+09                      24.000000
                2574984.637681                     930.000000                   1.000000e+30                   3.500000e+09                      24.000000
                2574984.347826                     930.000000                   1.000000e+30                   3.500000e+09                      24.000000
                2574984.057971                     930.000000                   1.000000e+30                   3.500000e+09                      24.000000
                2574983.768116                     930.000000                   1.000000e+30                   3.500000e+09                      24.000000
                2574983.478261                     930.000000                   1.000000e+30                   3.500000e+09                      24.000000
                2574983.188406                     930.000000                   1.000000e+30                   3.500000e+09                      24.000000
                2574982.898551                     930.000000                   1.000000e+30                   3.500000e+09                      24.000000
                2574982.608696                     930.000000                   1.000000e+30                   3.500000e+09                      24.000000
                2574982.318841                     930.000000                   1.000000e+30                   3.500000e+09                      24.000000
                2574982.028986                     930.000000                   1.000000e+30                   3.500000e+09                      24.000000
                2574981.739130                     930.000000                   1.000000e+30                   3.500000e+09                      24.000000
                2574981.449275                     930.000000                   1.000000e+30                   3.500000e+09                      24.000000
                2574981.159420                     930.000000                   1.000000e+30                   3.500000e+09                      24.000000
                2574980.869565                     930.000000                   1.000000e+30                   3.500000e+09                      24.000000
                2574980.579710                     930.000000                   1.000000e+30                   3.500000e+09                      24.000000
                2574980.289855                     930.000000                   1.000000e+30                   3.500000e+09                      24.000000
                2574980.000000                     930.000000                   1.000000e+30                   3.500000e+09                      24.000000
                2574980.000000                     930.000000                   1.000000e+30                   3.500000e+09                      15.000000
                2573685.581395                     930.000000                   1.000000e+30                   3.500000e+09                      15.000000
                2572391.162791                     930.000000                   1.000000e+30                   3.500000e+09                      15.000000
                2571096.744186                     930.000000                   1.000000e+30                   3.500000e+09                      15.000000
                2569802.325581                     930.000000                   1.000000e+30                   3.500000e+09                      15.000000
                2568507.906977                     930.000000                   1.000000e+30                   3.500000e+09                      15.000000
                2567213.488372                     930.000000                   1.000000e+30                   3.500000e+09                      15.000000
                2565919.069767                     930.000000                   1.000000e+30                   3.500000e+09                      15.000000
                2564624.651163                     930.000000                   1.000000e+30                   3.500000e+09                      15.000000
                2563330.232558                     930.000000                   1.000000e+30                   3.500000e+09                      15.000000
                2562035.813953                     930.000000                   1.000000e+30                   3.500000e+09                      15.000000
                2560741.395349                     930.000000                   1.000000e+30                   3.500000e+09                      15.000000
                2559446.976744                     930.000000                   1.000000e+30                   3.500000e+09                      15.000000
                2558152.558140                     930.000000                   1.000000e+30                   3.500000e+09                      15.000000
                2556858.139535                     930.000000                   1.000000e+30                   3.500000e+09                      15.000000
                2555563.720930                     930.000000                   1.000000e+30                   3.500000e+09                      15.000000
                2554269.302326                     930.000000                   1.000000e+30                   3.500000e+09                      15.000000
                2552974.883721                     930.000000                   1.000000e+30                   3.500000e+09                      15.000000
                2551680.465116                     930.000000                   1.000000e+30                   3.500000e+09                      15.000000
                2550386.046512                     930.000000                   1.000000e+30                   3.500000e+09                      15.000000
                2549091.627907                     930.000000                   1.000000e+30                   3.500000e+09                      15.000000
                2547797.209302                     930.000000                   1.000000e+30                   3.500000e+09                      15.000000
                2546502.790698                     930.000000                   1.000000e+30                   3.500000e+09                      15.000000
                2545208.372093                     930.000000                   1.000000e+30                   3.500000e+09                      15.000000
                2543913.953488                     930.000000                   1.000000e+30                   3.500000e+09                      15.000000
                2542619.534884                     930.000000                   1.000000e+30                   3.500000e+09                      15.000000
                2541325.116279                     930.000000                   1.000000e+30                   3.500000e+09                      15.000000
                2540030.697674                     930.000000                   1.000000e+30                   3.500000e+09                      15.000000
                2538736.279070                     930.000000                   1.000000e+30                   3.500000e+09                      15.000000
                2537441.860465                     930.000000                   1.000000e+30                   3.500000e+09                      15.000000
                2536147.441860                     930.000000                   1.000000e+30                   3.500000e+09                      15.000000
                2534853.023256                     930.000000                   1.000000e+30                   3.500000e+09                      15.000000
                2533558.604651                     930.000000                   1.000000e+30                   3.500000e+09                      15.000000
                2532264.186047                     930.000000                   1.000000e+30                   3.500000e+09                      15.000000
                2530969.767442                     930.000000                   1.000000e+30                   3.500000e+09                      15.000000
                2529675.348837                     930.000000                   1.000000e+30                   3.500000e+09                      15.000000
                2528380.930233                     930.000000                   1.000000e+30                   3.500000e+09                      15.000000
                2527086.511628                     930.000000                   1.000000e+30                   3.500000e+09                      15.000000
                2525792.093023                     930.000000                   1.000000e+30                   3.500000e+09                      15.000000
                2524497.674419                     930.000000                   1.000000e+30                   3.500000e+09                      15.000000
                2523203.255814                     930.000000                   1.000000e+30                   3.500000e+09                      15.000000
                2521908.837209                     930.000000                   1.000000e+30                   3.500000e+09                      15.000000
                2520614.418605                     930.000000                   1.000000e+30                   3.500000e+09                      15.000000
                2519320.000000                     930.000000                   1.000000e+30                   3.500000e+09                      15.000000
                2518025.581395                     930.000000                   1.000000e+30                   3.500000e+09                      15.000000
                2516731.162791                     930.000000                   1.000000e+30                   3.500000e+09                      15.000000
                2515436.744186                     930.000000                   1.000000e+30                   3.500000e+09                      15.000000
                2514142.325581                     930.000000                   1.000000e+30                   3.500000e+09                      15.000000
                2512847.906977                     930.000000                   1.000000e+30                   3.500000e+09                      15.000000
                2511553.488372                     930.000000                   1.000000e+30                   3.500000e+09                      15.000000
                2510259.069767                     930.000000                   1.000000e+30                   3.500000e+09                      15.000000
                2508964.651163                     930.000000                   1.000000e+30                   3.500000e+09                      15.000000
                2507670.232558                     930.000000                   1.000000e+30                   3.500000e+09                      15.000000
                2506375.813953                     930.000000                   1.000000e+30                   3.500000e+09                      15.000000
                2505081.395349                     930.000000                   1.000000e+30                   3.500000e+09                      15.000000
                2503786.976744                     930.000000                   1.000000e+30                   3.500000e+09                      15.000000
                2502492.558140                     930.000000                   1.000000e+30                   3.500000e+09                      15.000000
                2501198.139535                     930.000000                   1.000000e+30                   3.500000e+09                      15.000000
                2499903.720930                     930.000000                   1.000000e+30                   3.500000e+09                      15.000000
                2498609.302326                     930.000000                   1.000000e+30                   3.500000e+09                      15.000000
                2497314.883721                     930.000000                   1.000000e+30                   3.500000e+09                      15.000000
                2496020.465116                     930.000000                   1.000000e+30                   3.500000e+09                      15.000000
                2494726.046512                     930.000000                   1.000000e+30                   3.500000e+09                      15.000000
                2493431.627907                     930.000000                   1.000000e+30                   3.500000e+09                      15.000000
                2492137.209302                     930.000000                   1.000000e+30                   3.500000e+09                      15.000000
                2490842.790698                     930.000000                   1.000000e+30                   3.500000e+09                      15.000000
                2489548.372093                     930.000000                   1.000000e+30                   3.500000e+09                      15.000000
                2488253.953488                     930.000000                   1.000000e+30                   3.500000e+09                      15.000000
                2486959.534884                     930.000000                   1.000000e+30                   3.500000e+09                      15.000000
                2485665.116279                     930.000000                   1.000000e+30                   3.500000e+09                      15.000000
                2484370.697674                     930.000000                   1.000000e+30                   3.500000e+09                      15.000000
                2483076.279070                     930.000000                   1.000000e+30                   3.500000e+09                      15.000000
                2481781.860465                     930.000000                   1.000000e+30                   3.500000e+09                      15.000000
                2480487.441860                     930.000000                   1.000000e+30                   3.500000e+09                      15.000000
                2479193.023256                     930.000000                   1.000000e+30                   3.500000e+09                      15.000000
                2477898.604651                     930.000000                   1.000000e+30                   3.500000e+09                      15.000000
                2476604.186047                     930.000000                   1.000000e+30                   3.500000e+09                      15.000000
                2475309.767442                     930.000000                   1.000000e+30                   3.500000e+09                      15.000000
                2474015.348837                     930.000000                   1.000000e+30                   3.500000e+09                      15.000000
                2472720.930233                     930.000000                   1.000000e+30                   3.500000e+09                      15.000000
                2471426.511628                     930.000000                   1.000000e+30                   3.500000e+09                      15.000000
                2470132.093023                     930.000000                   1.000000e+30                   3.500000e+09                      15.000000
                2468837.674419                     930.000000                   1.000000e+30                   3.500000e+09                      15.000000
                2467543.255814                     930.000000                   1.000000e+30                   3.500000e+09                      15.000000
                2466248.837209                     930.000000                   1.000000e+30                   3.500000e+09                      15.000000
                2464954.418605                     930.000000                   1.000000e+30                   3.500000e+09                      15.000000
                2463660.000000                     930.000000                   1.000000e+30                   3.500000e+09                      15.000000
                2462365.581395                     930.000000                   1.000000e+30                   3.500000e+09                      15.000000
                2461071.162791                     930.000000                   1.000000e+30                   3.500000e+09                      15.000000
                2459776.744186                     930.000000                   1.000000e+30                   3.500000e+09                      15.000000
                2458482.325581                     930.000000                   1.000000e+30                   3.500000e+09                      15.000000
                2457187.906977                     930.000000                   1.000000e+30                   3.500000e+09                      15.000000
                2455893.488372                     930.000000                   1.000000e+30                   3.500000e+09                      15.000000
                2454599.069767                     930.000000                   1.000000e+30                   3.500000e+09                      15.000000
                2453304.651163                     930.000000                   1.000000e+30                   3.500000e+09                      15.000000
                2452010.232558                     930.000000                   1.000000e+30                   3.500000e+09                      15.000000
                2450715.813953                     930.000000                   1.000000e+30                   3.500000e+09                      15.000000
                2449421.395349                     930.000000                   1.000000e+30                   3.500000e+09                      15.000000
                2448126.976744                     930.000000                   1.000000e+30                   3.500000e+09                      15.000000
                2446832.558140                     930.000000                   1.000000e+30                   3.500000e+09                      15.000000
                2445538.139535                     930.000000                   1.000000e+30                   3.500000e+09                      15.000000
                2444243.720930                     930.000000                   1.000000e+30                   3.500000e+09                      15.000000
                2442949.302326                     930.000000                   1.000000e+30                   3.500000e+09                      15.000000
                2441654.883721                     930.000000                   1.000000e+30                   3.500000e+09                      15.000000
                2440360.465116                     930.000000                   1.000000e+30                   3.500000e+09                      15.000000
                2439066.046512                     930.000000                   1.000000e+30                   3.500000e+09                      15.000000
                2437771.627907                     930.000000                   1.000000e+30                   3.500000e+09                      15.000000
                2436477.209302                     930.000000                   1.000000e+30                   3.500000e+09                      15.000000
                2435182.790698                     930.000000                   1.000000e+30                   3.500000e+09                      15.000000
                2433888.372093                     930.000000                   1.000000e+30                   3.500000e+09                      15.000000
                2432593.953488                     930.000000                   1.000000e+30                   3.500000e+09                      15.000000
                2431299.534884                     930.000000                   1.000000e+30                   3.500000e+09                      15.000000
                2430005.116279                     930.000000                   1.000000e+30                   3.500000e+09                      15.000000
                2428710.697674                     930.000000                   1.000000e+30                   3.500000e+09                      15.000000
                2427416.279070                     930.000000                   1.000000e+30                   3.500000e+09                      15.000000
                2426121.860465                     930.000000                   1.000000e+30                   3.500000e+09                      15.000000
                2424827.441860                     930.000000                   1.000000e+30                   3.500000e+09                      15.000000
                2423533.023256                     930.000000                   1.000000e+30                   3.500000e+09                      15.000000
                2422238.604651                     930.000000                   1.000000e+30                   3.500000e+09                      15.000000
                2420944.186047                     930.000000                   1.000000e+30                   3.500000e+09                      15.000000
                2419649.767442                     930.000000                   1.000000e+30                   3.500000e+09                      15.000000
                2418355.348837                     930.000000                   1.000000e+30                   3.500000e+09                      15.000000
                2417060.930233                     930.000000                   1.000000e+30                   3.500000e+09                      15.000000
                2415766.511628                     930.000000                   1.000000e+30                   3.500000e+09                      15.000000
                2414472.093023                     930.000000                   1.000000e+30                   3.500000e+09                      15.000000
                2413177.674419                     930.000000                   1.000000e+30                   3.500000e+09                      15.000000
                2411883.255814                     930.000000                   1.000000e+30                   3.500000e+09                      15.000000
                2410588.837209                     930.000000                   1.000000e+30                   3.500000e+09                      15.000000
                2409294.418605                     930.000000                   1.000000e+30                   3.500000e+09                      15.000000
                2408000.000000                     930.000000                   1.000000e+30                   3.500000e+09                      15.000000
                2408000.000000                    1100.000000                   1.000000e+30                   0.000000e+00                       2.000000
                2407995.351231                    1100.000000                   1.000000e+30                   0.000000e+00                       2.000000
                2407987.089305                    1100.000000                   1.000000e+30                   0.000000e+00                       2.000000
                2407974.702541                    1100.000000                   1.000000e+30                   0.000000e+00                       2.000000
                2407958.198285                    1100.000000                   1.000000e+30                   0.000000e+00                       2.000000
                2407937.586325                    1100.000000                   1.000000e+30                   0.000000e+00                       2.000000
                2407912.878886                    1100.000000                   1.000000e+30                   0.000000e+00                       2.000000
                2407884.090620                    1100.000000                   1.000000e+30                   0.000000e+00                       2.000000
                2407851.238601                    1100.000000                   1.000000e+30                   0.000000e+00                       2.000000
                2407814.342312                    1100.000000                   1.000000e+30                   0.000000e+00                       2.000000
                2407773.423634                    1100.000000                   1.000000e+30                   0.000000e+00                       2.000000
                2407728.506835                    1100.000000                   1.000000e+30                   0.000000e+00                       2.000000
                2407679.618552                    1100.000000                   1.000000e+30                   0.000000e+00                       2.000000
                2407626.787781                    1100.000000                   1.000000e+30                   0.000000e+00                       2.000000
                2407570.045852                    1100.000000                   1.000000e+30                   0.000000e+00                       2.000000
                2407509.426418                    1100.000000                   1.000000e+30                   0.000000e+00                       2.000000
                2407444.965428                    1100.000000                   1.000000e+30                   0.000000e+00                       2.000000
                2407376.701113                    1100.000000                   1.000000e+30                   0.000000e+00                       2.000000
                2407304.673956                    1100.000000                   1.000000e+30                   0.000000e+00                       2.000000
                2407228.926676                    1100.000000                   1.000000e+30                   0.000000e+00                       2.000000
                2407149.504193                    1100.000000                   1.000000e+30                   0.000000e+00                       2.000000
                2407066.453611                    1100.000000                   1.000000e+30                   0.000000e+00                       2.000000
                2406979.824184                    1100.000000                   1.000000e+30                   0.000000e+00                       2.000000
                2406889.667288                    1100.000000                   1.000000e+30                   0.000000e+00                       2.000000
                2406796.036391                    1100.000000                   1.000000e+30                   0.000000e+00                       2.000000
                2406698.987023                    1100.000000                   1.000000e+30                   0.000000e+00                       2.000000
                2406598.576739                    1100.000000                   1.000000e+30                   0.000000e+00                       2.000000
                2406494.865089                    1100.000000                   1.000000e+30                   0.000000e+00                       2.000000
                2406387.913580                    1100.000000                   1.000000e+30                   0.000000e+00                       2.000000
                2406277.785641                    1100.000000                   1.000000e+30                   0.000000e+00                       2.000000
                2406164.546584                    1100.000000                   1.000000e+30                   0.000000e+00                       2.000000
                2406048.263567                    1100.000000                   1.000000e+30                   0.000000e+00                       2.000000
                2405929.005553                    1100.000000                   1.000000e+30                   0.000000e+00                       2.000000
                2405806.843268                    1100.000000                   1.000000e+30                   0.000000e+00                       2.000000
                2405681.849163                    1100.000000                   1.000000e+30                   0.000000e+00                       2.000000
                2405554.097367                    1100.000000                   1.000000e+30                   0.000000e+00                       2.000000
                2405423.663643                    1100.000000                   1.000000e+30                   0.000000e+00                       2.000000
                2405290.625348                    1100.000000                   1.000000e+30                   0.000000e+00                       2.000000
                2405155.061381                    1100.000000                   1.000000e+30                   0.000000e+00                       2.000000
                2405017.052139                    1100.000000                   1.000000e+30                   0.000000e+00                       2.000000
                2404876.679470                    1100.000000                   1.000000e+30                   0.000000e+00                       2.000000
                2404734.026624                    1100.000000                   1.000000e+30                   0.000000e+00                       2.000000
                2404589.178203                    1100.000000                   1.000000e+30                   0.000000e+00                       2.000000
                2404442.220110                    1100.000000                   1.000000e+30                   0.000000e+00                       2.000000
                2404293.239500                    1100.000000                   1.000000e+30                   0.000000e+00                       2.000000
                2404142.324728                    1100.000000                   1.000000e+30                   0.000000e+00                       2.000000
                2403989.565295                    1100.000000                   1.000000e+30                   0.000000e+00                       2.000000
                2403835.051798                    1100.000000                   1.000000e+30                   0.000000e+00                       2.000000
                2403678.875871                    1100.000000                   1.000000e+30                   0.000000e+00                       2.000000
                2403521.130136                    1100.000000                   1.000000e+30                   0.000000e+00                       2.000000
                2403361.908147                    1100.000000                   1.000000e+30                   0.000000e+00                       2.000000
                2403201.304332                    1100.000000                   1.000000e+30                   0.000000e+00                       2.000000
                2403039.413937                    1100.000000                   1.000000e+30                   0.000000e+00                       2.000000
                2402876.332975                    1100.000000                   1.000000e+30                   0.000000e+00                       2.000000
                2402712.158161                    1100.000000                   1.000000e+30                   0.000000e+00                       2.000000
                2402546.986862                    1100.000000                   1.000000e+30                   0.000000e+00                       2.000000
                2402380.917033                    1100.000000                   1.000000e+30                   0.000000e+00                       2.000000
                2402214.047166                    1100.000000                   1.000000e+30                   0.000000e+00                       2.000000
                2402046.476222                    1100.000000                   1.000000e+30                   0.000000e+00                       2.000000
                2401878.303582                    1100.000000                   1.000000e+30                   0.000000e+00                       2.000000
                2401709.628983                    1100.000000                   1.000000e+30                   0.000000e+00                       2.000000
                2401540.552459                    1100.000000                   1.000000e+30                   0.000000e+00                       2.000000
                2401371.174281                    1100.000000                   1.000000e+30                   0.000000e+00                       2.000000
                2401201.594903                    1100.000000                   1.000000e+30                   0.000000e+00                       2.000000
                2401031.914894                    1100.000000                   1.000000e+30                   0.000000e+00                       2.000000
                2400862.234885                    1100.000000                   1.000000e+30                   0.000000e+00                       2.000000
                2400692.655506                    1100.000000                   1.000000e+30                   0.000000e+00                       2.000000
                2400523.277329                    1100.000000                   1.000000e+30                   0.000000e+00                       2.000000
                2400354.200804                    1100.000000                   1.000000e+30                   0.000000e+00                       2.000000
                2400185.526205                    1100.000000                   1.000000e+30                   0.000000e+00                       2.000000
                2400017.353565                    1100.000000                   1.000000e+30                   0.000000e+00                       2.000000
                2399849.782622                    1100.000000                   1.000000e+30                   0.000000e+00                       2.000000
                2399682.912754                    1100.000000                   1.000000e+30                   0.000000e+00                       2.000000
                2399516.842925                    1100.000000                   1.000000e+30                   0.000000e+00                       2.000000
                2399351.671626                    1100.000000                   1.000000e+30                   0.000000e+00                       2.000000
                2399187.496813                    1100.000000                   1.000000e+30                   0.000000e+00                       2.000000
                2399024.415850                    1100.000000                   1.000000e+30                   0.000000e+00                       2.000000
                2398862.525456                    1100.000000                   1.000000e+30                   0.000000e+00                       2.000000
                2398701.921640                    1100.000000                   1.000000e+30                   0.000000e+00                       2.000000
                2398542.699651                    1100.000000                   1.000000e+30                   0.000000e+00                       2.000000
                2398384.953916                    1100.000000                   1.000000e+30                   0.000000e+00                       2.000000
                2398228.777990                    1100.000000                   1.000000e+30                   0.000000e+00                       2.000000
                2398074.264492                    1100.000000                   1.000000e+30                   0.000000e+00                       2.000000
                2397921.505059                    1100.000000                   1.000000e+30                   0.000000e+00                       2.000000
                2397770.590287                    1100.000000                   1.000000e+30                   0.000000e+00                       2.000000
                2397621.609677                    1100.000000                   1.000000e+30                   0.000000e+00                       2.000000
                2397474.651584                    1100.000000                   1.000000e+30                   0.000000e+00                       2.000000
                2397329.803163                    1100.000000                   1.000000e+30                   0.000000e+00                       2.000000
                2397187.150317                    1100.000000                   1.000000e+30                   0.000000e+00                       2.000000
                2397046.777648                    1100.000000                   1.000000e+30                   0.000000e+00                       2.000000
                2396908.768406                    1100.000000                   1.000000e+30                   0.000000e+00                       2.000000
                2396773.204439                    1100.000000                   1.000000e+30                   0.000000e+00                       2.000000
                2396640.166144                    1100.000000                   1.000000e+30                   0.000000e+00                       2.000000
                2396509.732420                    1100.000000                   1.000000e+30                   0.000000e+00                       2.000000
                2396381.980624                    1100.000000                   1.000000e+30                   0.000000e+00                       2.000000
                2396256.986519                    1100.000000                   1.000000e+30                   0.000000e+00                       2.000000
                2396134.824234                    1100.000000                   1.000000e+30                   0.000000e+00                       2.000000
                2396015.566220                    1100.000000                   1.000000e+30                   0.000000e+00                       2.000000
                2395899.283203                    1100.000000                   1.000000e+30                   0.000000e+00                       2.000000
                2395786.044146                    1100.000000                   1.000000e+30                   0.000000e+00                       2.000000
                2395675.916207                    1100.000000                   1.000000e+30                   0.000000e+00                       2.000000
                2395568.964698                    1100.000000                   1.000000e+30                   0.000000e+00                       2.000000
                2395465.253048                    1100.000000                   1.000000e+30                   0.000000e+00                       2.000000
                2395364.842764                    1100.000000                   1.000000e+30                   0.000000e+00                       2.000000
                2395267.793396                    1100.000000                   1.000000e+30                   0.000000e+00                       2.000000
                2395174.162499                    1100.000000                   1.000000e+30                   0.000000e+00                       2.000000
                2395084.005603                    1100.000000                   1.000000e+30                   0.000000e+00                       2.000000
                2394997.376176                    1100.000000                   1.000000e+30                   0.000000e+00                       2.000000
                2394914.325594                    1100.000000                   1.000000e+30                   0.000000e+00                       2.000000
                2394834.903112                    1100.000000                   1.000000e+30                   0.000000e+00                       2.000000
                2394759.155831                    1100.000000                   1.000000e+30                   0.000000e+00                       2.000000
                2394687.128675                    1100.000000                   1.000000e+30                   0.000000e+00                       2.000000
                2394618.864359                    1100.000000                   1.000000e+30                   0.000000e+00                       2.000000
                2394554.403370                    1100.000000                   1.000000e+30                   0.000000e+00                       2.000000
                2394493.783935                    1100.000000                   1.000000e+30                   0.000000e+00                       2.000000
                2394437.042006                    1100.000000                   1.000000e+30                   0.000000e+00                       2.000000
                2394384.211235                    1100.000000                   1.000000e+30                   0.000000e+00                       2.000000
                2394335.322953                    1100.000000                   1.000000e+30                   0.000000e+00                       2.000000
                2394290.406153                    1100.000000                   1.000000e+30                   0.000000e+00                       2.000000
                2394249.487475                    1100.000000                   1.000000e+30                   0.000000e+00                       2.000000
                2394212.591186                    1100.000000                   1.000000e+30                   0.000000e+00                       2.000000
                2394179.739167                    1100.000000                   1.000000e+30                   0.000000e+00                       2.000000
                2394150.950901                    1100.000000                   1.000000e+30                   0.000000e+00                       2.000000
                2394126.243462                    1100.000000                   1.000000e+30                   0.000000e+00                       2.000000
                2394105.631502                    1100.000000                   1.000000e+30                   0.000000e+00                       2.000000
                2394089.127247                    1100.000000                   1.000000e+30                   0.000000e+00                       2.000000
                2394076.740483                    1100.000000                   1.000000e+30                   0.000000e+00                       2.000000
                2394068.478557                    1100.000000                   1.000000e+30                   0.000000e+00                       2.000000
                2394064.346368                    1100.000000                   1.000000e+30                   0.000000e+00                       2.000000
                2394063.829787                    1100.000000                   1.000000e+30                   0.000000e+00                       2.000000
                2394063.829787                    1250.000000                   1.000000e+30                   6.000000e+09                      15.000000
                2391009.071417                    1250.000000                   1.000000e+30                   6.000000e+09                      15.000000
                2387954.313046                    1250.000000                   1.000000e+30                   6.000000e+09                      15.000000
                2384899.554676                    1250.000000                   1.000000e+30                   6.000000e+09                      15.000000
                2381844.796305                    1250.000000                   1.000000e+30                   6.000000e+09                      15.000000
                2378790.037935                    1250.000000                   1.000000e+30                   6.000000e+09                      15.000000
                2375735.279565                    1250.000000                   1.000000e+30                   6.000000e+09                      15.000000
                2372680.521194                    1250.000000                   1.000000e+30                   6.000000e+09                      15.000000
                2369625.762824                    1250.000000                   1.000000e+30                   6.000000e+09                      15.000000
                2366571.004453                    1250.000000                   1.000000e+30                   6.000000e+09                      15.000000
                2363516.246083                    1250.000000                   1.000000e+30                   6.000000e+09                      15.000000
                2360461.487712                    1250.000000                   1.000000e+30                   6.000000e+09                      15.000000
                2357406.729342                    1250.000000                   1.000000e+30                   6.000000e+09                      15.000000
                2354351.970971                    1250.000000                   1.000000e+30                   6.000000e+09                      15.000000
                2351297.212601                    1250.000000                   1.000000e+30                   6.000000e+09                      15.000000
                2348242.454231                    1250.000000                   1.000000e+30                   6.000000e+09                      15.000000
                2345187.695860                    1250.000000                   1.000000e+30                   6.000000e+09                      15.000000
                2342132.937490                    1250.000000                   1.000000e+30                   6.000000e+09                      15.000000
                2339078.179119                    1250.000000                   1.000000e+30                   6.000000e+09                      15.000000
                2336023.420749                    1250.000000                   1.000000e+30                   6.000000e+09                      15.000000
                2332968.662378                    1250.000000                   1.000000e+30                   6.000000e+09                      15.000000
                2329913.904008                    1250.000000                   1.000000e+30                   6.000000e+09                      15.000000
                2326859.145637                    1250.000000                   1.000000e+30                   6.000000e+09                      15.000000
                2323804.387267                    1250.000000                   1.000000e+30                   6.000000e+09                      15.000000
                2320749.628897                    1250.000000                   1.000000e+30                   6.000000e+09                      15.000000
                2317694.870526                    1250.000000                   1.000000e+30                   6.000000e+09                      15.000000
                2314640.112156                    1250.000000                   1.000000e+30                   6.000000e+09                      15.000000
                2311585.353785                    1250.000000                   1.000000e+30                   6.000000e+09                      15.000000
                2308530.595415                    1250.000000                   1.000000e+30                   6.000000e+09                      15.000000
                2305475.837044                    1250.000000                   1.000000e+30                   6.000000e+09                      15.000000
                2302421.078674                    1250.000000                   1.000000e+30                   6.000000e+09                      15.000000
                2299366.320303                    1250.000000                   1.000000e+30                   6.000000e+09                      15.000000
                2296311.561933                    1250.000000                   1.000000e+30                   6.000000e+09                      15.000000
                2293256.803563                    1250.000000                   1.000000e+30                   6.000000e+09                      15.000000
                2290202.045192                    1250.000000                   1.000000e+30                   6.000000e+09                      15.000000
                2287147.286822                    1250.000000                   1.000000e+30                   6.000000e+09                      15.000000
                2284092.528451                    1250.000000                   1.000000e+30                   6.000000e+09                      15.000000
                2281037.770081                    1250.000000                   1.000000e+30                   6.000000e+09                      15.000000
                2277983.011710                    1250.000000                   1.000000e+30                   6.000000e+09                      15.000000
                2274928.253340                    1250.000000                   1.000000e+30                   6.000000e+09                      15.000000
                2271873.494969                    1250.000000                   1.000000e+30                   6.000000e+09                      15.000000
                2268818.736599                    1250.000000                   1.000000e+30                   6.000000e+09                      15.000000
                2265763.978229                    1250.000000                   1.000000e+30                   6.000000e+09                      15.000000
                2262709.219858                    1250.000000                   1.000000e+30                   6.000000e+09                      15.000000
                2259654.461488                    1250.000000                   1.000000e+30                   6.000000e+09                      15.000000
                2256599.703117                    1250.000000                   1.000000e+30                   6.000000e+09                      15.000000
                2253544.944747                    1250.000000                   1.000000e+30                   6.000000e+09                      15.000000
                2250490.186376                    1250.000000                   1.000000e+30                   6.000000e+09                      15.000000
                2247435.428006                    1250.000000                   1.000000e+30                   6.000000e+09                      15.000000
                2244380.669635                    1250.000000                   1.000000e+30                   6.000000e+09                      15.000000
                2241325.911265                    1250.000000                   1.000000e+30                   6.000000e+09                      15.000000
                2238271.152895                    1250.000000                   1.000000e+30                   6.000000e+09                      15.000000
                2235216.394524                    1250.000000                   1.000000e+30                   6.000000e+09                      15.000000
                2232161.636154                    1250.000000                   1.000000e+30                   6.000000e+09                      15.000000
                2229106.877783                    1250.000000                   1.000000e+30                   6.000000e+09                      15.000000
                2226052.119413                    1250.000000                   1.000000e+30                   6.000000e+09                      15.000000
                2222997.361042                    1250.000000                   1.000000e+30                   6.000000e+09                      15.000000
                2219942.602672                    1250.000000                   1.000000e+30                   6.000000e+09                      15.000000
                2216887.844302                    1250.000000                   1.000000e+30                   6.000000e+09                      15.000000
                2213833.085931                    1250.000000                   1.000000e+30                   6.000000e+09                      15.000000
                2210778.327561                    1250.000000                   1.000000e+30                   6.000000e+09                      15.000000
                2207723.569190                    1250.000000                   1.000000e+30                   6.000000e+09                      15.000000
                2204668.810820                    1250.000000                   1.000000e+30                   6.000000e+09                      15.000000
                2201614.052449                    1250.000000                   1.000000e+30                   6.000000e+09                      15.000000
                2198559.294079                    1250.000000                   1.000000e+30                   6.000000e+09                      15.000000
                2195504.535708                    1250.000000                   1.000000e+30                   6.000000e+09                      15.000000
                2192449.777338                    1250.000000                   1.000000e+30                   6.000000e+09                      15.000000
                2189395.018968                    1250.000000                   1.000000e+30                   6.000000e+09                      15.000000
                2186340.260597                    1250.000000                   1.000000e+30                   6.000000e+09                      15.000000
                2183285.502227                    1250.000000                   1.000000e+30                   6.000000e+09                      15.000000
                2180230.743856                    1250.000000                   1.000000e+30                   6.000000e+09                      15.000000
                2177175.985486                    1250.000000                   1.000000e+30                   6.000000e+09                      15.000000
                2174121.227115                    1250.000000                   1.000000e+30                   6.000000e+09                      15.000000
                2171066.468745                    1250.000000                   1.000000e+30                   6.000000e+09                      15.000000
                2168011.710374                    1250.000000                   1.000000e+30                   6.000000e+09                      15.000000
                2164956.952004                    1250.000000                   1.000000e+30                   6.000000e+09                      15.000000
                2161902.193634                    1250.000000                   1.000000e+30                   6.000000e+09                      15.000000
                2158847.435263                    1250.000000                   1.000000e+30                   6.000000e+09                      15.000000
                2155792.676893                    1250.000000                   1.000000e+30                   6.000000e+09                      15.000000
                2152737.918522                    1250.000000                   1.000000e+30                   6.000000e+09                      15.000000
                2149683.160152                    1250.000000                   1.000000e+30                   6.000000e+09                      15.000000
                2146628.401781                    1250.000000                   1.000000e+30                   6.000000e+09                      15.000000
                2143573.643411                    1250.000000                   1.000000e+30                   6.000000e+09                      15.000000
                2140518.885040                    1250.000000                   1.000000e+30                   6.000000e+09                      15.000000
                2137464.126670                    1250.000000                   1.000000e+30                   6.000000e+09                      15.000000
                2134409.368300                    1250.000000                   1.000000e+30                   6.000000e+09                      15.000000
                2131354.609929                    1250.000000                   1.000000e+30                   6.000000e+09                      15.000000
                2128299.851559                    1250.000000                   1.000000e+30                   6.000000e+09                      15.000000
                2125245.093188                    1250.000000                   1.000000e+30                   6.000000e+09                      15.000000
                2122190.334818                    1250.000000                   1.000000e+30                   6.000000e+09                      15.000000
                2119135.576447                    1250.000000                   1.000000e+30                   6.000000e+09                      15.000000
                2116080.818077                    1250.000000                   1.000000e+30                   6.000000e+09                      15.000000
                2113026.059706                    1250.000000                   1.000000e+30                   6.000000e+09                      15.000000
                2109971.301336                    1250.000000                   1.000000e+30                   6.000000e+09                      15.000000
                2106916.542966                    1250.000000                   1.000000e+30                   6.000000e+09                      15.000000
                2103861.784595                    1250.000000                   1.000000e+30                   6.000000e+09                      15.000000
                2100807.026225                    1250.000000                   1.000000e+30                   6.000000e+09                      15.000000
                2097752.267854                    1250.000000                   1.000000e+30                   6.000000e+09                      15.000000
                2094697.509484                    1250.000000                   1.000000e+30                   6.000000e+09                      15.000000
                2091642.751113                    1250.000000                   1.000000e+30                   6.000000e+09                      15.000000
                2088587.992743                    1250.000000                   1.000000e+30                   6.000000e+09                      15.000000
                2085533.234372                    1250.000000                   1.000000e+30                   6.000000e+09                      15.000000
                2082478.476002                    1250.000000                   1.000000e+30                   6.000000e+09                      15.000000
                2079423.717632                    1250.000000                   1.000000e+30                   6.000000e+09                      15.000000
                2076368.959261                    1250.000000                   1.000000e+30                   6.000000e+09                      15.000000
                2073314.200891                    1250.000000                   1.000000e+30                   6.000000e+09                      15.000000
                2070259.442520                    1250.000000                   1.000000e+30                   6.000000e+09                      15.000000
                2067204.684150                    1250.000000                   1.000000e+30                   6.000000e+09                      15.000000
                2064149.925779                    1250.000000                   1.000000e+30                   6.000000e+09                      15.000000
                2061095.167409                    1250.000000                   1.000000e+30                   6.000000e+09                      15.000000
                2058040.409038                    1250.000000                   1.000000e+30                   6.000000e+09                      15.000000
                2054985.650668                    1250.000000                   1.000000e+30                   6.000000e+09                      15.000000
                2051930.892298                    1250.000000                   1.000000e+30                   6.000000e+09                      15.000000
                2048876.133927                    1250.000000                   1.000000e+30                   6.000000e+09                      15.000000
                2045821.375557                    1250.000000                   1.000000e+30                   6.000000e+09                      15.000000
                2042766.617186                    1250.000000                   1.000000e+30                   6.000000e+09                      15.000000
                2039711.858816                    1250.000000                   1.000000e+30                   6.000000e+09                      15.000000
                2036657.100445                    1250.000000                   1.000000e+30                   6.000000e+09                      15.000000
                2033602.342075                    1250.000000                   1.000000e+30                   6.000000e+09                      15.000000
                2030547.583704                    1250.000000                   1.000000e+30                   6.000000e+09                      15.000000
                2027492.825334                    1250.000000                   1.000000e+30                   6.000000e+09                      15.000000
                2024438.066964                    1250.000000                   1.000000e+30                   6.000000e+09                      15.000000
                2021383.308593                    1250.000000                   1.000000e+30                   6.000000e+09                      15.000000
                2018328.550223                    1250.000000                   1.000000e+30                   6.000000e+09                      15.000000
                2015273.791852                    1250.000000                   1.000000e+30                   6.000000e+09                      15.000000
                2012219.033482                    1250.000000                   1.000000e+30                   6.000000e+09                      15.000000
                2009164.275111                    1250.000000                   1.000000e+30                   6.000000e+09                      15.000000
                2006109.516741                    1250.000000                   1.000000e+30                   6.000000e+09                      15.000000
                2003054.758370                    1250.000000                   1.000000e+30                   6.000000e+09                      15.000000
                2000000.000000                    1250.000000                   1.000000e+30                   6.000000e+09                      15.000000
                2000000.000000                    2845.291410                   1.000000e+30                   3.000000e+10                      17.000000
                1978054.797689                    2845.291410                   1.000000e+30                   3.000000e+10                      17.000000
                1956109.595377                    2845.291410                   1.000000e+30                   3.000000e+10                      17.000000
                1934164.393066                    2845.291410                   1.000000e+30                   3.000000e+10                      17.000000
                1912219.190754                    2845.291410                   1.000000e+30                   3.000000e+10                      17.000000
                1890273.988443                    2845.291410                   1.000000e+30                   3.000000e+10                      17.000000
                1868328.786131                    2845.291410                   1.000000e+30                   3.000000e+10                      17.000000
                1846383.583820                    2845.291410                   1.000000e+30                   3.000000e+10                      17.000000
                1824438.381508                    2845.291410                   1.000000e+30                   3.000000e+10                      17.000000
                1802493.179197                    2845.291410                   1.000000e+30                   3.000000e+10                      17.000000
                1780547.976885                    2845.291410                   1.000000e+30                   3.000000e+10                      17.000000
                1758602.774574                    2845.291410                   1.000000e+30                   3.000000e+10                      17.000000
                1736657.572262                    2845.291410                   1.000000e+30                   3.000000e+10                      17.000000
                1714712.369951                    2845.291410                   1.000000e+30                   3.000000e+10                      17.000000
                1692767.167639                    2845.291410                   1.000000e+30                   3.000000e+10                      17.000000
                1670821.965328                    2845.291410                   1.000000e+30                   3.000000e+10                      17.000000
                1648876.763017                    2845.291410                   1.000000e+30                   3.000000e+10                      17.000000
                1626931.560705                    2845.291410                   1.000000e+30                   3.000000e+10                      17.000000
                1604986.358394                    2845.291410                   1.000000e+30                   3.000000e+10                      17.000000
                1583041.156082                    2845.291410                   1.000000e+30                   3.000000e+10                      17.000000
                1561095.953771                    2845.291410                   1.000000e+30                   3.000000e+10                      17.000000
                1539150.751459                    2845.291410                   1.000000e+30                   3.000000e+10                      17.000000
                1517205.549148                    2845.291410                   1.000000e+30                   3.000000e+10                      17.000000
                1495260.346836                    2845.291410                   1.000000e+30                   3.000000e+10                      17.000000
                1473315.144525                    2845.291410                   1.000000e+30                   3.000000e+10                      17.000000
                1451369.942213                    2845.291410                   1.000000e+30                   3.000000e+10                      17.000000
                1429424.739902                    2845.291410                   1.000000e+30                   3.000000e+10                      17.000000
                1407479.537590                    2845.291410                   1.000000e+30                   3.000000e+10                      17.000000
                1385534.335279                    2845.291410                   1.000000e+30                   3.000000e+10                      17.000000
                1363589.132967                    2845.291410                   1.000000e+30                   3.000000e+10                      17.000000
                1341643.930656                    2845.291410                   1.000000e+30                   3.000000e+10                      17.000000
                1319698.728344                    2845.291410                   1.000000e+30                   3.000000e+10                      17.000000
                1297753.526033                    2845.291410                   1.000000e+30                   3.000000e+10                      17.000000
                1275808.323722                    2845.291410                   1.000000e+30                   3.000000e+10                      17.000000
                1253863.121410                    2845.291410                   1.000000e+30                   3.000000e+10                      17.000000
                1231917.919099                    2845.291410                   1.000000e+30                   3.000000e+10                      17.000000
                1209972.716787                    2845.291410                   1.000000e+30                   3.000000e+10                      17.000000
                1188027.514476                    2845.291410                   1.000000e+30                   3.000000e+10                      17.000000
                1166082.312164                    2845.291410                   1.000000e+30                   3.000000e+10                      17.000000
                1144137.109853                    2845.291410                   1.000000e+30                   3.000000e+10                      17.000000
                1122191.907541                    2845.291410                   1.000000e+30                   3.000000e+10                      17.000000
                1100246.705230                    2845.291410                   1.000000e+30                   3.000000e+10                      17.000000
                1078301.502918                    2845.291410                   1.000000e+30                   3.000000e+10                      17.000000
                1056356.300607                    2845.291410                   1.000000e+30                   3.000000e+10                      17.000000
                1034411.098295                    2845.291410                   1.000000e+30                   3.000000e+10                      17.000000
                1012465.895984                    2845.291410                   1.000000e+30                   3.000000e+10                      17.000000
                 990520.693672                    2845.291410                   1.000000e+30                   3.000000e+10                      17.000000
                 968575.491361                    2845.291410                   1.000000e+30                   3.000000e+10                      17.000000
                 946630.289050                    2845.291410                   1.000000e+30                   3.000000e+10                      17.000000
                 924685.086738                    2845.291410                   1.000000e+30                   3.000000e+10                      17.000000
                 902739.884427                    2845.291410                   1.000000e+30                   3.000000e+10                      17.000000
                 880794.682115                    2845.291410                   1.000000e+30                   3.000000e+10                      17.000000
                 858849.479804                    2845.291410                   1.000000e+30                   3.000000e+10                      17.000000
                 836904.277492                    2845.291410                   1.000000e+30                   3.000000e+10                      17.000000
                 814959.075181                    2845.291410                   1.000000e+30                   3.000000e+10                      17.000000
                 793013.872869                    2845.291410                   1.000000e+30                   3.000000e+10                      17.000000
                 771068.670558                    2845.291410                   1.000000e+30                   3.000000e+10                      17.000000
                 749123.468246                    2845.291410                   1.000000e+30                   3.000000e+10                      17.000000
                 727178.265935                    2845.291410                   1.000000e+30                   3.000000e+10                      17.000000
                 705233.063623                    2845.291410                   1.000000e+30                   3.000000e+10                      17.000000
                 683287.861312                    2845.291410                   1.000000e+30                   3.000000e+10                      17.000000
                 661342.659000                    2845.291410                   1.000000e+30                   3.000000e+10                      17.000000
                 639397.456689                    2845.291410                   1.000000e+30                   3.000000e+10                      17.000000
                 617452.254377                    2845.291410                   1.000000e+30                   3.000000e+10                      17.000000
                 595507.052066                    2845.291410                   1.000000e+30                   3.000000e+10                      17.000000
                 573561.849755                    2845.291410                   1.000000e+30                   3.000000e+10                      17.000000
                 551616.647443                    2845.291410                   1.000000e+30                   3.000000e+10                      17.000000
                 529671.445132                    2845.291410                   1.000000e+30                   3.000000e+10                      17.000000
                 507726.242820                    2845.291410                   1.000000e+30                   3.000000e+10                      17.000000
                 485781.040509                    2845.291410                   1.000000e+30                   3.000000e+10                      17.000000
                 463835.838197                    2845.291410                   1.000000e+30                   3.000000e+10                      17.000000
                 441890.635886                    2845.291410                   1.000000e+30                   3.000000e+10                      17.000000
                 419945.433574                    2845.291410                   1.000000e+30                   3.000000e+10                      17.000000
                 398000.231263                    2845.291410                   1.000000e+30                   3.000000e+10                      17.000000
                 376055.028951                    2845.291410                   1.000000e+30                   3.000000e+10                      17.000000
                 354109.826640                    2845.291410                   1.000000e+30                   3.000000e+10                      17.000000
                 332164.624328                    2845.291410                   1.000000e+30                   3.000000e+10                      17.000000
                 310219.422017                    2845.291410                   1.000000e+30                   3.000000e+10                      17.000000
                 288274.219705                    2845.291410                   1.000000e+30                   3.000000e+10                      17.000000
                 266329.017394                    2845.291410                   1.000000e+30                   3.000000e+10                      17.000000
                 244383.815083                    2845.291410                   1.000000e+30                   3.000000e+10                      17.000000
                 222438.612771                    2845.291410                   1.000000e+30                   3.000000e+10                      17.000000
                 200493.410460                    2845.291410                   1.000000e+30                   3.000000e+10                      17.000000
                 178548.208148                    2845.291410                   1.000000e+30                   3.000000e+10                      17.000000
                 156603.005837                    2845.291410                   1.000000e+30                   3.000000e+10                      17.000000
                 134657.803525                    2845.291410                   1.000000e+30                   3.000000e+10                      17.000000
                 112712.601214                    2845.291410                   1.000000e+30                   3.000000e+10                      17.000000
                  90767.398902                    2845.291410                   1.000000e+30                   3.000000e+10                      17.000000
                  68822.196591                    2845.291410                   1.000000e+30                   3.000000e+10                      17.000000
                  46876.994279                    2845.291410                   1.000000e+30                   3.000000e+10                      17.000000
                  24931.791968                    2845.291410                   1.000000e+30                   3.000000e+10                      17.000000
                   2986.589656                    2845.291410                   1.000000e+30                   3.000000e+10                      17.000000
                 -18958.612655                    2845.291410                   1.000000e+30                   3.000000e+10                      17.000000
                 -40903.814967                    2845.291410                   1.000000e+30                   3.000000e+10                      17.000000
                 -62849.017278                    2845.291410                   1.000000e+30                   3.000000e+10                      17.000000
                 -84794.219590                    2845.291410                   1.000000e+30                   3.000000e+10                      17.000000
                -106739.421901                    2845.291410                   1.000000e+30                   3.000000e+10                      17.000000
                -128684.624212                    2845.291410                   1.000000e+30                   3.000000e+10                      17.000000
                -150629.826524                    2845.291410                   1.000000e+30                   3.000000e+10                      17.000000
                -172575.028835                    2845.291410                   1.000000e+30                   3.000000e+10                      17.000000
                -194520.231147                    2845.291410                   1.000000e+30                   3.000000e+10                      17.000000
                -216465.433458                    2845.291410                   1.000000e+30                   3.000000e+10                      17.000000
                -238410.635770                    2845.291410                   1.000000e+30                   3.000000e+10                      17.000000
                -260355.838081                    2845.291410                   1.000000e+30                   3.000000e+10                      17.000000
                -282301.040393                    2845.291410                   1.000000e+30                   3.000000e+10                      17.000000
                -304246.242704                    2845.291410                   1.000000e+30                   3.000000e+10                      17.000000
                -326191.445016                    2845.291410                   1.000000e+30                   3.000000e+10                      17.000000
                -348136.647327                    2845.291410                   1.000000e+30                   3.000000e+10                      17.000000
                -370081.849639                    2845.291410                   1.000000e+30                   3.000000e+10                      17.000000
                -392027.051950                    2845.291410                   1.000000e+30                   3.000000e+10                      17.000000
                -413972.254262                    2845.291410                   1.000000e+30                   3.000000e+10                      17.000000
                -435917.456573                    2845.291410                   1.000000e+30                   3.000000e+10                      17.000000
                -457862.658884                    2845.291410                   1.000000e+30                   3.000000e+10                      17.000000
                -479807.861196                    2845.291410                   1.000000e+30                   3.000000e+10                      17.000000
                -501753.063507                    2845.291410                   1.000000e+30                   3.000000e+10                      17.000000
                -523698.265819                    2845.291410                   1.000000e+30                   3.000000e+10                      17.000000
                -545643.468130                    2845.291410                   1.000000e+30                   3.000000e+10                      17.000000
                -567588.670442                    2845.291410                   1.000000e+30                   3.000000e+10                      17.000000
                -589533.872753                    2845.291410                   1.000000e+30                   3.000000e+10                      17.000000
                -611479.075065                    2845.291410                   1.000000e+30                   3.000000e+10                      17.000000
                -633424.277376                    2845.291410                   1.000000e+30                   3.000000e+10                      17.000000
                -655369.479688                    2845.291410                   1.000000e+30                   3.000000e+10                      17.000000
                -677314.681999                    2845.291410                   1.000000e+30                   3.000000e+10                      17.000000
                -699259.884311                    2845.291410                   1.000000e+30                   3.000000e+10                      17.000000
                -721205.086622                    2845.291410                   1.000000e+30                   3.000000e+10                      17.000000
                -743150.288934                    2845.291410                   1.000000e+30                   3.000000e+10                      17.000000
                -765095.491245                    2845.291410                   1.000000e+30                   3.000000e+10                      17.000000
                -787040.693556                    2845.291410                   1.000000e+30                   3.000000e+10                      17.000000
                -808985.895868                    2845.291410                   1.000000e+30                   3.000000e+10                      17.000000
                -830931.098179                    2845.291410                   1.000000e+30                   3.000000e+10                      17.000000
                -830931.098179                    3300.000000                   1.000000e+30                   5.000000e+10                      22.000000
                -824489.694318                    3300.000000                   1.000000e+30                   5.000000e+10                      22.000000
                -818048.290456                    3300.000000                   1.000000e+30                   5.000000e+10                      22.000000
                -811606.886594                    3300.000000                   1.000000e+30                   5.000000e+10                      22.000000
                -805165.482732                    3300.000000                   1.000000e+30                   5.000000e+10                      22.000000
                -798724.078870                    3300.000000                   1.000000e+30                   5.000000e+10                      22.000000
                -792282.675008                    3300.000000                   1.000000e+30                   5.000000e+10                      22.000000
                -785841.271146                    3300.000000                   1.000000e+30                   5.000000e+10                      22.000000
                -779399.867285                    3300.000000                   1.000000e+30                   5.000000e+10                      22.000000
                -772958.463423                    3300.000000                   1.000000e+30                   5.000000e+10                      22.000000
                -766517.059561                    3300.000000                   1.000000e+30                   5.000000e+10                      22.000000
                -760075.655699                    3300.000000                   1.000000e+30                   5.000000e+10                      22.000000
                -753634.251837                    3300.000000                   1.000000e+30                   5.000000e+10                      22.000000
                -747192.847975                    3300.000000                   1.000000e+30                   5.000000e+10                      22.000000
                -740751.444113                    3300.000000                   1.000000e+30                   5.000000e+10                      22.000000
                -734310.040252                    3300.000000                   1.000000e+30                   5.000000e+10                      22.000000
                -727868.636390                    3300.000000                   1.000000e+30                   5.000000e+10                      22.000000
                -721427.232528                    3300.000000                   1.000000e+30                   5.000000e+10                      22.000000
                -714985.828666                    3300.000000                   1.000000e+30                   5.000000e+10                      22.000000
                -708544.424804                    3300.000000                   1.000000e+30                   5.000000e+10                      22.000000
                -702103.020942                    3300.000000                   1.000000e+30                   5.000000e+10                      22.000000
                -695661.617080                    3300.000000                   1.000000e+30                   5.000000e+10                      22.000000
                -689220.213219                    3300.000000                   1.000000e+30                   5.000000e+10                      22.000000
                -682778.809357                    3300.000000                   1.000000e+30                   5.000000e+10                      22.000000
                -676337.405495                    3300.000000                   1.000000e+30                   5.000000e+10                      22.000000
                -669896.001633                    3300.000000                   1.000000e+30                   5.000000e+10                      22.000000
                -663454.597771                    3300.000000                   1.000000e+30                   5.000000e+10                      22.000000
                -657013.193909                    3300.000000                   1.000000e+30                   5.000000e+10                      22.000000
                -650571.790047                    3300.000000                   1.000000e+30                   5.000000e+10                      22.000000
                -644130.386186                    3300.000000                   1.000000e+30                   5.000000e+10                      22.000000
                -637688.982324                    3300.000000                   1.000000e+30                   5.000000e+10                      22.000000
                -631247.578462                    3300.000000                   1.000000e+30                   5.000000e+10                      22.000000
                -624806.174600                    3300.000000                   1.000000e+30                   5.000000e+10                      22.000000
                -618364.770738                    3300.000000                   1.000000e+30                   5.000000e+10                      22.000000
                -611923.366876                    3300.000000                   1.000000e+30                   5.000000e+10                      22.000000
                -605481.963014                    3300.000000                   1.000000e+30                   5.000000e+10                      22.000000
                -599040.559153                    3300.000000                   1.000000e+30                   5.000000e+10                      22.000000
                -592599.155291                    3300.000000                   1.000000e+30                   5.000000e+10                      22.000000
                -586157.751429                    3300.000000                   1.000000e+30                   5.000000e+10                      22.000000
                -579716.347567                    3300.000000                   1.000000e+30                   5.000000e+10                      22.000000
                -573274.943705                    3300.000000                   1.000000e+30                   5.000000e+10                      22.000000
                -566833.539843                    3300.000000                   1.000000e+30                   5.000000e+10                      22.000000
                -560392.135981                    3300.000000                   1.000000e+30                   5.000000e+10                      22.000000
                -553950.732120                    3300.000000                   1.000000e+30                   5.000000e+10                      22.000000
                -547509.328258                    3300.000000                   1.000000e+30                   5.000000e+10                      22.000000
                -541067.924396                    3300.000000                   1.000000e+30                   5.000000e+10                      22.000000
                -534626.520534                    3300.000000                   1.000000e+30                   5.000000e+10                      22.000000
                -528185.116672                    3300.000000                   1.000000e+30                   5.000000e+10                      22.000000
                -521743.712810                    3300.000000                   1.000000e+30                   5.000000e+10                      22.000000
                -515302.308948                    3300.000000                   1.000000e+30                   5.000000e+10                      22.000000
                -508860.905087                    3300.000000                   1.000000e+30                   5.000000e+10                      22.000000
                -502419.501225                    3300.000000                   1.000000e+30                   5.000000e+10                      22.000000
                -495978.097363                    3300.000000                   1.000000e+30                   5.000000e+10                      22.000000
                -489536.693501                    3300.000000                   1.000000e+30                   5.000000e+10                      22.000000
                -483095.289639                    3300.000000                   1.000000e+30                   5.000000e+10                      22.000000
                -476653.885777                    3300.000000                   1.000000e+30                   5.000000e+10                      22.000000
                -470212.481915                    3300.000000                   1.000000e+30                   5.000000e+10                      22.000000
                -463771.078054                    3300.000000                   1.000000e+30                   5.000000e+10                      22.000000
                -457329.674192                    3300.000000                   1.000000e+30                   5.000000e+10                      22.000000
                -450888.270330                    3300.000000                   1.000000e+30                   5.000000e+10                      22.000000
                -444446.866468                    3300.000000                   1.000000e+30                   5.000000e+10                      22.000000
                -438005.462606                    3300.000000                   1.000000e+30                   5.000000e+10                      22.000000
                -431564.058744                    3300.000000                   1.000000e+30                   5.000000e+10                      22.000000
                -425122.654883                    3300.000000                   1.000000e+30                   5.000000e+10                      22.000000
                -418681.251021                    3300.000000                   1.000000e+30                   5.000000e+10                      22.000000
                -412239.847159                    3300.000000                   1.000000e+30                   5.000000e+10                      22.000000
                -405798.443297                    3300.000000                   1.000000e+30                   5.000000e+10                      22.000000
                -399357.039435                    3300.000000                   1.000000e+30                   5.000000e+10                      22.000000
                -392915.635573                    3300.000000                   1.000000e+30                   5.000000e+10                      22.000000
                -386474.231711                    3300.000000                   1.000000e+30                   5.000000e+10                      22.000000
                -380032.827850                    3300.000000                   1.000000e+30                   5.000000e+10                      22.000000
                -373591.423988                    3300.000000                   1.000000e+30                   5.000000e+10                      22.000000
                -367150.020126                    3300.000000                   1.000000e+30                   5.000000e+10                      22.000000
                -360708.616264                    3300.000000                   1.000000e+30                   5.000000e+10                      22.000000
                -354267.212402                    3300.000000                   1.000000e+30                   5.000000e+10                      22.000000
                -347825.808540                    3300.000000                   1.000000e+30                   5.000000e+10                      22.000000
                -341384.404678                    3300.000000                   1.000000e+30                   5.000000e+10                      22.000000
                -334943.000817                    3300.000000                   1.000000e+30                   5.000000e+10                      22.000000
                -328501.596955                    3300.000000                   1.000000e+30                   5.000000e+10                      22.000000
                -322060.193093                    3300.000000                   1.000000e+30                   5.000000e+10                      22.000000
                -315618.789231                    3300.000000                   1.000000e+30                   5.000000e+10                      22.000000
                -309177.385369                    3300.000000                   1.000000e+30                   5.000000e+10                      22.000000
                -302735.981507                    3300.000000                   1.000000e+30                   5.000000e+10                      22.000000
                -296294.577645                    3300.000000                   1.000000e+30                   5.000000e+10                      22.000000
                -289853.173784                    3300.000000                   1.000000e+30                   5.000000e+10                      22.000000
                -283411.769922                    3300.000000                   1.000000e+30                   5.000000e+10                      22.000000
                -276970.366060                    3300.000000                   1.000000e+30                   5.000000e+10                      22.000000
                -270528.962198                    3300.000000                   1.000000e+30                   5.000000e+10                      22.000000
                -264087.558336                    3300.000000                   1.000000e+30                   5.000000e+10                      22.000000
                -257646.154474                    3300.000000                   1.000000e+30                   5.000000e+10                      22.000000
                -251204.750612                    3300.000000                   1.000000e+30                   5.000000e+10                      22.000000
                -244763.346751                    3300.000000                   1.000000e+30                   5.000000e+10                      22.000000
                -238321.942889                    3300.000000                   1.000000e+30                   5.000000e+10                      22.000000
                -231880.539027                    3300.000000                   1.000000e+30                   5.000000e+10                      22.000000
                -225439.135165                    3300.000000                   1.000000e+30                   5.000000e+10                      22.000000
                -218997.731303                    3300.000000                   1.000000e+30                   5.000000e+10                      22.000000
                -212556.327441                    3300.000000                   1.000000e+30                   5.000000e+10                      22.000000
                -206114.923579                    3300.000000                   1.000000e+30                   5.000000e+10                      22.000000
                -199673.519718                    3300.000000                   1.000000e+30                   5.000000e+10                      22.000000
                -193232.115856                    3300.000000                   1.000000e+30                   5.000000e+10                      22.000000
                -186790.711994                    3300.000000                   1.000000e+30                   5.000000e+10                      22.000000
                -180349.308132                    3300.000000                   1.000000e+30                   5.000000e+10                      22.000000
                -173907.904270                    3300.000000                   1.000000e+30                   5.000000e+10                      22.000000
                -167466.500408                    3300.000000                   1.000000e+30                   5.000000e+10                      22.000000
                -161025.096546                    3300.000000                   1.000000e+30                   5.000000e+10                      22.000000
                -154583.692685                    3300.000000                   1.000000e+30                   5.000000e+10                      22.000000
                -148142.288823                    3300.000000                   1.000000e+30                   5.000000e+10                      22.000000
                -141700.884961                    3300.000000                   1.000000e+30                   5.000000e+10                      22.000000
                -135259.481099                    3300.000000                   1.000000e+30                   5.000000e+10                      22.000000
                -128818.077237                    3300.000000                   1.000000e+30                   5.000000e+10                      22.000000
                -122376.673375                    3300.000000                   1.000000e+30                   5.000000e+10                      22.000000
                -115935.269513                    3300.000000                   1.000000e+30                   5.000000e+10                      22.000000
                -109493.865652                    3300.000000                   1.000000e+30                   5.000000e+10                      22.000000
                -103052.461790                    3300.000000                   1.000000e+30                   5.000000e+10                      22.000000
                 -96611.057928                    3300.000000                   1.000000e+30                   5.000000e+10                      22.000000
                 -90169.654066                    3300.000000                   1.000000e+30                   5.000000e+10                      22.000000
                 -83728.250204                    3300.000000                   1.000000e+30                   5.000000e+10                      22.000000
                 -77286.846342                    3300.000000                   1.000000e+30                   5.000000e+10                      22.000000
                 -70845.442480                    3300.000000                   1.000000e+30                   5.000000e+10                      22.000000
                 -64404.038619                    3300.000000                   1.000000e+30                   5.000000e+10                      22.000000
                 -57962.634757                    3300.000000                   1.000000e+30                   5.000000e+10                      22.000000
                 -51521.230895                    3300.000000                   1.000000e+30                   5.000000e+10                      22.000000
                 -45079.827033                    3300.000000                   1.000000e+30                   5.000000e+10                      22.000000
                 -38638.423171                    3300.000000                   1.000000e+30                   5.000000e+10                      22.000000
                 -32197.019309                    3300.000000                   1.000000e+30                   5.000000e+10                      22.000000
                 -25755.615447                    3300.000000                   1.000000e+30                   5.000000e+10                      22.000000
                 -19314.211586                    3300.000000                   1.000000e+30                   5.000000e+10                      22.000000
                 -12872.807724                    3300.000000                   1.000000e+30                   5.000000e+10                      22.000000
                  -6431.403862                    3300.000000                   1.000000e+30                   5.000000e+10                      22.000000
                     10.000000                    3300.000000                   1.000000e+30                   5.000000e+10                      22.000000
