                   #Radius (m)               Density (kg/m^3)              Bulk modulus (Pa)             Shear modulus (Pa)               Viscosity (Pa.s)
                2575000.000000                     930.000000                   1.000000e+30                   3.500000e+09                      24.000000
                2574999.710145                     930.000000                   1.000000e+30                   3.500000e+09                      24.000000
                2574999.420290                     930.000000                   1.000000e+30                   3.500000e+09                      24.000000
                2574999.130435                     930.000000                   1.000000e+30                   3.500000e+09                      24.000000
                2574998.840580                     930.000000                   1.000000e+30                   3.500000e+09                      24.000000
                2574998.550725                     930.000000                   1.000000e+30                   3.500000e+09                      24.000000
                2574998.260870                     930.000000                   1.000000e+30                   3.500000e+09                      24.000000
                2574997.971014                     930.000000                   1.000000e+30                   3.500000e+09                      24.000000
                2574997.681159                     930.000000                   1.000000e+30                   3.500000e+09                      24.000000
                2574997.391304                     930.000000                   1.000000e+30                   3.500000e+09                      24.000000
                2574997.101449                     930.000000                   1.000000e+30                   3.500000e+09                      24.000000
                2574996.811594                     930.000000                   1.000000e+30                   3.500000e+09                      24.000000
                2574996.521739                     930.000000                   1.000000e+30                   3.500000e+09                      24.000000
                2574996.231884                     930.000000                   1.000000e+30                   3.500000e+09                      24.000000
                2574995.942029                     930.000000                   1.000000e+30                   3.500000e+09                      24.000000
                2574995.652174                     930.000000                   1.000000e+30                   3.500000e+09                      24.000000
                2574995.362319                     930.000000                   1.000000e+30                   3.500000e+09                      24.000000
                2574995.072464                     930.000000                   1.000000e+30                   3.500000e+09                      24.000000
                2574994.782609                     930.000000                   1.000000e+30                   3.500000e+09                      24.000000
                2574994.492754                     930.000000                   1.000000e+30                   3.500000e+09                      24.000000
                2574994.202899                     930.000000                   1.000000e+30                   3.500000e+09                      24.000000
                2574993.913043                     930.000000                   1.000000e+30                   3.500000e+09                      24.000000
                2574993.623188                     930.000000                   1.000000e+30                   3.500000e+09                      24.000000
                2574993.333333                     930.000000                   1.000000e+30                   3.500000e+09                      24.000000
                2574993.043478                     930.000000                   1.000000e+30                   3.500000e+09                      24.000000
                2574992.753623                     930.000000                   1.000000e+30                   3.500000e+09                      24.000000
                2574992.463768                     930.000000                   1.000000e+30                   3.500000e+09                      24.000000
                2574992.173913                     930.000000                   1.000000e+30                   3.500000e+09                      24.000000
                2574991.884058                     930.000000                   1.000000e+30                   3.500000e+09                      24.000000
                2574991.594203                     930.000000                   1.000000e+30                   3.500000e+09                      24.000000
                2574991.304348                     930.000000                   1.000000e+30                   3.500000e+09                      24.000000
                2574991.014493                     930.000000                   1.000000e+30                   3.500000e+09                      24.000000
                2574990.724638                     930.000000                   1.000000e+30                   3.500000e+09                      24.000000
                2574990.434783                     930.000000                   1.000000e+30                   3.500000e+09                      24.000000
                2574990.144928                     930.000000                   1.000000e+30                   3.500000e+09                      24.000000
                2574989.855072                     930.000000                   1.000000e+30                   3.500000e+09                      24.000000
                2574989.565217                     930.000000                   1.000000e+30                   3.500000e+09                      24.000000
                2574989.275362                     930.000000                   1.000000e+30                   3.500000e+09                      24.000000
                2574988.985507                     930.000000                   1.000000e+30                   3.500000e+09                      24.000000
                2574988.695652                     930.000000                   1.000000e+30                   3.500000e+09                      24.000000
                2574988.405797                     930.000000                   1.000000e+30                   3.500000e+09                      24.000000
                2574988.115942                     930.000000                   1.000000e+30                   3.500000e+09                      24.000000
                2574987.826087                     930.000000                   1.000000e+30                   3.500000e+09                      24.000000
                2574987.536232                     930.000000                   1.000000e+30                   3.500000e+09                      24.000000
                2574987.246377                     930.000000                   1.000000e+30                   3.500000e+09                      24.000000
                2574986.956522                     930.000000                   1.000000e+30                   3.500000e+09                      24.000000
                2574986.666667                     930.000000                   1.000000e+30                   3.500000e+09                      24.000000
                2574986.376812                     930.000000                   1.000000e+30                   3.500000e+09                      24.000000
                2574986.086957                     930.000000                   1.000000e+30                   3.500000e+09                      24.000000
                2574985.797101                     930.000000                   1.000000e+30                   3.500000e+09                      24.000000
                2574985.507246                     930.000000                   1.000000e+30                   3.500000e+09                      24.000000
                2574985.217391                     930.000000                   1.000000e+30                   3.500000e+09                      24.000000
                2574984.927536                     930.000000                   1.000000e+30                   3.500000e+09                      24.000000
                2574984.637681                     930.000000                   1.000000e+30                   3.500000e+09                      24.000000
                2574984.347826                     930.000000                   1.000000e+30                   3.500000e+09                      24.000000
                2574984.057971                     930.000000                   1.000000e+30                   3.500000e+09                      24.000000
                2574983.768116                     930.000000                   1.000000e+30                   3.500000e+09                      24.000000
                2574983.478261                     930.000000                   1.000000e+30                   3.500000e+09                      24.000000
                2574983.188406                     930.000000                   1.000000e+30                   3.500000e+09                      24.000000
                2574982.898551                     930.000000                   1.000000e+30                   3.500000e+09                      24.000000
                2574982.608696                     930.000000                   1.000000e+30                   3.500000e+09                      24.000000
                2574982.318841                     930.000000                   1.000000e+30                   3.500000e+09                      24.000000
                2574982.028986                     930.000000                   1.000000e+30                   3.500000e+09                      24.000000
                2574981.739130                     930.000000                   1.000000e+30                   3.500000e+09                      24.000000
                2574981.449275                     930.000000                   1.000000e+30                   3.500000e+09                      24.000000
                2574981.159420                     930.000000                   1.000000e+30                   3.500000e+09                      24.000000
                2574980.869565                     930.000000                   1.000000e+30                   3.500000e+09                      24.000000
                2574980.579710                     930.000000                   1.000000e+30                   3.500000e+09                      24.000000
                2574980.289855                     930.000000                   1.000000e+30                   3.500000e+09                      24.000000
                2574980.000000                     930.000000                   1.000000e+30                   3.500000e+09                      24.000000
                2574980.000000                     930.000000                   1.000000e+30                   3.500000e+09                      15.000000
                2573685.581395                     930.000000                   1.000000e+30                   3.500000e+09                      15.000000
                2572391.162791                     930.000000                   1.000000e+30                   3.500000e+09                      15.000000
                2571096.744186                     930.000000                   1.000000e+30                   3.500000e+09                      15.000000
                2569802.325581                     930.000000                   1.000000e+30                   3.500000e+09                      15.000000
                2568507.906977                     930.000000                   1.000000e+30                   3.500000e+09                      15.000000
                2567213.488372                     930.000000                   1.000000e+30                   3.500000e+09                      15.000000
                2565919.069767                     930.000000                   1.000000e+30                   3.500000e+09                      15.000000
                2564624.651163                     930.000000                   1.000000e+30                   3.500000e+09                      15.000000
                2563330.232558                     930.000000                   1.000000e+30                   3.500000e+09                      15.000000
                2562035.813953                     930.000000                   1.000000e+30                   3.500000e+09                      15.000000
                2560741.395349                     930.000000                   1.000000e+30                   3.500000e+09                      15.000000
                2559446.976744                     930.000000                   1.000000e+30                   3.500000e+09                      15.000000
                2558152.558140                     930.000000                   1.000000e+30                   3.500000e+09                      15.000000
                2556858.139535                     930.000000                   1.000000e+30                   3.500000e+09                      15.000000
                2555563.720930                     930.000000                   1.000000e+30                   3.500000e+09                      15.000000
                2554269.302326                     930.000000                   1.000000e+30                   3.500000e+09                      15.000000
                2552974.883721                     930.000000                   1.000000e+30                   3.500000e+09                      15.000000
                2551680.465116                     930.000000                   1.000000e+30                   3.500000e+09                      15.000000
                2550386.046512                     930.000000                   1.000000e+30                   3.500000e+09                      15.000000
                2549091.627907                     930.000000                   1.000000e+30                   3.500000e+09                      15.000000
                2547797.209302                     930.000000                   1.000000e+30                   3.500000e+09                      15.000000
                2546502.790698                     930.000000                   1.000000e+30                   3.500000e+09                      15.000000
                2545208.372093                     930.000000                   1.000000e+30                   3.500000e+09                      15.000000
                2543913.953488                     930.000000                   1.000000e+30                   3.500000e+09                      15.000000
                2542619.534884                     930.000000                   1.000000e+30                   3.500000e+09                      15.000000
                2541325.116279                     930.000000                   1.000000e+30                   3.500000e+09                      15.000000
                2540030.697674                     930.000000                   1.000000e+30                   3.500000e+09                      15.000000
                2538736.279070                     930.000000                   1.000000e+30                   3.500000e+09                      15.000000
                2537441.860465                     930.000000                   1.000000e+30                   3.500000e+09                      15.000000
                2536147.441860                     930.000000                   1.000000e+30                   3.500000e+09                      15.000000
                2534853.023256                     930.000000                   1.000000e+30                   3.500000e+09                      15.000000
                2533558.604651                     930.000000                   1.000000e+30                   3.500000e+09                      15.000000
                2532264.186047                     930.000000                   1.000000e+30                   3.500000e+09                      15.000000
                2530969.767442                     930.000000                   1.000000e+30                   3.500000e+09                      15.000000
                2529675.348837                     930.000000                   1.000000e+30                   3.500000e+09                      15.000000
                2528380.930233                     930.000000                   1.000000e+30                   3.500000e+09                      15.000000
                2527086.511628                     930.000000                   1.000000e+30                   3.500000e+09                      15.000000
                2525792.093023                     930.000000                   1.000000e+30                   3.500000e+09                      15.000000
                2524497.674419                     930.000000                   1.000000e+30                   3.500000e+09                      15.000000
                2523203.255814                     930.000000                   1.000000e+30                   3.500000e+09                      15.000000
                2521908.837209                     930.000000                   1.000000e+30                   3.500000e+09                      15.000000
                2520614.418605                     930.000000                   1.000000e+30                   3.500000e+09                      15.000000
                2519320.000000                     930.000000                   1.000000e+30                   3.500000e+09                      15.000000
                2518025.581395                     930.000000                   1.000000e+30                   3.500000e+09                      15.000000
                2516731.162791                     930.000000                   1.000000e+30                   3.500000e+09                      15.000000
                2515436.744186                     930.000000                   1.000000e+30                   3.500000e+09                      15.000000
                2514142.325581                     930.000000                   1.000000e+30                   3.500000e+09                      15.000000
                2512847.906977                     930.000000                   1.000000e+30                   3.500000e+09                      15.000000
                2511553.488372                     930.000000                   1.000000e+30                   3.500000e+09                      15.000000
                2510259.069767                     930.000000                   1.000000e+30                   3.500000e+09                      15.000000
                2508964.651163                     930.000000                   1.000000e+30                   3.500000e+09                      15.000000
                2507670.232558                     930.000000                   1.000000e+30                   3.500000e+09                      15.000000
                2506375.813953                     930.000000                   1.000000e+30                   3.500000e+09                      15.000000
                2505081.395349                     930.000000                   1.000000e+30                   3.500000e+09                      15.000000
                2503786.976744                     930.000000                   1.000000e+30                   3.500000e+09                      15.000000
                2502492.558140                     930.000000                   1.000000e+30                   3.500000e+09                      15.000000
                2501198.139535                     930.000000                   1.000000e+30                   3.500000e+09                      15.000000
                2499903.720930                     930.000000                   1.000000e+30                   3.500000e+09                      15.000000
                2498609.302326                     930.000000                   1.000000e+30                   3.500000e+09                      15.000000
                2497314.883721                     930.000000                   1.000000e+30                   3.500000e+09                      15.000000
                2496020.465116                     930.000000                   1.000000e+30                   3.500000e+09                      15.000000
                2494726.046512                     930.000000                   1.000000e+30                   3.500000e+09                      15.000000
                2493431.627907                     930.000000                   1.000000e+30                   3.500000e+09                      15.000000
                2492137.209302                     930.000000                   1.000000e+30                   3.500000e+09                      15.000000
                2490842.790698                     930.000000                   1.000000e+30                   3.500000e+09                      15.000000
                2489548.372093                     930.000000                   1.000000e+30                   3.500000e+09                      15.000000
                2488253.953488                     930.000000                   1.000000e+30                   3.500000e+09                      15.000000
                2486959.534884                     930.000000                   1.000000e+30                   3.500000e+09                      15.000000
                2485665.116279                     930.000000                   1.000000e+30                   3.500000e+09                      15.000000
                2484370.697674                     930.000000                   1.000000e+30                   3.500000e+09                      15.000000
                2483076.279070                     930.000000                   1.000000e+30                   3.500000e+09                      15.000000
                2481781.860465                     930.000000                   1.000000e+30                   3.500000e+09                      15.000000
                2480487.441860                     930.000000                   1.000000e+30                   3.500000e+09                      15.000000
                2479193.023256                     930.000000                   1.000000e+30                   3.500000e+09                      15.000000
                2477898.604651                     930.000000                   1.000000e+30                   3.500000e+09                      15.000000
                2476604.186047                     930.000000                   1.000000e+30                   3.500000e+09                      15.000000
                2475309.767442                     930.000000                   1.000000e+30                   3.500000e+09                      15.000000
                2474015.348837                     930.000000                   1.000000e+30                   3.500000e+09                      15.000000
                2472720.930233                     930.000000                   1.000000e+30                   3.500000e+09                      15.000000
                2471426.511628                     930.000000                   1.000000e+30                   3.500000e+09                      15.000000
                2470132.093023                     930.000000                   1.000000e+30                   3.500000e+09                      15.000000
                2468837.674419                     930.000000                   1.000000e+30                   3.500000e+09                      15.000000
                2467543.255814                     930.000000                   1.000000e+30                   3.500000e+09                      15.000000
                2466248.837209                     930.000000                   1.000000e+30                   3.500000e+09                      15.000000
                2464954.418605                     930.000000                   1.000000e+30                   3.500000e+09                      15.000000
                2463660.000000                     930.000000                   1.000000e+30                   3.500000e+09                      15.000000
                2462365.581395                     930.000000                   1.000000e+30                   3.500000e+09                      15.000000
                2461071.162791                     930.000000                   1.000000e+30                   3.500000e+09                      15.000000
                2459776.744186                     930.000000                   1.000000e+30                   3.500000e+09                      15.000000
                2458482.325581                     930.000000                   1.000000e+30                   3.500000e+09                      15.000000
                2457187.906977                     930.000000                   1.000000e+30                   3.500000e+09                      15.000000
                2455893.488372                     930.000000                   1.000000e+30                   3.500000e+09                      15.000000
                2454599.069767                     930.000000                   1.000000e+30                   3.500000e+09                      15.000000
                2453304.651163                     930.000000                   1.000000e+30                   3.500000e+09                      15.000000
                2452010.232558                     930.000000                   1.000000e+30                   3.500000e+09                      15.000000
                2450715.813953                     930.000000                   1.000000e+30                   3.500000e+09                      15.000000
                2449421.395349                     930.000000                   1.000000e+30                   3.500000e+09                      15.000000
                2448126.976744                     930.000000                   1.000000e+30                   3.500000e+09                      15.000000
                2446832.558140                     930.000000                   1.000000e+30                   3.500000e+09                      15.000000
                2445538.139535                     930.000000                   1.000000e+30                   3.500000e+09                      15.000000
                2444243.720930                     930.000000                   1.000000e+30                   3.500000e+09                      15.000000
                2442949.302326                     930.000000                   1.000000e+30                   3.500000e+09                      15.000000
                2441654.883721                     930.000000                   1.000000e+30                   3.500000e+09                      15.000000
                2440360.465116                     930.000000                   1.000000e+30                   3.500000e+09                      15.000000
                2439066.046512                     930.000000                   1.000000e+30                   3.500000e+09                      15.000000
                2437771.627907                     930.000000                   1.000000e+30                   3.500000e+09                      15.000000
                2436477.209302                     930.000000                   1.000000e+30                   3.500000e+09                      15.000000
                2435182.790698                     930.000000                   1.000000e+30                   3.500000e+09                      15.000000
                2433888.372093                     930.000000                   1.000000e+30                   3.500000e+09                      15.000000
                2432593.953488                     930.000000                   1.000000e+30                   3.500000e+09                      15.000000
                2431299.534884                     930.000000                   1.000000e+30                   3.500000e+09                      15.000000
                2430005.116279                     930.000000                   1.000000e+30                   3.500000e+09                      15.000000
                2428710.697674                     930.000000                   1.000000e+30                   3.500000e+09                      15.000000
                2427416.279070                     930.000000                   1.000000e+30                   3.500000e+09                      15.000000
                2426121.860465                     930.000000                   1.000000e+30                   3.500000e+09                      15.000000
                2424827.441860                     930.000000                   1.000000e+30                   3.500000e+09                      15.000000
                2423533.023256                     930.000000                   1.000000e+30                   3.500000e+09                      15.000000
                2422238.604651                     930.000000                   1.000000e+30                   3.500000e+09                      15.000000
                2420944.186047                     930.000000                   1.000000e+30                   3.500000e+09                      15.000000
                2419649.767442                     930.000000                   1.000000e+30                   3.500000e+09                      15.000000
                2418355.348837                     930.000000                   1.000000e+30                   3.500000e+09                      15.000000
                2417060.930233                     930.000000                   1.000000e+30                   3.500000e+09                      15.000000
                2415766.511628                     930.000000                   1.000000e+30                   3.500000e+09                      15.000000
                2414472.093023                     930.000000                   1.000000e+30                   3.500000e+09                      15.000000
                2413177.674419                     930.000000                   1.000000e+30                   3.500000e+09                      15.000000
                2411883.255814                     930.000000                   1.000000e+30                   3.500000e+09                      15.000000
                2410588.837209                     930.000000                   1.000000e+30                   3.500000e+09                      15.000000
                2409294.418605                     930.000000                   1.000000e+30                   3.500000e+09                      15.000000
                2408000.000000                     930.000000                   1.000000e+30                   3.500000e+09                      15.000000
                2408000.000000                    1100.000000                   1.000000e+30                   0.000000e+00                       2.000000
                2407994.137582                    1100.000000                   1.000000e+30                   0.000000e+00                       2.000000
                2407983.718726                    1100.000000                   1.000000e+30                   0.000000e+00                       2.000000
                2407968.098166                    1100.000000                   1.000000e+30                   0.000000e+00                       2.000000
                2407947.285165                    1100.000000                   1.000000e+30                   0.000000e+00                       2.000000
                2407921.292068                    1100.000000                   1.000000e+30                   0.000000e+00                       2.000000
                2407890.134290                    1100.000000                   1.000000e+30                   0.000000e+00                       2.000000
                2407853.830309                    1100.000000                   1.000000e+30                   0.000000e+00                       2.000000
                2407812.401656                    1100.000000                   1.000000e+30                   0.000000e+00                       2.000000
                2407765.872900                    1100.000000                   1.000000e+30                   0.000000e+00                       2.000000
                2407714.271636                    1100.000000                   1.000000e+30                   0.000000e+00                       2.000000
                2407657.628466                    1100.000000                   1.000000e+30                   0.000000e+00                       2.000000
                2407595.976984                    1100.000000                   1.000000e+30                   0.000000e+00                       2.000000
                2407529.353751                    1100.000000                   1.000000e+30                   0.000000e+00                       2.000000
                2407457.798281                    1100.000000                   1.000000e+30                   0.000000e+00                       2.000000
                2407381.353009                    1100.000000                   1.000000e+30                   0.000000e+00                       2.000000
                2407300.063273                    1100.000000                   1.000000e+30                   0.000000e+00                       2.000000
                2407213.977281                    1100.000000                   1.000000e+30                   0.000000e+00                       2.000000
                2407123.146089                    1100.000000                   1.000000e+30                   0.000000e+00                       2.000000
                2407027.623564                    1100.000000                   1.000000e+30                   0.000000e+00                       2.000000
                2406927.466357                    1100.000000                   1.000000e+30                   0.000000e+00                       2.000000
                2406822.733867                    1100.000000                   1.000000e+30                   0.000000e+00                       2.000000
                2406713.488208                    1100.000000                   1.000000e+30                   0.000000e+00                       2.000000
                2406599.794168                    1100.000000                   1.000000e+30                   0.000000e+00                       2.000000
                2406481.719175                    1100.000000                   1.000000e+30                   0.000000e+00                       2.000000
                2406359.333254                    1100.000000                   1.000000e+30                   0.000000e+00                       2.000000
                2406232.708987                    1100.000000                   1.000000e+30                   0.000000e+00                       2.000000
                2406101.921471                    1100.000000                   1.000000e+30                   0.000000e+00                       2.000000
                2405967.048271                    1100.000000                   1.000000e+30                   0.000000e+00                       2.000000
                2405828.169373                    1100.000000                   1.000000e+30                   0.000000e+00                       2.000000
                2405685.367143                    1100.000000                   1.000000e+30                   0.000000e+00                       2.000000
                2405538.726269                    1100.000000                   1.000000e+30                   0.000000e+00                       2.000000
                2405388.333720                    1100.000000                   1.000000e+30                   0.000000e+00                       2.000000
                2405234.278686                    1100.000000                   1.000000e+30                   0.000000e+00                       2.000000
                2405076.652533                    1100.000000                   1.000000e+30                   0.000000e+00                       2.000000
                2404915.548741                    1100.000000                   1.000000e+30                   0.000000e+00                       2.000000
                2404751.062854                    1100.000000                   1.000000e+30                   0.000000e+00                       2.000000
                2404583.292424                    1100.000000                   1.000000e+30                   0.000000e+00                       2.000000
                2404412.336947                    1100.000000                   1.000000e+30                   0.000000e+00                       2.000000
                2404238.297812                    1100.000000                   1.000000e+30                   0.000000e+00                       2.000000
                2404061.278233                    1100.000000                   1.000000e+30                   0.000000e+00                       2.000000
                2403881.383193                    1100.000000                   1.000000e+30                   0.000000e+00                       2.000000
                2403698.719383                    1100.000000                   1.000000e+30                   0.000000e+00                       2.000000
                2403513.395131                    1100.000000                   1.000000e+30                   0.000000e+00                       2.000000
                2403325.520346                    1100.000000                   1.000000e+30                   0.000000e+00                       2.000000
                2403135.206451                    1100.000000                   1.000000e+30                   0.000000e+00                       2.000000
                2402942.566311                    1100.000000                   1.000000e+30                   0.000000e+00                       2.000000
                2402747.714175                    1100.000000                   1.000000e+30                   0.000000e+00                       2.000000
                2402550.765602                    1100.000000                   1.000000e+30                   0.000000e+00                       2.000000
                2402351.837393                    1100.000000                   1.000000e+30                   0.000000e+00                       2.000000
                2402151.047526                    1100.000000                   1.000000e+30                   0.000000e+00                       2.000000
                2401948.515081                    1100.000000                   1.000000e+30                   0.000000e+00                       2.000000
                2401744.360171                    1100.000000                   1.000000e+30                   0.000000e+00                       2.000000
                2401538.703873                    1100.000000                   1.000000e+30                   0.000000e+00                       2.000000
                2401331.668154                    1100.000000                   1.000000e+30                   0.000000e+00                       2.000000
                2401123.375798                    1100.000000                   1.000000e+30                   0.000000e+00                       2.000000
                2400913.950335                    1100.000000                   1.000000e+30                   0.000000e+00                       2.000000
                2400703.515968                    1100.000000                   1.000000e+30                   0.000000e+00                       2.000000
                2400492.197495                    1100.000000                   1.000000e+30                   0.000000e+00                       2.000000
                2400280.120243                    1100.000000                   1.000000e+30                   0.000000e+00                       2.000000
                2400067.409985                    1100.000000                   1.000000e+30                   0.000000e+00                       2.000000
                2399854.192871                    1100.000000                   1.000000e+30                   0.000000e+00                       2.000000
                2399640.595353                    1100.000000                   1.000000e+30                   0.000000e+00                       2.000000
                2399426.744106                    1100.000000                   1.000000e+30                   0.000000e+00                       2.000000
                2399212.765957                    1100.000000                   1.000000e+30                   0.000000e+00                       2.000000
                2398998.787809                    1100.000000                   1.000000e+30                   0.000000e+00                       2.000000
                2398784.936562                    1100.000000                   1.000000e+30                   0.000000e+00                       2.000000
                2398571.339044                    1100.000000                   1.000000e+30                   0.000000e+00                       2.000000
                2398358.121930                    1100.000000                   1.000000e+30                   0.000000e+00                       2.000000
                2398145.411672                    1100.000000                   1.000000e+30                   0.000000e+00                       2.000000
                2397933.334420                    1100.000000                   1.000000e+30                   0.000000e+00                       2.000000
                2397722.015947                    1100.000000                   1.000000e+30                   0.000000e+00                       2.000000
                2397511.581580                    1100.000000                   1.000000e+30                   0.000000e+00                       2.000000
                2397302.156117                    1100.000000                   1.000000e+30                   0.000000e+00                       2.000000
                2397093.863761                    1100.000000                   1.000000e+30                   0.000000e+00                       2.000000
                2396886.828042                    1100.000000                   1.000000e+30                   0.000000e+00                       2.000000
                2396681.171744                    1100.000000                   1.000000e+30                   0.000000e+00                       2.000000
                2396477.016834                    1100.000000                   1.000000e+30                   0.000000e+00                       2.000000
                2396274.484389                    1100.000000                   1.000000e+30                   0.000000e+00                       2.000000
                2396073.694522                    1100.000000                   1.000000e+30                   0.000000e+00                       2.000000
                2395874.766313                    1100.000000                   1.000000e+30                   0.000000e+00                       2.000000
                2395677.817739                    1100.000000                   1.000000e+30                   0.000000e+00                       2.000000
                2395482.965603                    1100.000000                   1.000000e+30                   0.000000e+00                       2.000000
                2395290.325464                    1100.000000                   1.000000e+30                   0.000000e+00                       2.000000
                2395100.011568                    1100.000000                   1.000000e+30                   0.000000e+00                       2.000000
                2394912.136784                    1100.000000                   1.000000e+30                   0.000000e+00                       2.000000
                2394726.812532                    1100.000000                   1.000000e+30                   0.000000e+00                       2.000000
                2394544.148721                    1100.000000                   1.000000e+30                   0.000000e+00                       2.000000
                2394364.253682                    1100.000000                   1.000000e+30                   0.000000e+00                       2.000000
                2394187.234103                    1100.000000                   1.000000e+30                   0.000000e+00                       2.000000
                2394013.194967                    1100.000000                   1.000000e+30                   0.000000e+00                       2.000000
                2393842.239491                    1100.000000                   1.000000e+30                   0.000000e+00                       2.000000
                2393674.469061                    1100.000000                   1.000000e+30                   0.000000e+00                       2.000000
                2393509.983174                    1100.000000                   1.000000e+30                   0.000000e+00                       2.000000
                2393348.879382                    1100.000000                   1.000000e+30                   0.000000e+00                       2.000000
                2393191.253228                    1100.000000                   1.000000e+30                   0.000000e+00                       2.000000
                2393037.198195                    1100.000000                   1.000000e+30                   0.000000e+00                       2.000000
                2392886.805645                    1100.000000                   1.000000e+30                   0.000000e+00                       2.000000
                2392740.164772                    1100.000000                   1.000000e+30                   0.000000e+00                       2.000000
                2392597.362541                    1100.000000                   1.000000e+30                   0.000000e+00                       2.000000
                2392458.483644                    1100.000000                   1.000000e+30                   0.000000e+00                       2.000000
                2392323.610443                    1100.000000                   1.000000e+30                   0.000000e+00                       2.000000
                2392192.822928                    1100.000000                   1.000000e+30                   0.000000e+00                       2.000000
                2392066.198661                    1100.000000                   1.000000e+30                   0.000000e+00                       2.000000
                2391943.812740                    1100.000000                   1.000000e+30                   0.000000e+00                       2.000000
                2391825.737747                    1100.000000                   1.000000e+30                   0.000000e+00                       2.000000
                2391712.043707                    1100.000000                   1.000000e+30                   0.000000e+00                       2.000000
                2391602.798048                    1100.000000                   1.000000e+30                   0.000000e+00                       2.000000
                2391498.065558                    1100.000000                   1.000000e+30                   0.000000e+00                       2.000000
                2391397.908351                    1100.000000                   1.000000e+30                   0.000000e+00                       2.000000
                2391302.385826                    1100.000000                   1.000000e+30                   0.000000e+00                       2.000000
                2391211.554634                    1100.000000                   1.000000e+30                   0.000000e+00                       2.000000
                2391125.468642                    1100.000000                   1.000000e+30                   0.000000e+00                       2.000000
                2391044.178906                    1100.000000                   1.000000e+30                   0.000000e+00                       2.000000
                2390967.733634                    1100.000000                   1.000000e+30                   0.000000e+00                       2.000000
                2390896.178164                    1100.000000                   1.000000e+30                   0.000000e+00                       2.000000
                2390829.554931                    1100.000000                   1.000000e+30                   0.000000e+00                       2.000000
                2390767.903449                    1100.000000                   1.000000e+30                   0.000000e+00                       2.000000
                2390711.260279                    1100.000000                   1.000000e+30                   0.000000e+00                       2.000000
                2390659.659015                    1100.000000                   1.000000e+30                   0.000000e+00                       2.000000
                2390613.130259                    1100.000000                   1.000000e+30                   0.000000e+00                       2.000000
                2390571.701606                    1100.000000                   1.000000e+30                   0.000000e+00                       2.000000
                2390535.397625                    1100.000000                   1.000000e+30                   0.000000e+00                       2.000000
                2390504.239847                    1100.000000                   1.000000e+30                   0.000000e+00                       2.000000
                2390478.246749                    1100.000000                   1.000000e+30                   0.000000e+00                       2.000000
                2390457.433749                    1100.000000                   1.000000e+30                   0.000000e+00                       2.000000
                2390441.813189                    1100.000000                   1.000000e+30                   0.000000e+00                       2.000000
                2390431.394332                    1100.000000                   1.000000e+30                   0.000000e+00                       2.000000
                2390426.183359                    1100.000000                   1.000000e+30                   0.000000e+00                       2.000000
                2390425.531915                    1100.000000                   1.000000e+30                   0.000000e+00                       2.000000
                2390425.531915                    1250.000000                   1.000000e+30                   6.000000e+09                      15.000000
                2387398.977404                    1250.000000                   1.000000e+30                   6.000000e+09                      15.000000
                2384372.422893                    1250.000000                   1.000000e+30                   6.000000e+09                      15.000000
                2381345.868382                    1250.000000                   1.000000e+30                   6.000000e+09                      15.000000
                2378319.313871                    1250.000000                   1.000000e+30                   6.000000e+09                      15.000000
                2375292.759360                    1250.000000                   1.000000e+30                   6.000000e+09                      15.000000
                2372266.204849                    1250.000000                   1.000000e+30                   6.000000e+09                      15.000000
                2369239.650338                    1250.000000                   1.000000e+30                   6.000000e+09                      15.000000
                2366213.095827                    1250.000000                   1.000000e+30                   6.000000e+09                      15.000000
                2363186.541316                    1250.000000                   1.000000e+30                   6.000000e+09                      15.000000
                2360159.986805                    1250.000000                   1.000000e+30                   6.000000e+09                      15.000000
                2357133.432294                    1250.000000                   1.000000e+30                   6.000000e+09                      15.000000
                2354106.877783                    1250.000000                   1.000000e+30                   6.000000e+09                      15.000000
                2351080.323272                    1250.000000                   1.000000e+30                   6.000000e+09                      15.000000
                2348053.768761                    1250.000000                   1.000000e+30                   6.000000e+09                      15.000000
                2345027.214250                    1250.000000                   1.000000e+30                   6.000000e+09                      15.000000
                2342000.659739                    1250.000000                   1.000000e+30                   6.000000e+09                      15.000000
                2338974.105228                    1250.000000                   1.000000e+30                   6.000000e+09                      15.000000
                2335947.550717                    1250.000000                   1.000000e+30                   6.000000e+09                      15.000000
                2332920.996206                    1250.000000                   1.000000e+30                   6.000000e+09                      15.000000
                2329894.441696                    1250.000000                   1.000000e+30                   6.000000e+09                      15.000000
                2326867.887185                    1250.000000                   1.000000e+30                   6.000000e+09                      15.000000
                2323841.332674                    1250.000000                   1.000000e+30                   6.000000e+09                      15.000000
                2320814.778163                    1250.000000                   1.000000e+30                   6.000000e+09                      15.000000
                2317788.223652                    1250.000000                   1.000000e+30                   6.000000e+09                      15.000000
                2314761.669141                    1250.000000                   1.000000e+30                   6.000000e+09                      15.000000
                2311735.114630                    1250.000000                   1.000000e+30                   6.000000e+09                      15.000000
                2308708.560119                    1250.000000                   1.000000e+30                   6.000000e+09                      15.000000
                2305682.005608                    1250.000000                   1.000000e+30                   6.000000e+09                      15.000000
                2302655.451097                    1250.000000                   1.000000e+30                   6.000000e+09                      15.000000
                2299628.896586                    1250.000000                   1.000000e+30                   6.000000e+09                      15.000000
                2296602.342075                    1250.000000                   1.000000e+30                   6.000000e+09                      15.000000
                2293575.787564                    1250.000000                   1.000000e+30                   6.000000e+09                      15.000000
                2290549.233053                    1250.000000                   1.000000e+30                   6.000000e+09                      15.000000
                2287522.678542                    1250.000000                   1.000000e+30                   6.000000e+09                      15.000000
                2284496.124031                    1250.000000                   1.000000e+30                   6.000000e+09                      15.000000
                2281469.569520                    1250.000000                   1.000000e+30                   6.000000e+09                      15.000000
                2278443.015009                    1250.000000                   1.000000e+30                   6.000000e+09                      15.000000
                2275416.460498                    1250.000000                   1.000000e+30                   6.000000e+09                      15.000000
                2272389.905987                    1250.000000                   1.000000e+30                   6.000000e+09                      15.000000
                2269363.351476                    1250.000000                   1.000000e+30                   6.000000e+09                      15.000000
                2266336.796965                    1250.000000                   1.000000e+30                   6.000000e+09                      15.000000
                2263310.242454                    1250.000000                   1.000000e+30                   6.000000e+09                      15.000000
                2260283.687943                    1250.000000                   1.000000e+30                   6.000000e+09                      15.000000
                2257257.133432                    1250.000000                   1.000000e+30                   6.000000e+09                      15.000000
                2254230.578921                    1250.000000                   1.000000e+30                   6.000000e+09                      15.000000
                2251204.024410                    1250.000000                   1.000000e+30                   6.000000e+09                      15.000000
                2248177.469899                    1250.000000                   1.000000e+30                   6.000000e+09                      15.000000
                2245150.915388                    1250.000000                   1.000000e+30                   6.000000e+09                      15.000000
                2242124.360877                    1250.000000                   1.000000e+30                   6.000000e+09                      15.000000
                2239097.806366                    1250.000000                   1.000000e+30                   6.000000e+09                      15.000000
                2236071.251856                    1250.000000                   1.000000e+30                   6.000000e+09                      15.000000
                2233044.697345                    1250.000000                   1.000000e+30                   6.000000e+09                      15.000000
                2230018.142834                    1250.000000                   1.000000e+30                   6.000000e+09                      15.000000
                2226991.588323                    1250.000000                   1.000000e+30                   6.000000e+09                      15.000000
                2223965.033812                    1250.000000                   1.000000e+30                   6.000000e+09                      15.000000
                2220938.479301                    1250.000000                   1.000000e+30                   6.000000e+09                      15.000000
                2217911.924790                    1250.000000                   1.000000e+30                   6.000000e+09                      15.000000
                2214885.370279                    1250.000000                   1.000000e+30                   6.000000e+09                      15.000000
                2211858.815768                    1250.000000                   1.000000e+30                   6.000000e+09                      15.000000
                2208832.261257                    1250.000000                   1.000000e+30                   6.000000e+09                      15.000000
                2205805.706746                    1250.000000                   1.000000e+30                   6.000000e+09                      15.000000
                2202779.152235                    1250.000000                   1.000000e+30                   6.000000e+09                      15.000000
                2199752.597724                    1250.000000                   1.000000e+30                   6.000000e+09                      15.000000
                2196726.043213                    1250.000000                   1.000000e+30                   6.000000e+09                      15.000000
                2193699.488702                    1250.000000                   1.000000e+30                   6.000000e+09                      15.000000
                2190672.934191                    1250.000000                   1.000000e+30                   6.000000e+09                      15.000000
                2187646.379680                    1250.000000                   1.000000e+30                   6.000000e+09                      15.000000
                2184619.825169                    1250.000000                   1.000000e+30                   6.000000e+09                      15.000000
                2181593.270658                    1250.000000                   1.000000e+30                   6.000000e+09                      15.000000
                2178566.716147                    1250.000000                   1.000000e+30                   6.000000e+09                      15.000000
                2175540.161636                    1250.000000                   1.000000e+30                   6.000000e+09                      15.000000
                2172513.607125                    1250.000000                   1.000000e+30                   6.000000e+09                      15.000000
                2169487.052614                    1250.000000                   1.000000e+30                   6.000000e+09                      15.000000
                2166460.498103                    1250.000000                   1.000000e+30                   6.000000e+09                      15.000000
                2163433.943592                    1250.000000                   1.000000e+30                   6.000000e+09                      15.000000
                2160407.389081                    1250.000000                   1.000000e+30                   6.000000e+09                      15.000000
                2157380.834570                    1250.000000                   1.000000e+30                   6.000000e+09                      15.000000
                2154354.280059                    1250.000000                   1.000000e+30                   6.000000e+09                      15.000000
                2151327.725548                    1250.000000                   1.000000e+30                   6.000000e+09                      15.000000
                2148301.171037                    1250.000000                   1.000000e+30                   6.000000e+09                      15.000000
                2145274.616526                    1250.000000                   1.000000e+30                   6.000000e+09                      15.000000
                2142248.062016                    1250.000000                   1.000000e+30                   6.000000e+09                      15.000000
                2139221.507505                    1250.000000                   1.000000e+30                   6.000000e+09                      15.000000
                2136194.952994                    1250.000000                   1.000000e+30                   6.000000e+09                      15.000000
                2133168.398483                    1250.000000                   1.000000e+30                   6.000000e+09                      15.000000
                2130141.843972                    1250.000000                   1.000000e+30                   6.000000e+09                      15.000000
                2127115.289461                    1250.000000                   1.000000e+30                   6.000000e+09                      15.000000
                2124088.734950                    1250.000000                   1.000000e+30                   6.000000e+09                      15.000000
                2121062.180439                    1250.000000                   1.000000e+30                   6.000000e+09                      15.000000
                2118035.625928                    1250.000000                   1.000000e+30                   6.000000e+09                      15.000000
                2115009.071417                    1250.000000                   1.000000e+30                   6.000000e+09                      15.000000
                2111982.516906                    1250.000000                   1.000000e+30                   6.000000e+09                      15.000000
                2108955.962395                    1250.000000                   1.000000e+30                   6.000000e+09                      15.000000
                2105929.407884                    1250.000000                   1.000000e+30                   6.000000e+09                      15.000000
                2102902.853373                    1250.000000                   1.000000e+30                   6.000000e+09                      15.000000
                2099876.298862                    1250.000000                   1.000000e+30                   6.000000e+09                      15.000000
                2096849.744351                    1250.000000                   1.000000e+30                   6.000000e+09                      15.000000
                2093823.189840                    1250.000000                   1.000000e+30                   6.000000e+09                      15.000000
                2090796.635329                    1250.000000                   1.000000e+30                   6.000000e+09                      15.000000
                2087770.080818                    1250.000000                   1.000000e+30                   6.000000e+09                      15.000000
                2084743.526307                    1250.000000                   1.000000e+30                   6.000000e+09                      15.000000
                2081716.971796                    1250.000000                   1.000000e+30                   6.000000e+09                      15.000000
                2078690.417285                    1250.000000                   1.000000e+30                   6.000000e+09                      15.000000
                2075663.862774                    1250.000000                   1.000000e+30                   6.000000e+09                      15.000000
                2072637.308263                    1250.000000                   1.000000e+30                   6.000000e+09                      15.000000
                2069610.753752                    1250.000000                   1.000000e+30                   6.000000e+09                      15.000000
                2066584.199241                    1250.000000                   1.000000e+30                   6.000000e+09                      15.000000
                2063557.644730                    1250.000000                   1.000000e+30                   6.000000e+09                      15.000000
                2060531.090219                    1250.000000                   1.000000e+30                   6.000000e+09                      15.000000
                2057504.535708                    1250.000000                   1.000000e+30                   6.000000e+09                      15.000000
                2054477.981197                    1250.000000                   1.000000e+30                   6.000000e+09                      15.000000
                2051451.426686                    1250.000000                   1.000000e+30                   6.000000e+09                      15.000000
                2048424.872175                    1250.000000                   1.000000e+30                   6.000000e+09                      15.000000
                2045398.317665                    1250.000000                   1.000000e+30                   6.000000e+09                      15.000000
                2042371.763154                    1250.000000                   1.000000e+30                   6.000000e+09                      15.000000
                2039345.208643                    1250.000000                   1.000000e+30                   6.000000e+09                      15.000000
                2036318.654132                    1250.000000                   1.000000e+30                   6.000000e+09                      15.000000
                2033292.099621                    1250.000000                   1.000000e+30                   6.000000e+09                      15.000000
                2030265.545110                    1250.000000                   1.000000e+30                   6.000000e+09                      15.000000
                2027238.990599                    1250.000000                   1.000000e+30                   6.000000e+09                      15.000000
                2024212.436088                    1250.000000                   1.000000e+30                   6.000000e+09                      15.000000
                2021185.881577                    1250.000000                   1.000000e+30                   6.000000e+09                      15.000000
                2018159.327066                    1250.000000                   1.000000e+30                   6.000000e+09                      15.000000
                2015132.772555                    1250.000000                   1.000000e+30                   6.000000e+09                      15.000000
                2012106.218044                    1250.000000                   1.000000e+30                   6.000000e+09                      15.000000
                2009079.663533                    1250.000000                   1.000000e+30                   6.000000e+09                      15.000000
                2006053.109022                    1250.000000                   1.000000e+30                   6.000000e+09                      15.000000
                2003026.554511                    1250.000000                   1.000000e+30                   6.000000e+09                      15.000000
                2000000.000000                    1250.000000                   1.000000e+30                   6.000000e+09                      15.000000
                2000000.000000                    2850.888870                   1.000000e+30                   3.000000e+10                      17.000000
                1977494.961410                    2850.888870                   1.000000e+30                   3.000000e+10                      17.000000
                1954989.922821                    2850.888870                   1.000000e+30                   3.000000e+10                      17.000000
                1932484.884231                    2850.888870                   1.000000e+30                   3.000000e+10                      17.000000
                1909979.845641                    2850.888870                   1.000000e+30                   3.000000e+10                      17.000000
                1887474.807051                    2850.888870                   1.000000e+30                   3.000000e+10                      17.000000
                1864969.768462                    2850.888870                   1.000000e+30                   3.000000e+10                      17.000000
                1842464.729872                    2850.888870                   1.000000e+30                   3.000000e+10                      17.000000
                1819959.691282                    2850.888870                   1.000000e+30                   3.000000e+10                      17.000000
                1797454.652693                    2850.888870                   1.000000e+30                   3.000000e+10                      17.000000
                1774949.614103                    2850.888870                   1.000000e+30                   3.000000e+10                      17.000000
                1752444.575513                    2850.888870                   1.000000e+30                   3.000000e+10                      17.000000
                1729939.536923                    2850.888870                   1.000000e+30                   3.000000e+10                      17.000000
                1707434.498334                    2850.888870                   1.000000e+30                   3.000000e+10                      17.000000
                1684929.459744                    2850.888870                   1.000000e+30                   3.000000e+10                      17.000000
                1662424.421154                    2850.888870                   1.000000e+30                   3.000000e+10                      17.000000
                1639919.382565                    2850.888870                   1.000000e+30                   3.000000e+10                      17.000000
                1617414.343975                    2850.888870                   1.000000e+30                   3.000000e+10                      17.000000
                1594909.305385                    2850.888870                   1.000000e+30                   3.000000e+10                      17.000000
                1572404.266795                    2850.888870                   1.000000e+30                   3.000000e+10                      17.000000
                1549899.228206                    2850.888870                   1.000000e+30                   3.000000e+10                      17.000000
                1527394.189616                    2850.888870                   1.000000e+30                   3.000000e+10                      17.000000
                1504889.151026                    2850.888870                   1.000000e+30                   3.000000e+10                      17.000000
                1482384.112437                    2850.888870                   1.000000e+30                   3.000000e+10                      17.000000
                1459879.073847                    2850.888870                   1.000000e+30                   3.000000e+10                      17.000000
                1437374.035257                    2850.888870                   1.000000e+30                   3.000000e+10                      17.000000
                1414868.996667                    2850.888870                   1.000000e+30                   3.000000e+10                      17.000000
                1392363.958078                    2850.888870                   1.000000e+30                   3.000000e+10                      17.000000
                1369858.919488                    2850.888870                   1.000000e+30                   3.000000e+10                      17.000000
                1347353.880898                    2850.888870                   1.000000e+30                   3.000000e+10                      17.000000
                1324848.842309                    2850.888870                   1.000000e+30                   3.000000e+10                      17.000000
                1302343.803719                    2850.888870                   1.000000e+30                   3.000000e+10                      17.000000
                1279838.765129                    2850.888870                   1.000000e+30                   3.000000e+10                      17.000000
                1257333.726539                    2850.888870                   1.000000e+30                   3.000000e+10                      17.000000
                1234828.687950                    2850.888870                   1.000000e+30                   3.000000e+10                      17.000000
                1212323.649360                    2850.888870                   1.000000e+30                   3.000000e+10                      17.000000
                1189818.610770                    2850.888870                   1.000000e+30                   3.000000e+10                      17.000000
                1167313.572181                    2850.888870                   1.000000e+30                   3.000000e+10                      17.000000
                1144808.533591                    2850.888870                   1.000000e+30                   3.000000e+10                      17.000000
                1122303.495001                    2850.888870                   1.000000e+30                   3.000000e+10                      17.000000
                1099798.456411                    2850.888870                   1.000000e+30                   3.000000e+10                      17.000000
                1077293.417822                    2850.888870                   1.000000e+30                   3.000000e+10                      17.000000
                1054788.379232                    2850.888870                   1.000000e+30                   3.000000e+10                      17.000000
                1032283.340642                    2850.888870                   1.000000e+30                   3.000000e+10                      17.000000
                1009778.302053                    2850.888870                   1.000000e+30                   3.000000e+10                      17.000000
                 987273.263463                    2850.888870                   1.000000e+30                   3.000000e+10                      17.000000
                 964768.224873                    2850.888870                   1.000000e+30                   3.000000e+10                      17.000000
                 942263.186283                    2850.888870                   1.000000e+30                   3.000000e+10                      17.000000
                 919758.147694                    2850.888870                   1.000000e+30                   3.000000e+10                      17.000000
                 897253.109104                    2850.888870                   1.000000e+30                   3.000000e+10                      17.000000
                 874748.070514                    2850.888870                   1.000000e+30                   3.000000e+10                      17.000000
                 852243.031925                    2850.888870                   1.000000e+30                   3.000000e+10                      17.000000
                 829737.993335                    2850.888870                   1.000000e+30                   3.000000e+10                      17.000000
                 807232.954745                    2850.888870                   1.000000e+30                   3.000000e+10                      17.000000
                 784727.916155                    2850.888870                   1.000000e+30                   3.000000e+10                      17.000000
                 762222.877566                    2850.888870                   1.000000e+30                   3.000000e+10                      17.000000
                 739717.838976                    2850.888870                   1.000000e+30                   3.000000e+10                      17.000000
                 717212.800386                    2850.888870                   1.000000e+30                   3.000000e+10                      17.000000
                 694707.761797                    2850.888870                   1.000000e+30                   3.000000e+10                      17.000000
                 672202.723207                    2850.888870                   1.000000e+30                   3.000000e+10                      17.000000
                 649697.684617                    2850.888870                   1.000000e+30                   3.000000e+10                      17.000000
                 627192.646027                    2850.888870                   1.000000e+30                   3.000000e+10                      17.000000
                 604687.607438                    2850.888870                   1.000000e+30                   3.000000e+10                      17.000000
                 582182.568848                    2850.888870                   1.000000e+30                   3.000000e+10                      17.000000
                 559677.530258                    2850.888870                   1.000000e+30                   3.000000e+10                      17.000000
                 537172.491669                    2850.888870                   1.000000e+30                   3.000000e+10                      17.000000
                 514667.453079                    2850.888870                   1.000000e+30                   3.000000e+10                      17.000000
                 492162.414489                    2850.888870                   1.000000e+30                   3.000000e+10                      17.000000
                 469657.375899                    2850.888870                   1.000000e+30                   3.000000e+10                      17.000000
                 447152.337310                    2850.888870                   1.000000e+30                   3.000000e+10                      17.000000
                 424647.298720                    2850.888870                   1.000000e+30                   3.000000e+10                      17.000000
                 402142.260130                    2850.888870                   1.000000e+30                   3.000000e+10                      17.000000
                 379637.221541                    2850.888870                   1.000000e+30                   3.000000e+10                      17.000000
                 357132.182951                    2850.888870                   1.000000e+30                   3.000000e+10                      17.000000
                 334627.144361                    2850.888870                   1.000000e+30                   3.000000e+10                      17.000000
                 312122.105771                    2850.888870                   1.000000e+30                   3.000000e+10                      17.000000
                 289617.067182                    2850.888870                   1.000000e+30                   3.000000e+10                      17.000000
                 267112.028592                    2850.888870                   1.000000e+30                   3.000000e+10                      17.000000
                 244606.990002                    2850.888870                   1.000000e+30                   3.000000e+10                      17.000000
                 222101.951413                    2850.888870                   1.000000e+30                   3.000000e+10                      17.000000
                 199596.912823                    2850.888870                   1.000000e+30                   3.000000e+10                      17.000000
                 177091.874233                    2850.888870                   1.000000e+30                   3.000000e+10                      17.000000
                 154586.835643                    2850.888870                   1.000000e+30                   3.000000e+10                      17.000000
                 132081.797054                    2850.888870                   1.000000e+30                   3.000000e+10                      17.000000
                 109576.758464                    2850.888870                   1.000000e+30                   3.000000e+10                      17.000000
                  87071.719874                    2850.888870                   1.000000e+30                   3.000000e+10                      17.000000
                  64566.681284                    2850.888870                   1.000000e+30                   3.000000e+10                      17.000000
                  42061.642695                    2850.888870                   1.000000e+30                   3.000000e+10                      17.000000
                  19556.604105                    2850.888870                   1.000000e+30                   3.000000e+10                      17.000000
                  -2948.434485                    2850.888870                   1.000000e+30                   3.000000e+10                      17.000000
                 -25453.473074                    2850.888870                   1.000000e+30                   3.000000e+10                      17.000000
                 -47958.511664                    2850.888870                   1.000000e+30                   3.000000e+10                      17.000000
                 -70463.550254                    2850.888870                   1.000000e+30                   3.000000e+10                      17.000000
                 -92968.588844                    2850.888870                   1.000000e+30                   3.000000e+10                      17.000000
                -115473.627433                    2850.888870                   1.000000e+30                   3.000000e+10                      17.000000
                -137978.666023                    2850.888870                   1.000000e+30                   3.000000e+10                      17.000000
                -160483.704613                    2850.888870                   1.000000e+30                   3.000000e+10                      17.000000
                -182988.743202                    2850.888870                   1.000000e+30                   3.000000e+10                      17.000000
                -205493.781792                    2850.888870                   1.000000e+30                   3.000000e+10                      17.000000
                -227998.820382                    2850.888870                   1.000000e+30                   3.000000e+10                      17.000000
                -250503.858972                    2850.888870                   1.000000e+30                   3.000000e+10                      17.000000
                -273008.897561                    2850.888870                   1.000000e+30                   3.000000e+10                      17.000000
                -295513.936151                    2850.888870                   1.000000e+30                   3.000000e+10                      17.000000
                -318018.974741                    2850.888870                   1.000000e+30                   3.000000e+10                      17.000000
                -340524.013330                    2850.888870                   1.000000e+30                   3.000000e+10                      17.000000
                -363029.051920                    2850.888870                   1.000000e+30                   3.000000e+10                      17.000000
                -385534.090510                    2850.888870                   1.000000e+30                   3.000000e+10                      17.000000
                -408039.129100                    2850.888870                   1.000000e+30                   3.000000e+10                      17.000000
                -430544.167689                    2850.888870                   1.000000e+30                   3.000000e+10                      17.000000
                -453049.206279                    2850.888870                   1.000000e+30                   3.000000e+10                      17.000000
                -475554.244869                    2850.888870                   1.000000e+30                   3.000000e+10                      17.000000
                -498059.283458                    2850.888870                   1.000000e+30                   3.000000e+10                      17.000000
                -520564.322048                    2850.888870                   1.000000e+30                   3.000000e+10                      17.000000
                -543069.360638                    2850.888870                   1.000000e+30                   3.000000e+10                      17.000000
                -565574.399228                    2850.888870                   1.000000e+30                   3.000000e+10                      17.000000
                -588079.437817                    2850.888870                   1.000000e+30                   3.000000e+10                      17.000000
                -610584.476407                    2850.888870                   1.000000e+30                   3.000000e+10                      17.000000
                -633089.514997                    2850.888870                   1.000000e+30                   3.000000e+10                      17.000000
                -655594.553586                    2850.888870                   1.000000e+30                   3.000000e+10                      17.000000
                -678099.592176                    2850.888870                   1.000000e+30                   3.000000e+10                      17.000000
                -700604.630766                    2850.888870                   1.000000e+30                   3.000000e+10                      17.000000
                -723109.669356                    2850.888870                   1.000000e+30                   3.000000e+10                      17.000000
                -745614.707945                    2850.888870                   1.000000e+30                   3.000000e+10                      17.000000
                -768119.746535                    2850.888870                   1.000000e+30                   3.000000e+10                      17.000000
                -790624.785125                    2850.888870                   1.000000e+30                   3.000000e+10                      17.000000
                -813129.823714                    2850.888870                   1.000000e+30                   3.000000e+10                      17.000000
                -835634.862304                    2850.888870                   1.000000e+30                   3.000000e+10                      17.000000
                -858139.900894                    2850.888870                   1.000000e+30                   3.000000e+10                      17.000000
                -880644.939484                    2850.888870                   1.000000e+30                   3.000000e+10                      17.000000
                -903149.978073                    2850.888870                   1.000000e+30                   3.000000e+10                      17.000000
                -903149.978073                    3300.000000                   1.000000e+30                   5.000000e+10                      22.000000
                -896148.737933                    3300.000000                   1.000000e+30                   5.000000e+10                      22.000000
                -889147.497793                    3300.000000                   1.000000e+30                   5.000000e+10                      22.000000
                -882146.257653                    3300.000000                   1.000000e+30                   5.000000e+10                      22.000000
                -875145.017513                    3300.000000                   1.000000e+30                   5.000000e+10                      22.000000
                -868143.777373                    3300.000000                   1.000000e+30                   5.000000e+10                      22.000000
                -861142.537233                    3300.000000                   1.000000e+30                   5.000000e+10                      22.000000
                -854141.297093                    3300.000000                   1.000000e+30                   5.000000e+10                      22.000000
                -847140.056952                    3300.000000                   1.000000e+30                   5.000000e+10                      22.000000
                -840138.816812                    3300.000000                   1.000000e+30                   5.000000e+10                      22.000000
                -833137.576672                    3300.000000                   1.000000e+30                   5.000000e+10                      22.000000
                -826136.336532                    3300.000000                   1.000000e+30                   5.000000e+10                      22.000000
                -819135.096392                    3300.000000                   1.000000e+30                   5.000000e+10                      22.000000
                -812133.856252                    3300.000000                   1.000000e+30                   5.000000e+10                      22.000000
                -805132.616112                    3300.000000                   1.000000e+30                   5.000000e+10                      22.000000
                -798131.375972                    3300.000000                   1.000000e+30                   5.000000e+10                      22.000000
                -791130.135832                    3300.000000                   1.000000e+30                   5.000000e+10                      22.000000
                -784128.895692                    3300.000000                   1.000000e+30                   5.000000e+10                      22.000000
                -777127.655551                    3300.000000                   1.000000e+30                   5.000000e+10                      22.000000
                -770126.415411                    3300.000000                   1.000000e+30                   5.000000e+10                      22.000000
                -763125.175271                    3300.000000                   1.000000e+30                   5.000000e+10                      22.000000
                -756123.935131                    3300.000000                   1.000000e+30                   5.000000e+10                      22.000000
                -749122.694991                    3300.000000                   1.000000e+30                   5.000000e+10                      22.000000
                -742121.454851                    3300.000000                   1.000000e+30                   5.000000e+10                      22.000000
                -735120.214711                    3300.000000                   1.000000e+30                   5.000000e+10                      22.000000
                -728118.974571                    3300.000000                   1.000000e+30                   5.000000e+10                      22.000000
                -721117.734431                    3300.000000                   1.000000e+30                   5.000000e+10                      22.000000
                -714116.494290                    3300.000000                   1.000000e+30                   5.000000e+10                      22.000000
                -707115.254150                    3300.000000                   1.000000e+30                   5.000000e+10                      22.000000
                -700114.014010                    3300.000000                   1.000000e+30                   5.000000e+10                      22.000000
                -693112.773870                    3300.000000                   1.000000e+30                   5.000000e+10                      22.000000
                -686111.533730                    3300.000000                   1.000000e+30                   5.000000e+10                      22.000000
                -679110.293590                    3300.000000                   1.000000e+30                   5.000000e+10                      22.000000
                -672109.053450                    3300.000000                   1.000000e+30                   5.000000e+10                      22.000000
                -665107.813310                    3300.000000                   1.000000e+30                   5.000000e+10                      22.000000
                -658106.573170                    3300.000000                   1.000000e+30                   5.000000e+10                      22.000000
                -651105.333030                    3300.000000                   1.000000e+30                   5.000000e+10                      22.000000
                -644104.092889                    3300.000000                   1.000000e+30                   5.000000e+10                      22.000000
                -637102.852749                    3300.000000                   1.000000e+30                   5.000000e+10                      22.000000
                -630101.612609                    3300.000000                   1.000000e+30                   5.000000e+10                      22.000000
                -623100.372469                    3300.000000                   1.000000e+30                   5.000000e+10                      22.000000
                -616099.132329                    3300.000000                   1.000000e+30                   5.000000e+10                      22.000000
                -609097.892189                    3300.000000                   1.000000e+30                   5.000000e+10                      22.000000
                -602096.652049                    3300.000000                   1.000000e+30                   5.000000e+10                      22.000000
                -595095.411909                    3300.000000                   1.000000e+30                   5.000000e+10                      22.000000
                -588094.171769                    3300.000000                   1.000000e+30                   5.000000e+10                      22.000000
                -581092.931629                    3300.000000                   1.000000e+30                   5.000000e+10                      22.000000
                -574091.691488                    3300.000000                   1.000000e+30                   5.000000e+10                      22.000000
                -567090.451348                    3300.000000                   1.000000e+30                   5.000000e+10                      22.000000
                -560089.211208                    3300.000000                   1.000000e+30                   5.000000e+10                      22.000000
                -553087.971068                    3300.000000                   1.000000e+30                   5.000000e+10                      22.000000
                -546086.730928                    3300.000000                   1.000000e+30                   5.000000e+10                      22.000000
                -539085.490788                    3300.000000                   1.000000e+30                   5.000000e+10                      22.000000
                -532084.250648                    3300.000000                   1.000000e+30                   5.000000e+10                      22.000000
                -525083.010508                    3300.000000                   1.000000e+30                   5.000000e+10                      22.000000
                -518081.770368                    3300.000000                   1.000000e+30                   5.000000e+10                      22.000000
                -511080.530228                    3300.000000                   1.000000e+30                   5.000000e+10                      22.000000
                -504079.290087                    3300.000000                   1.000000e+30                   5.000000e+10                      22.000000
                -497078.049947                    3300.000000                   1.000000e+30                   5.000000e+10                      22.000000
                -490076.809807                    3300.000000                   1.000000e+30                   5.000000e+10                      22.000000
                -483075.569667                    3300.000000                   1.000000e+30                   5.000000e+10                      22.000000
                -476074.329527                    3300.000000                   1.000000e+30                   5.000000e+10                      22.000000
                -469073.089387                    3300.000000                   1.000000e+30                   5.000000e+10                      22.000000
                -462071.849247                    3300.000000                   1.000000e+30                   5.000000e+10                      22.000000
                -455070.609107                    3300.000000                   1.000000e+30                   5.000000e+10                      22.000000
                -448069.368967                    3300.000000                   1.000000e+30                   5.000000e+10                      22.000000
                -441068.128826                    3300.000000                   1.000000e+30                   5.000000e+10                      22.000000
                -434066.888686                    3300.000000                   1.000000e+30                   5.000000e+10                      22.000000
                -427065.648546                    3300.000000                   1.000000e+30                   5.000000e+10                      22.000000
                -420064.408406                    3300.000000                   1.000000e+30                   5.000000e+10                      22.000000
                -413063.168266                    3300.000000                   1.000000e+30                   5.000000e+10                      22.000000
                -406061.928126                    3300.000000                   1.000000e+30                   5.000000e+10                      22.000000
                -399060.687986                    3300.000000                   1.000000e+30                   5.000000e+10                      22.000000
                -392059.447846                    3300.000000                   1.000000e+30                   5.000000e+10                      22.000000
                -385058.207706                    3300.000000                   1.000000e+30                   5.000000e+10                      22.000000
                -378056.967566                    3300.000000                   1.000000e+30                   5.000000e+10                      22.000000
                -371055.727425                    3300.000000                   1.000000e+30                   5.000000e+10                      22.000000
                -364054.487285                    3300.000000                   1.000000e+30                   5.000000e+10                      22.000000
                -357053.247145                    3300.000000                   1.000000e+30                   5.000000e+10                      22.000000
                -350052.007005                    3300.000000                   1.000000e+30                   5.000000e+10                      22.000000
                -343050.766865                    3300.000000                   1.000000e+30                   5.000000e+10                      22.000000
                -336049.526725                    3300.000000                   1.000000e+30                   5.000000e+10                      22.000000
                -329048.286585                    3300.000000                   1.000000e+30                   5.000000e+10                      22.000000
                -322047.046445                    3300.000000                   1.000000e+30                   5.000000e+10                      22.000000
                -315045.806305                    3300.000000                   1.000000e+30                   5.000000e+10                      22.000000
                -308044.566165                    3300.000000                   1.000000e+30                   5.000000e+10                      22.000000
                -301043.326024                    3300.000000                   1.000000e+30                   5.000000e+10                      22.000000
                -294042.085884                    3300.000000                   1.000000e+30                   5.000000e+10                      22.000000
                -287040.845744                    3300.000000                   1.000000e+30                   5.000000e+10                      22.000000
                -280039.605604                    3300.000000                   1.000000e+30                   5.000000e+10                      22.000000
                -273038.365464                    3300.000000                   1.000000e+30                   5.000000e+10                      22.000000
                -266037.125324                    3300.000000                   1.000000e+30                   5.000000e+10                      22.000000
                -259035.885184                    3300.000000                   1.000000e+30                   5.000000e+10                      22.000000
                -252034.645044                    3300.000000                   1.000000e+30                   5.000000e+10                      22.000000
                -245033.404904                    3300.000000                   1.000000e+30                   5.000000e+10                      22.000000
                -238032.164763                    3300.000000                   1.000000e+30                   5.000000e+10                      22.000000
                -231030.924623                    3300.000000                   1.000000e+30                   5.000000e+10                      22.000000
                -224029.684483                    3300.000000                   1.000000e+30                   5.000000e+10                      22.000000
                -217028.444343                    3300.000000                   1.000000e+30                   5.000000e+10                      22.000000
                -210027.204203                    3300.000000                   1.000000e+30                   5.000000e+10                      22.000000
                -203025.964063                    3300.000000                   1.000000e+30                   5.000000e+10                      22.000000
                -196024.723923                    3300.000000                   1.000000e+30                   5.000000e+10                      22.000000
                -189023.483783                    3300.000000                   1.000000e+30                   5.000000e+10                      22.000000
                -182022.243643                    3300.000000                   1.000000e+30                   5.000000e+10                      22.000000
                -175021.003503                    3300.000000                   1.000000e+30                   5.000000e+10                      22.000000
                -168019.763362                    3300.000000                   1.000000e+30                   5.000000e+10                      22.000000
                -161018.523222                    3300.000000                   1.000000e+30                   5.000000e+10                      22.000000
                -154017.283082                    3300.000000                   1.000000e+30                   5.000000e+10                      22.000000
                -147016.042942                    3300.000000                   1.000000e+30                   5.000000e+10                      22.000000
                -140014.802802                    3300.000000                   1.000000e+30                   5.000000e+10                      22.000000
                -133013.562662                    3300.000000                   1.000000e+30                   5.000000e+10                      22.000000
                -126012.322522                    3300.000000                   1.000000e+30                   5.000000e+10                      22.000000
                -119011.082382                    3300.000000                   1.000000e+30                   5.000000e+10                      22.000000
                -112009.842242                    3300.000000                   1.000000e+30                   5.000000e+10                      22.000000
                -105008.602102                    3300.000000                   1.000000e+30                   5.000000e+10                      22.000000
                 -98007.361961                    3300.000000                   1.000000e+30                   5.000000e+10                      22.000000
                 -91006.121821                    3300.000000                   1.000000e+30                   5.000000e+10                      22.000000
                 -84004.881681                    3300.000000                   1.000000e+30                   5.000000e+10                      22.000000
                 -77003.641541                    3300.000000                   1.000000e+30                   5.000000e+10                      22.000000
                 -70002.401401                    3300.000000                   1.000000e+30                   5.000000e+10                      22.000000
                 -63001.161261                    3300.000000                   1.000000e+30                   5.000000e+10                      22.000000
                 -55999.921121                    3300.000000                   1.000000e+30                   5.000000e+10                      22.000000
                 -48998.680981                    3300.000000                   1.000000e+30                   5.000000e+10                      22.000000
                 -41997.440841                    3300.000000                   1.000000e+30                   5.000000e+10                      22.000000
                 -34996.200701                    3300.000000                   1.000000e+30                   5.000000e+10                      22.000000
                 -27994.960560                    3300.000000                   1.000000e+30                   5.000000e+10                      22.000000
                 -20993.720420                    3300.000000                   1.000000e+30                   5.000000e+10                      22.000000
                 -13992.480280                    3300.000000                   1.000000e+30                   5.000000e+10                      22.000000
                  -6991.240140                    3300.000000                   1.000000e+30                   5.000000e+10                      22.000000
                     10.000000                    3300.000000                   1.000000e+30                   5.000000e+10                      22.000000
