                   #Radius (m)               Density (kg/m^3)              Bulk modulus (Pa)             Shear modulus (Pa)               Viscosity (Pa.s)
                2575000.000000                     930.000000                   1.000000e+30                   3.500000e+09                      24.000000
                2574999.710145                     930.000000                   1.000000e+30                   3.500000e+09                      24.000000
                2574999.420290                     930.000000                   1.000000e+30                   3.500000e+09                      24.000000
                2574999.130435                     930.000000                   1.000000e+30                   3.500000e+09                      24.000000
                2574998.840580                     930.000000                   1.000000e+30                   3.500000e+09                      24.000000
                2574998.550725                     930.000000                   1.000000e+30                   3.500000e+09                      24.000000
                2574998.260870                     930.000000                   1.000000e+30                   3.500000e+09                      24.000000
                2574997.971014                     930.000000                   1.000000e+30                   3.500000e+09                      24.000000
                2574997.681159                     930.000000                   1.000000e+30                   3.500000e+09                      24.000000
                2574997.391304                     930.000000                   1.000000e+30                   3.500000e+09                      24.000000
                2574997.101449                     930.000000                   1.000000e+30                   3.500000e+09                      24.000000
                2574996.811594                     930.000000                   1.000000e+30                   3.500000e+09                      24.000000
                2574996.521739                     930.000000                   1.000000e+30                   3.500000e+09                      24.000000
                2574996.231884                     930.000000                   1.000000e+30                   3.500000e+09                      24.000000
                2574995.942029                     930.000000                   1.000000e+30                   3.500000e+09                      24.000000
                2574995.652174                     930.000000                   1.000000e+30                   3.500000e+09                      24.000000
                2574995.362319                     930.000000                   1.000000e+30                   3.500000e+09                      24.000000
                2574995.072464                     930.000000                   1.000000e+30                   3.500000e+09                      24.000000
                2574994.782609                     930.000000                   1.000000e+30                   3.500000e+09                      24.000000
                2574994.492754                     930.000000                   1.000000e+30                   3.500000e+09                      24.000000
                2574994.202899                     930.000000                   1.000000e+30                   3.500000e+09                      24.000000
                2574993.913043                     930.000000                   1.000000e+30                   3.500000e+09                      24.000000
                2574993.623188                     930.000000                   1.000000e+30                   3.500000e+09                      24.000000
                2574993.333333                     930.000000                   1.000000e+30                   3.500000e+09                      24.000000
                2574993.043478                     930.000000                   1.000000e+30                   3.500000e+09                      24.000000
                2574992.753623                     930.000000                   1.000000e+30                   3.500000e+09                      24.000000
                2574992.463768                     930.000000                   1.000000e+30                   3.500000e+09                      24.000000
                2574992.173913                     930.000000                   1.000000e+30                   3.500000e+09                      24.000000
                2574991.884058                     930.000000                   1.000000e+30                   3.500000e+09                      24.000000
                2574991.594203                     930.000000                   1.000000e+30                   3.500000e+09                      24.000000
                2574991.304348                     930.000000                   1.000000e+30                   3.500000e+09                      24.000000
                2574991.014493                     930.000000                   1.000000e+30                   3.500000e+09                      24.000000
                2574990.724638                     930.000000                   1.000000e+30                   3.500000e+09                      24.000000
                2574990.434783                     930.000000                   1.000000e+30                   3.500000e+09                      24.000000
                2574990.144928                     930.000000                   1.000000e+30                   3.500000e+09                      24.000000
                2574989.855072                     930.000000                   1.000000e+30                   3.500000e+09                      24.000000
                2574989.565217                     930.000000                   1.000000e+30                   3.500000e+09                      24.000000
                2574989.275362                     930.000000                   1.000000e+30                   3.500000e+09                      24.000000
                2574988.985507                     930.000000                   1.000000e+30                   3.500000e+09                      24.000000
                2574988.695652                     930.000000                   1.000000e+30                   3.500000e+09                      24.000000
                2574988.405797                     930.000000                   1.000000e+30                   3.500000e+09                      24.000000
                2574988.115942                     930.000000                   1.000000e+30                   3.500000e+09                      24.000000
                2574987.826087                     930.000000                   1.000000e+30                   3.500000e+09                      24.000000
                2574987.536232                     930.000000                   1.000000e+30                   3.500000e+09                      24.000000
                2574987.246377                     930.000000                   1.000000e+30                   3.500000e+09                      24.000000
                2574986.956522                     930.000000                   1.000000e+30                   3.500000e+09                      24.000000
                2574986.666667                     930.000000                   1.000000e+30                   3.500000e+09                      24.000000
                2574986.376812                     930.000000                   1.000000e+30                   3.500000e+09                      24.000000
                2574986.086957                     930.000000                   1.000000e+30                   3.500000e+09                      24.000000
                2574985.797101                     930.000000                   1.000000e+30                   3.500000e+09                      24.000000
                2574985.507246                     930.000000                   1.000000e+30                   3.500000e+09                      24.000000
                2574985.217391                     930.000000                   1.000000e+30                   3.500000e+09                      24.000000
                2574984.927536                     930.000000                   1.000000e+30                   3.500000e+09                      24.000000
                2574984.637681                     930.000000                   1.000000e+30                   3.500000e+09                      24.000000
                2574984.347826                     930.000000                   1.000000e+30                   3.500000e+09                      24.000000
                2574984.057971                     930.000000                   1.000000e+30                   3.500000e+09                      24.000000
                2574983.768116                     930.000000                   1.000000e+30                   3.500000e+09                      24.000000
                2574983.478261                     930.000000                   1.000000e+30                   3.500000e+09                      24.000000
                2574983.188406                     930.000000                   1.000000e+30                   3.500000e+09                      24.000000
                2574982.898551                     930.000000                   1.000000e+30                   3.500000e+09                      24.000000
                2574982.608696                     930.000000                   1.000000e+30                   3.500000e+09                      24.000000
                2574982.318841                     930.000000                   1.000000e+30                   3.500000e+09                      24.000000
                2574982.028986                     930.000000                   1.000000e+30                   3.500000e+09                      24.000000
                2574981.739130                     930.000000                   1.000000e+30                   3.500000e+09                      24.000000
                2574981.449275                     930.000000                   1.000000e+30                   3.500000e+09                      24.000000
                2574981.159420                     930.000000                   1.000000e+30                   3.500000e+09                      24.000000
                2574980.869565                     930.000000                   1.000000e+30                   3.500000e+09                      24.000000
                2574980.579710                     930.000000                   1.000000e+30                   3.500000e+09                      24.000000
                2574980.289855                     930.000000                   1.000000e+30                   3.500000e+09                      24.000000
                2574980.000000                     930.000000                   1.000000e+30                   3.500000e+09                      24.000000
                2574980.000000                     930.000000                   1.000000e+30                   3.500000e+09                      15.000000
                2573685.581395                     930.000000                   1.000000e+30                   3.500000e+09                      15.000000
                2572391.162791                     930.000000                   1.000000e+30                   3.500000e+09                      15.000000
                2571096.744186                     930.000000                   1.000000e+30                   3.500000e+09                      15.000000
                2569802.325581                     930.000000                   1.000000e+30                   3.500000e+09                      15.000000
                2568507.906977                     930.000000                   1.000000e+30                   3.500000e+09                      15.000000
                2567213.488372                     930.000000                   1.000000e+30                   3.500000e+09                      15.000000
                2565919.069767                     930.000000                   1.000000e+30                   3.500000e+09                      15.000000
                2564624.651163                     930.000000                   1.000000e+30                   3.500000e+09                      15.000000
                2563330.232558                     930.000000                   1.000000e+30                   3.500000e+09                      15.000000
                2562035.813953                     930.000000                   1.000000e+30                   3.500000e+09                      15.000000
                2560741.395349                     930.000000                   1.000000e+30                   3.500000e+09                      15.000000
                2559446.976744                     930.000000                   1.000000e+30                   3.500000e+09                      15.000000
                2558152.558140                     930.000000                   1.000000e+30                   3.500000e+09                      15.000000
                2556858.139535                     930.000000                   1.000000e+30                   3.500000e+09                      15.000000
                2555563.720930                     930.000000                   1.000000e+30                   3.500000e+09                      15.000000
                2554269.302326                     930.000000                   1.000000e+30                   3.500000e+09                      15.000000
                2552974.883721                     930.000000                   1.000000e+30                   3.500000e+09                      15.000000
                2551680.465116                     930.000000                   1.000000e+30                   3.500000e+09                      15.000000
                2550386.046512                     930.000000                   1.000000e+30                   3.500000e+09                      15.000000
                2549091.627907                     930.000000                   1.000000e+30                   3.500000e+09                      15.000000
                2547797.209302                     930.000000                   1.000000e+30                   3.500000e+09                      15.000000
                2546502.790698                     930.000000                   1.000000e+30                   3.500000e+09                      15.000000
                2545208.372093                     930.000000                   1.000000e+30                   3.500000e+09                      15.000000
                2543913.953488                     930.000000                   1.000000e+30                   3.500000e+09                      15.000000
                2542619.534884                     930.000000                   1.000000e+30                   3.500000e+09                      15.000000
                2541325.116279                     930.000000                   1.000000e+30                   3.500000e+09                      15.000000
                2540030.697674                     930.000000                   1.000000e+30                   3.500000e+09                      15.000000
                2538736.279070                     930.000000                   1.000000e+30                   3.500000e+09                      15.000000
                2537441.860465                     930.000000                   1.000000e+30                   3.500000e+09                      15.000000
                2536147.441860                     930.000000                   1.000000e+30                   3.500000e+09                      15.000000
                2534853.023256                     930.000000                   1.000000e+30                   3.500000e+09                      15.000000
                2533558.604651                     930.000000                   1.000000e+30                   3.500000e+09                      15.000000
                2532264.186047                     930.000000                   1.000000e+30                   3.500000e+09                      15.000000
                2530969.767442                     930.000000                   1.000000e+30                   3.500000e+09                      15.000000
                2529675.348837                     930.000000                   1.000000e+30                   3.500000e+09                      15.000000
                2528380.930233                     930.000000                   1.000000e+30                   3.500000e+09                      15.000000
                2527086.511628                     930.000000                   1.000000e+30                   3.500000e+09                      15.000000
                2525792.093023                     930.000000                   1.000000e+30                   3.500000e+09                      15.000000
                2524497.674419                     930.000000                   1.000000e+30                   3.500000e+09                      15.000000
                2523203.255814                     930.000000                   1.000000e+30                   3.500000e+09                      15.000000
                2521908.837209                     930.000000                   1.000000e+30                   3.500000e+09                      15.000000
                2520614.418605                     930.000000                   1.000000e+30                   3.500000e+09                      15.000000
                2519320.000000                     930.000000                   1.000000e+30                   3.500000e+09                      15.000000
                2518025.581395                     930.000000                   1.000000e+30                   3.500000e+09                      15.000000
                2516731.162791                     930.000000                   1.000000e+30                   3.500000e+09                      15.000000
                2515436.744186                     930.000000                   1.000000e+30                   3.500000e+09                      15.000000
                2514142.325581                     930.000000                   1.000000e+30                   3.500000e+09                      15.000000
                2512847.906977                     930.000000                   1.000000e+30                   3.500000e+09                      15.000000
                2511553.488372                     930.000000                   1.000000e+30                   3.500000e+09                      15.000000
                2510259.069767                     930.000000                   1.000000e+30                   3.500000e+09                      15.000000
                2508964.651163                     930.000000                   1.000000e+30                   3.500000e+09                      15.000000
                2507670.232558                     930.000000                   1.000000e+30                   3.500000e+09                      15.000000
                2506375.813953                     930.000000                   1.000000e+30                   3.500000e+09                      15.000000
                2505081.395349                     930.000000                   1.000000e+30                   3.500000e+09                      15.000000
                2503786.976744                     930.000000                   1.000000e+30                   3.500000e+09                      15.000000
                2502492.558140                     930.000000                   1.000000e+30                   3.500000e+09                      15.000000
                2501198.139535                     930.000000                   1.000000e+30                   3.500000e+09                      15.000000
                2499903.720930                     930.000000                   1.000000e+30                   3.500000e+09                      15.000000
                2498609.302326                     930.000000                   1.000000e+30                   3.500000e+09                      15.000000
                2497314.883721                     930.000000                   1.000000e+30                   3.500000e+09                      15.000000
                2496020.465116                     930.000000                   1.000000e+30                   3.500000e+09                      15.000000
                2494726.046512                     930.000000                   1.000000e+30                   3.500000e+09                      15.000000
                2493431.627907                     930.000000                   1.000000e+30                   3.500000e+09                      15.000000
                2492137.209302                     930.000000                   1.000000e+30                   3.500000e+09                      15.000000
                2490842.790698                     930.000000                   1.000000e+30                   3.500000e+09                      15.000000
                2489548.372093                     930.000000                   1.000000e+30                   3.500000e+09                      15.000000
                2488253.953488                     930.000000                   1.000000e+30                   3.500000e+09                      15.000000
                2486959.534884                     930.000000                   1.000000e+30                   3.500000e+09                      15.000000
                2485665.116279                     930.000000                   1.000000e+30                   3.500000e+09                      15.000000
                2484370.697674                     930.000000                   1.000000e+30                   3.500000e+09                      15.000000
                2483076.279070                     930.000000                   1.000000e+30                   3.500000e+09                      15.000000
                2481781.860465                     930.000000                   1.000000e+30                   3.500000e+09                      15.000000
                2480487.441860                     930.000000                   1.000000e+30                   3.500000e+09                      15.000000
                2479193.023256                     930.000000                   1.000000e+30                   3.500000e+09                      15.000000
                2477898.604651                     930.000000                   1.000000e+30                   3.500000e+09                      15.000000
                2476604.186047                     930.000000                   1.000000e+30                   3.500000e+09                      15.000000
                2475309.767442                     930.000000                   1.000000e+30                   3.500000e+09                      15.000000
                2474015.348837                     930.000000                   1.000000e+30                   3.500000e+09                      15.000000
                2472720.930233                     930.000000                   1.000000e+30                   3.500000e+09                      15.000000
                2471426.511628                     930.000000                   1.000000e+30                   3.500000e+09                      15.000000
                2470132.093023                     930.000000                   1.000000e+30                   3.500000e+09                      15.000000
                2468837.674419                     930.000000                   1.000000e+30                   3.500000e+09                      15.000000
                2467543.255814                     930.000000                   1.000000e+30                   3.500000e+09                      15.000000
                2466248.837209                     930.000000                   1.000000e+30                   3.500000e+09                      15.000000
                2464954.418605                     930.000000                   1.000000e+30                   3.500000e+09                      15.000000
                2463660.000000                     930.000000                   1.000000e+30                   3.500000e+09                      15.000000
                2462365.581395                     930.000000                   1.000000e+30                   3.500000e+09                      15.000000
                2461071.162791                     930.000000                   1.000000e+30                   3.500000e+09                      15.000000
                2459776.744186                     930.000000                   1.000000e+30                   3.500000e+09                      15.000000
                2458482.325581                     930.000000                   1.000000e+30                   3.500000e+09                      15.000000
                2457187.906977                     930.000000                   1.000000e+30                   3.500000e+09                      15.000000
                2455893.488372                     930.000000                   1.000000e+30                   3.500000e+09                      15.000000
                2454599.069767                     930.000000                   1.000000e+30                   3.500000e+09                      15.000000
                2453304.651163                     930.000000                   1.000000e+30                   3.500000e+09                      15.000000
                2452010.232558                     930.000000                   1.000000e+30                   3.500000e+09                      15.000000
                2450715.813953                     930.000000                   1.000000e+30                   3.500000e+09                      15.000000
                2449421.395349                     930.000000                   1.000000e+30                   3.500000e+09                      15.000000
                2448126.976744                     930.000000                   1.000000e+30                   3.500000e+09                      15.000000
                2446832.558140                     930.000000                   1.000000e+30                   3.500000e+09                      15.000000
                2445538.139535                     930.000000                   1.000000e+30                   3.500000e+09                      15.000000
                2444243.720930                     930.000000                   1.000000e+30                   3.500000e+09                      15.000000
                2442949.302326                     930.000000                   1.000000e+30                   3.500000e+09                      15.000000
                2441654.883721                     930.000000                   1.000000e+30                   3.500000e+09                      15.000000
                2440360.465116                     930.000000                   1.000000e+30                   3.500000e+09                      15.000000
                2439066.046512                     930.000000                   1.000000e+30                   3.500000e+09                      15.000000
                2437771.627907                     930.000000                   1.000000e+30                   3.500000e+09                      15.000000
                2436477.209302                     930.000000                   1.000000e+30                   3.500000e+09                      15.000000
                2435182.790698                     930.000000                   1.000000e+30                   3.500000e+09                      15.000000
                2433888.372093                     930.000000                   1.000000e+30                   3.500000e+09                      15.000000
                2432593.953488                     930.000000                   1.000000e+30                   3.500000e+09                      15.000000
                2431299.534884                     930.000000                   1.000000e+30                   3.500000e+09                      15.000000
                2430005.116279                     930.000000                   1.000000e+30                   3.500000e+09                      15.000000
                2428710.697674                     930.000000                   1.000000e+30                   3.500000e+09                      15.000000
                2427416.279070                     930.000000                   1.000000e+30                   3.500000e+09                      15.000000
                2426121.860465                     930.000000                   1.000000e+30                   3.500000e+09                      15.000000
                2424827.441860                     930.000000                   1.000000e+30                   3.500000e+09                      15.000000
                2423533.023256                     930.000000                   1.000000e+30                   3.500000e+09                      15.000000
                2422238.604651                     930.000000                   1.000000e+30                   3.500000e+09                      15.000000
                2420944.186047                     930.000000                   1.000000e+30                   3.500000e+09                      15.000000
                2419649.767442                     930.000000                   1.000000e+30                   3.500000e+09                      15.000000
                2418355.348837                     930.000000                   1.000000e+30                   3.500000e+09                      15.000000
                2417060.930233                     930.000000                   1.000000e+30                   3.500000e+09                      15.000000
                2415766.511628                     930.000000                   1.000000e+30                   3.500000e+09                      15.000000
                2414472.093023                     930.000000                   1.000000e+30                   3.500000e+09                      15.000000
                2413177.674419                     930.000000                   1.000000e+30                   3.500000e+09                      15.000000
                2411883.255814                     930.000000                   1.000000e+30                   3.500000e+09                      15.000000
                2410588.837209                     930.000000                   1.000000e+30                   3.500000e+09                      15.000000
                2409294.418605                     930.000000                   1.000000e+30                   3.500000e+09                      15.000000
                2408000.000000                     930.000000                   1.000000e+30                   3.500000e+09                      15.000000
                2408000.000000                    1100.000000                   1.000000e+30                   0.000000e+00                       2.000000
                2407998.317926                    1100.000000                   1.000000e+30                   0.000000e+00                       2.000000
                2407995.328496                    1100.000000                   1.000000e+30                   0.000000e+00                       2.000000
                2407990.846568                    1100.000000                   1.000000e+30                   0.000000e+00                       2.000000
                2407984.874799                    1100.000000                   1.000000e+30                   0.000000e+00                       2.000000
                2407977.416731                    1100.000000                   1.000000e+30                   0.000000e+00                       2.000000
                2407968.476788                    1100.000000                   1.000000e+30                   0.000000e+00                       2.000000
                2407958.060270                    1100.000000                   1.000000e+30                   0.000000e+00                       2.000000
                2407946.173356                    1100.000000                   1.000000e+30                   0.000000e+00                       2.000000
                2407932.823096                    1100.000000                   1.000000e+30                   0.000000e+00                       2.000000
                2407918.017406                    1100.000000                   1.000000e+30                   0.000000e+00                       2.000000
                2407901.765068                    1100.000000                   1.000000e+30                   0.000000e+00                       2.000000
                2407884.075720                    1100.000000                   1.000000e+30                   0.000000e+00                       2.000000
                2407864.959854                    1100.000000                   1.000000e+30                   0.000000e+00                       2.000000
                2407844.428805                    1100.000000                   1.000000e+30                   0.000000e+00                       2.000000
                2407822.494750                    1100.000000                   1.000000e+30                   0.000000e+00                       2.000000
                2407799.170697                    1100.000000                   1.000000e+30                   0.000000e+00                       2.000000
                2407774.470479                    1100.000000                   1.000000e+30                   0.000000e+00                       2.000000
                2407748.408745                    1100.000000                   1.000000e+30                   0.000000e+00                       2.000000
                2407721.000950                    1100.000000                   1.000000e+30                   0.000000e+00                       2.000000
                2407692.263349                    1100.000000                   1.000000e+30                   0.000000e+00                       2.000000
                2407662.212986                    1100.000000                   1.000000e+30                   0.000000e+00                       2.000000
                2407630.867682                    1100.000000                   1.000000e+30                   0.000000e+00                       2.000000
                2407598.246026                    1100.000000                   1.000000e+30                   0.000000e+00                       2.000000
                2407564.367366                    1100.000000                   1.000000e+30                   0.000000e+00                       2.000000
                2407529.251793                    1100.000000                   1.000000e+30                   0.000000e+00                       2.000000
                2407492.920133                    1100.000000                   1.000000e+30                   0.000000e+00                       2.000000
                2407455.393933                    1100.000000                   1.000000e+30                   0.000000e+00                       2.000000
                2407416.695448                    1100.000000                   1.000000e+30                   0.000000e+00                       2.000000
                2407376.847629                    1100.000000                   1.000000e+30                   0.000000e+00                       2.000000
                2407335.874108                    1100.000000                   1.000000e+30                   0.000000e+00                       2.000000
                2407293.799184                    1100.000000                   1.000000e+30                   0.000000e+00                       2.000000
                2407250.647811                    1100.000000                   1.000000e+30                   0.000000e+00                       2.000000
                2407206.445580                    1100.000000                   1.000000e+30                   0.000000e+00                       2.000000
                2407161.218705                    1100.000000                   1.000000e+30                   0.000000e+00                       2.000000
                2407114.994009                    1100.000000                   1.000000e+30                   0.000000e+00                       2.000000
                2407067.798906                    1100.000000                   1.000000e+30                   0.000000e+00                       2.000000
                2407019.661386                    1100.000000                   1.000000e+30                   0.000000e+00                       2.000000
                2406970.609996                    1100.000000                   1.000000e+30                   0.000000e+00                       2.000000
                2406920.673827                    1100.000000                   1.000000e+30                   0.000000e+00                       2.000000
                2406869.882495                    1100.000000                   1.000000e+30                   0.000000e+00                       2.000000
                2406818.266122                    1100.000000                   1.000000e+30                   0.000000e+00                       2.000000
                2406765.855319                    1100.000000                   1.000000e+30                   0.000000e+00                       2.000000
                2406712.681169                    1100.000000                   1.000000e+30                   0.000000e+00                       2.000000
                2406658.775208                    1100.000000                   1.000000e+30                   0.000000e+00                       2.000000
                2406604.169405                    1100.000000                   1.000000e+30                   0.000000e+00                       2.000000
                2406548.896145                    1100.000000                   1.000000e+30                   0.000000e+00                       2.000000
                2406492.988208                    1100.000000                   1.000000e+30                   0.000000e+00                       2.000000
                2406436.478750                    1100.000000                   1.000000e+30                   0.000000e+00                       2.000000
                2406379.401286                    1100.000000                   1.000000e+30                   0.000000e+00                       2.000000
                2406321.789665                    1100.000000                   1.000000e+30                   0.000000e+00                       2.000000
                2406263.678056                    1100.000000                   1.000000e+30                   0.000000e+00                       2.000000
                2406205.100921                    1100.000000                   1.000000e+30                   0.000000e+00                       2.000000
                2406146.093000                    1100.000000                   1.000000e+30                   0.000000e+00                       2.000000
                2406086.689289                    1100.000000                   1.000000e+30                   0.000000e+00                       2.000000
                2406026.925017                    1100.000000                   1.000000e+30                   0.000000e+00                       2.000000
                2405966.835629                    1100.000000                   1.000000e+30                   0.000000e+00                       2.000000
                2405906.456761                    1100.000000                   1.000000e+30                   0.000000e+00                       2.000000
                2405845.824221                    1100.000000                   1.000000e+30                   0.000000e+00                       2.000000
                2405784.973968                    1100.000000                   1.000000e+30                   0.000000e+00                       2.000000
                2405723.942090                    1100.000000                   1.000000e+30                   0.000000e+00                       2.000000
                2405662.764783                    1100.000000                   1.000000e+30                   0.000000e+00                       2.000000
                2405601.478328                    1100.000000                   1.000000e+30                   0.000000e+00                       2.000000
                2405540.119072                    1100.000000                   1.000000e+30                   0.000000e+00                       2.000000
                2405478.723404                    1100.000000                   1.000000e+30                   0.000000e+00                       2.000000
                2405417.327737                    1100.000000                   1.000000e+30                   0.000000e+00                       2.000000
                2405355.968481                    1100.000000                   1.000000e+30                   0.000000e+00                       2.000000
                2405294.682026                    1100.000000                   1.000000e+30                   0.000000e+00                       2.000000
                2405233.504718                    1100.000000                   1.000000e+30                   0.000000e+00                       2.000000
                2405172.472841                    1100.000000                   1.000000e+30                   0.000000e+00                       2.000000
                2405111.622588                    1100.000000                   1.000000e+30                   0.000000e+00                       2.000000
                2405050.990048                    1100.000000                   1.000000e+30                   0.000000e+00                       2.000000
                2404990.611180                    1100.000000                   1.000000e+30                   0.000000e+00                       2.000000
                2404930.521791                    1100.000000                   1.000000e+30                   0.000000e+00                       2.000000
                2404870.757520                    1100.000000                   1.000000e+30                   0.000000e+00                       2.000000
                2404811.353809                    1100.000000                   1.000000e+30                   0.000000e+00                       2.000000
                2404752.345888                    1100.000000                   1.000000e+30                   0.000000e+00                       2.000000
                2404693.768753                    1100.000000                   1.000000e+30                   0.000000e+00                       2.000000
                2404635.657143                    1100.000000                   1.000000e+30                   0.000000e+00                       2.000000
                2404578.045523                    1100.000000                   1.000000e+30                   0.000000e+00                       2.000000
                2404520.968058                    1100.000000                   1.000000e+30                   0.000000e+00                       2.000000
                2404464.458601                    1100.000000                   1.000000e+30                   0.000000e+00                       2.000000
                2404408.550663                    1100.000000                   1.000000e+30                   0.000000e+00                       2.000000
                2404353.277403                    1100.000000                   1.000000e+30                   0.000000e+00                       2.000000
                2404298.671600                    1100.000000                   1.000000e+30                   0.000000e+00                       2.000000
                2404244.765639                    1100.000000                   1.000000e+30                   0.000000e+00                       2.000000
                2404191.591489                    1100.000000                   1.000000e+30                   0.000000e+00                       2.000000
                2404139.180686                    1100.000000                   1.000000e+30                   0.000000e+00                       2.000000
                2404087.564313                    1100.000000                   1.000000e+30                   0.000000e+00                       2.000000
                2404036.772981                    1100.000000                   1.000000e+30                   0.000000e+00                       2.000000
                2403986.836813                    1100.000000                   1.000000e+30                   0.000000e+00                       2.000000
                2403937.785423                    1100.000000                   1.000000e+30                   0.000000e+00                       2.000000
                2403889.647902                    1100.000000                   1.000000e+30                   0.000000e+00                       2.000000
                2403842.452799                    1100.000000                   1.000000e+30                   0.000000e+00                       2.000000
                2403796.228104                    1100.000000                   1.000000e+30                   0.000000e+00                       2.000000
                2403751.001229                    1100.000000                   1.000000e+30                   0.000000e+00                       2.000000
                2403706.798998                    1100.000000                   1.000000e+30                   0.000000e+00                       2.000000
                2403663.647625                    1100.000000                   1.000000e+30                   0.000000e+00                       2.000000
                2403621.572701                    1100.000000                   1.000000e+30                   0.000000e+00                       2.000000
                2403580.599180                    1100.000000                   1.000000e+30                   0.000000e+00                       2.000000
                2403540.751360                    1100.000000                   1.000000e+30                   0.000000e+00                       2.000000
                2403502.052875                    1100.000000                   1.000000e+30                   0.000000e+00                       2.000000
                2403464.526675                    1100.000000                   1.000000e+30                   0.000000e+00                       2.000000
                2403428.195015                    1100.000000                   1.000000e+30                   0.000000e+00                       2.000000
                2403393.079442                    1100.000000                   1.000000e+30                   0.000000e+00                       2.000000
                2403359.200782                    1100.000000                   1.000000e+30                   0.000000e+00                       2.000000
                2403326.579127                    1100.000000                   1.000000e+30                   0.000000e+00                       2.000000
                2403295.233822                    1100.000000                   1.000000e+30                   0.000000e+00                       2.000000
                2403265.183459                    1100.000000                   1.000000e+30                   0.000000e+00                       2.000000
                2403236.445859                    1100.000000                   1.000000e+30                   0.000000e+00                       2.000000
                2403209.038064                    1100.000000                   1.000000e+30                   0.000000e+00                       2.000000
                2403182.976330                    1100.000000                   1.000000e+30                   0.000000e+00                       2.000000
                2403158.276112                    1100.000000                   1.000000e+30                   0.000000e+00                       2.000000
                2403134.952059                    1100.000000                   1.000000e+30                   0.000000e+00                       2.000000
                2403113.018004                    1100.000000                   1.000000e+30                   0.000000e+00                       2.000000
                2403092.486955                    1100.000000                   1.000000e+30                   0.000000e+00                       2.000000
                2403073.371088                    1100.000000                   1.000000e+30                   0.000000e+00                       2.000000
                2403055.681740                    1100.000000                   1.000000e+30                   0.000000e+00                       2.000000
                2403039.429402                    1100.000000                   1.000000e+30                   0.000000e+00                       2.000000
                2403024.623713                    1100.000000                   1.000000e+30                   0.000000e+00                       2.000000
                2403011.273452                    1100.000000                   1.000000e+30                   0.000000e+00                       2.000000
                2402999.386538                    1100.000000                   1.000000e+30                   0.000000e+00                       2.000000
                2402988.970021                    1100.000000                   1.000000e+30                   0.000000e+00                       2.000000
                2402980.030077                    1100.000000                   1.000000e+30                   0.000000e+00                       2.000000
                2402972.572009                    1100.000000                   1.000000e+30                   0.000000e+00                       2.000000
                2402966.600240                    1100.000000                   1.000000e+30                   0.000000e+00                       2.000000
                2402962.118312                    1100.000000                   1.000000e+30                   0.000000e+00                       2.000000
                2402959.128882                    1100.000000                   1.000000e+30                   0.000000e+00                       2.000000
                2402957.633724                    1100.000000                   1.000000e+30                   0.000000e+00                       2.000000
                2402957.446809                    1100.000000                   1.000000e+30                   0.000000e+00                       2.000000
                2402957.446809                    1250.000000                   1.000000e+30                   6.000000e+09                      15.000000
                2399833.745670                    1250.000000                   1.000000e+30                   6.000000e+09                      15.000000
                2396710.044532                    1250.000000                   1.000000e+30                   6.000000e+09                      15.000000
                2393586.343394                    1250.000000                   1.000000e+30                   6.000000e+09                      15.000000
                2390462.642256                    1250.000000                   1.000000e+30                   6.000000e+09                      15.000000
                2387338.941118                    1250.000000                   1.000000e+30                   6.000000e+09                      15.000000
                2384215.239980                    1250.000000                   1.000000e+30                   6.000000e+09                      15.000000
                2381091.538842                    1250.000000                   1.000000e+30                   6.000000e+09                      15.000000
                2377967.837704                    1250.000000                   1.000000e+30                   6.000000e+09                      15.000000
                2374844.136566                    1250.000000                   1.000000e+30                   6.000000e+09                      15.000000
                2371720.435428                    1250.000000                   1.000000e+30                   6.000000e+09                      15.000000
                2368596.734290                    1250.000000                   1.000000e+30                   6.000000e+09                      15.000000
                2365473.033152                    1250.000000                   1.000000e+30                   6.000000e+09                      15.000000
                2362349.332014                    1250.000000                   1.000000e+30                   6.000000e+09                      15.000000
                2359225.630876                    1250.000000                   1.000000e+30                   6.000000e+09                      15.000000
                2356101.929738                    1250.000000                   1.000000e+30                   6.000000e+09                      15.000000
                2352978.228600                    1250.000000                   1.000000e+30                   6.000000e+09                      15.000000
                2349854.527462                    1250.000000                   1.000000e+30                   6.000000e+09                      15.000000
                2346730.826324                    1250.000000                   1.000000e+30                   6.000000e+09                      15.000000
                2343607.125186                    1250.000000                   1.000000e+30                   6.000000e+09                      15.000000
                2340483.424048                    1250.000000                   1.000000e+30                   6.000000e+09                      15.000000
                2337359.722909                    1250.000000                   1.000000e+30                   6.000000e+09                      15.000000
                2334236.021771                    1250.000000                   1.000000e+30                   6.000000e+09                      15.000000
                2331112.320633                    1250.000000                   1.000000e+30                   6.000000e+09                      15.000000
                2327988.619495                    1250.000000                   1.000000e+30                   6.000000e+09                      15.000000
                2324864.918357                    1250.000000                   1.000000e+30                   6.000000e+09                      15.000000
                2321741.217219                    1250.000000                   1.000000e+30                   6.000000e+09                      15.000000
                2318617.516081                    1250.000000                   1.000000e+30                   6.000000e+09                      15.000000
                2315493.814943                    1250.000000                   1.000000e+30                   6.000000e+09                      15.000000
                2312370.113805                    1250.000000                   1.000000e+30                   6.000000e+09                      15.000000
                2309246.412667                    1250.000000                   1.000000e+30                   6.000000e+09                      15.000000
                2306122.711529                    1250.000000                   1.000000e+30                   6.000000e+09                      15.000000
                2302999.010391                    1250.000000                   1.000000e+30                   6.000000e+09                      15.000000
                2299875.309253                    1250.000000                   1.000000e+30                   6.000000e+09                      15.000000
                2296751.608115                    1250.000000                   1.000000e+30                   6.000000e+09                      15.000000
                2293627.906977                    1250.000000                   1.000000e+30                   6.000000e+09                      15.000000
                2290504.205839                    1250.000000                   1.000000e+30                   6.000000e+09                      15.000000
                2287380.504701                    1250.000000                   1.000000e+30                   6.000000e+09                      15.000000
                2284256.803563                    1250.000000                   1.000000e+30                   6.000000e+09                      15.000000
                2281133.102425                    1250.000000                   1.000000e+30                   6.000000e+09                      15.000000
                2278009.401286                    1250.000000                   1.000000e+30                   6.000000e+09                      15.000000
                2274885.700148                    1250.000000                   1.000000e+30                   6.000000e+09                      15.000000
                2271761.999010                    1250.000000                   1.000000e+30                   6.000000e+09                      15.000000
                2268638.297872                    1250.000000                   1.000000e+30                   6.000000e+09                      15.000000
                2265514.596734                    1250.000000                   1.000000e+30                   6.000000e+09                      15.000000
                2262390.895596                    1250.000000                   1.000000e+30                   6.000000e+09                      15.000000
                2259267.194458                    1250.000000                   1.000000e+30                   6.000000e+09                      15.000000
                2256143.493320                    1250.000000                   1.000000e+30                   6.000000e+09                      15.000000
                2253019.792182                    1250.000000                   1.000000e+30                   6.000000e+09                      15.000000
                2249896.091044                    1250.000000                   1.000000e+30                   6.000000e+09                      15.000000
                2246772.389906                    1250.000000                   1.000000e+30                   6.000000e+09                      15.000000
                2243648.688768                    1250.000000                   1.000000e+30                   6.000000e+09                      15.000000
                2240524.987630                    1250.000000                   1.000000e+30                   6.000000e+09                      15.000000
                2237401.286492                    1250.000000                   1.000000e+30                   6.000000e+09                      15.000000
                2234277.585354                    1250.000000                   1.000000e+30                   6.000000e+09                      15.000000
                2231153.884216                    1250.000000                   1.000000e+30                   6.000000e+09                      15.000000
                2228030.183078                    1250.000000                   1.000000e+30                   6.000000e+09                      15.000000
                2224906.481940                    1250.000000                   1.000000e+30                   6.000000e+09                      15.000000
                2221782.780802                    1250.000000                   1.000000e+30                   6.000000e+09                      15.000000
                2218659.079664                    1250.000000                   1.000000e+30                   6.000000e+09                      15.000000
                2215535.378525                    1250.000000                   1.000000e+30                   6.000000e+09                      15.000000
                2212411.677387                    1250.000000                   1.000000e+30                   6.000000e+09                      15.000000
                2209287.976249                    1250.000000                   1.000000e+30                   6.000000e+09                      15.000000
                2206164.275111                    1250.000000                   1.000000e+30                   6.000000e+09                      15.000000
                2203040.573973                    1250.000000                   1.000000e+30                   6.000000e+09                      15.000000
                2199916.872835                    1250.000000                   1.000000e+30                   6.000000e+09                      15.000000
                2196793.171697                    1250.000000                   1.000000e+30                   6.000000e+09                      15.000000
                2193669.470559                    1250.000000                   1.000000e+30                   6.000000e+09                      15.000000
                2190545.769421                    1250.000000                   1.000000e+30                   6.000000e+09                      15.000000
                2187422.068283                    1250.000000                   1.000000e+30                   6.000000e+09                      15.000000
                2184298.367145                    1250.000000                   1.000000e+30                   6.000000e+09                      15.000000
                2181174.666007                    1250.000000                   1.000000e+30                   6.000000e+09                      15.000000
                2178050.964869                    1250.000000                   1.000000e+30                   6.000000e+09                      15.000000
                2174927.263731                    1250.000000                   1.000000e+30                   6.000000e+09                      15.000000
                2171803.562593                    1250.000000                   1.000000e+30                   6.000000e+09                      15.000000
                2168679.861455                    1250.000000                   1.000000e+30                   6.000000e+09                      15.000000
                2165556.160317                    1250.000000                   1.000000e+30                   6.000000e+09                      15.000000
                2162432.459179                    1250.000000                   1.000000e+30                   6.000000e+09                      15.000000
                2159308.758041                    1250.000000                   1.000000e+30                   6.000000e+09                      15.000000
                2156185.056903                    1250.000000                   1.000000e+30                   6.000000e+09                      15.000000
                2153061.355764                    1250.000000                   1.000000e+30                   6.000000e+09                      15.000000
                2149937.654626                    1250.000000                   1.000000e+30                   6.000000e+09                      15.000000
                2146813.953488                    1250.000000                   1.000000e+30                   6.000000e+09                      15.000000
                2143690.252350                    1250.000000                   1.000000e+30                   6.000000e+09                      15.000000
                2140566.551212                    1250.000000                   1.000000e+30                   6.000000e+09                      15.000000
                2137442.850074                    1250.000000                   1.000000e+30                   6.000000e+09                      15.000000
                2134319.148936                    1250.000000                   1.000000e+30                   6.000000e+09                      15.000000
                2131195.447798                    1250.000000                   1.000000e+30                   6.000000e+09                      15.000000
                2128071.746660                    1250.000000                   1.000000e+30                   6.000000e+09                      15.000000
                2124948.045522                    1250.000000                   1.000000e+30                   6.000000e+09                      15.000000
                2121824.344384                    1250.000000                   1.000000e+30                   6.000000e+09                      15.000000
                2118700.643246                    1250.000000                   1.000000e+30                   6.000000e+09                      15.000000
                2115576.942108                    1250.000000                   1.000000e+30                   6.000000e+09                      15.000000
                2112453.240970                    1250.000000                   1.000000e+30                   6.000000e+09                      15.000000
                2109329.539832                    1250.000000                   1.000000e+30                   6.000000e+09                      15.000000
                2106205.838694                    1250.000000                   1.000000e+30                   6.000000e+09                      15.000000
                2103082.137556                    1250.000000                   1.000000e+30                   6.000000e+09                      15.000000
                2099958.436418                    1250.000000                   1.000000e+30                   6.000000e+09                      15.000000
                2096834.735280                    1250.000000                   1.000000e+30                   6.000000e+09                      15.000000
                2093711.034142                    1250.000000                   1.000000e+30                   6.000000e+09                      15.000000
                2090587.333003                    1250.000000                   1.000000e+30                   6.000000e+09                      15.000000
                2087463.631865                    1250.000000                   1.000000e+30                   6.000000e+09                      15.000000
                2084339.930727                    1250.000000                   1.000000e+30                   6.000000e+09                      15.000000
                2081216.229589                    1250.000000                   1.000000e+30                   6.000000e+09                      15.000000
                2078092.528451                    1250.000000                   1.000000e+30                   6.000000e+09                      15.000000
                2074968.827313                    1250.000000                   1.000000e+30                   6.000000e+09                      15.000000
                2071845.126175                    1250.000000                   1.000000e+30                   6.000000e+09                      15.000000
                2068721.425037                    1250.000000                   1.000000e+30                   6.000000e+09                      15.000000
                2065597.723899                    1250.000000                   1.000000e+30                   6.000000e+09                      15.000000
                2062474.022761                    1250.000000                   1.000000e+30                   6.000000e+09                      15.000000
                2059350.321623                    1250.000000                   1.000000e+30                   6.000000e+09                      15.000000
                2056226.620485                    1250.000000                   1.000000e+30                   6.000000e+09                      15.000000
                2053102.919347                    1250.000000                   1.000000e+30                   6.000000e+09                      15.000000
                2049979.218209                    1250.000000                   1.000000e+30                   6.000000e+09                      15.000000
                2046855.517071                    1250.000000                   1.000000e+30                   6.000000e+09                      15.000000
                2043731.815933                    1250.000000                   1.000000e+30                   6.000000e+09                      15.000000
                2040608.114795                    1250.000000                   1.000000e+30                   6.000000e+09                      15.000000
                2037484.413657                    1250.000000                   1.000000e+30                   6.000000e+09                      15.000000
                2034360.712519                    1250.000000                   1.000000e+30                   6.000000e+09                      15.000000
                2031237.011381                    1250.000000                   1.000000e+30                   6.000000e+09                      15.000000
                2028113.310242                    1250.000000                   1.000000e+30                   6.000000e+09                      15.000000
                2024989.609104                    1250.000000                   1.000000e+30                   6.000000e+09                      15.000000
                2021865.907966                    1250.000000                   1.000000e+30                   6.000000e+09                      15.000000
                2018742.206828                    1250.000000                   1.000000e+30                   6.000000e+09                      15.000000
                2015618.505690                    1250.000000                   1.000000e+30                   6.000000e+09                      15.000000
                2012494.804552                    1250.000000                   1.000000e+30                   6.000000e+09                      15.000000
                2009371.103414                    1250.000000                   1.000000e+30                   6.000000e+09                      15.000000
                2006247.402276                    1250.000000                   1.000000e+30                   6.000000e+09                      15.000000
                2003123.701138                    1250.000000                   1.000000e+30                   6.000000e+09                      15.000000
                2000000.000000                    1250.000000                   1.000000e+30                   6.000000e+09                      15.000000
                2000000.000000                    2838.341433                   1.000000e+30                   3.000000e+10                      17.000000
                1978086.081930                    2838.341433                   1.000000e+30                   3.000000e+10                      17.000000
                1956172.163860                    2838.341433                   1.000000e+30                   3.000000e+10                      17.000000
                1934258.245790                    2838.341433                   1.000000e+30                   3.000000e+10                      17.000000
                1912344.327720                    2838.341433                   1.000000e+30                   3.000000e+10                      17.000000
                1890430.409650                    2838.341433                   1.000000e+30                   3.000000e+10                      17.000000
                1868516.491580                    2838.341433                   1.000000e+30                   3.000000e+10                      17.000000
                1846602.573510                    2838.341433                   1.000000e+30                   3.000000e+10                      17.000000
                1824688.655440                    2838.341433                   1.000000e+30                   3.000000e+10                      17.000000
                1802774.737370                    2838.341433                   1.000000e+30                   3.000000e+10                      17.000000
                1780860.819300                    2838.341433                   1.000000e+30                   3.000000e+10                      17.000000
                1758946.901230                    2838.341433                   1.000000e+30                   3.000000e+10                      17.000000
                1737032.983160                    2838.341433                   1.000000e+30                   3.000000e+10                      17.000000
                1715119.065090                    2838.341433                   1.000000e+30                   3.000000e+10                      17.000000
                1693205.147020                    2838.341433                   1.000000e+30                   3.000000e+10                      17.000000
                1671291.228950                    2838.341433                   1.000000e+30                   3.000000e+10                      17.000000
                1649377.310880                    2838.341433                   1.000000e+30                   3.000000e+10                      17.000000
                1627463.392810                    2838.341433                   1.000000e+30                   3.000000e+10                      17.000000
                1605549.474740                    2838.341433                   1.000000e+30                   3.000000e+10                      17.000000
                1583635.556670                    2838.341433                   1.000000e+30                   3.000000e+10                      17.000000
                1561721.638600                    2838.341433                   1.000000e+30                   3.000000e+10                      17.000000
                1539807.720530                    2838.341433                   1.000000e+30                   3.000000e+10                      17.000000
                1517893.802460                    2838.341433                   1.000000e+30                   3.000000e+10                      17.000000
                1495979.884390                    2838.341433                   1.000000e+30                   3.000000e+10                      17.000000
                1474065.966320                    2838.341433                   1.000000e+30                   3.000000e+10                      17.000000
                1452152.048250                    2838.341433                   1.000000e+30                   3.000000e+10                      17.000000
                1430238.130180                    2838.341433                   1.000000e+30                   3.000000e+10                      17.000000
                1408324.212110                    2838.341433                   1.000000e+30                   3.000000e+10                      17.000000
                1386410.294040                    2838.341433                   1.000000e+30                   3.000000e+10                      17.000000
                1364496.375970                    2838.341433                   1.000000e+30                   3.000000e+10                      17.000000
                1342582.457900                    2838.341433                   1.000000e+30                   3.000000e+10                      17.000000
                1320668.539830                    2838.341433                   1.000000e+30                   3.000000e+10                      17.000000
                1298754.621760                    2838.341433                   1.000000e+30                   3.000000e+10                      17.000000
                1276840.703690                    2838.341433                   1.000000e+30                   3.000000e+10                      17.000000
                1254926.785620                    2838.341433                   1.000000e+30                   3.000000e+10                      17.000000
                1233012.867550                    2838.341433                   1.000000e+30                   3.000000e+10                      17.000000
                1211098.949480                    2838.341433                   1.000000e+30                   3.000000e+10                      17.000000
                1189185.031410                    2838.341433                   1.000000e+30                   3.000000e+10                      17.000000
                1167271.113340                    2838.341433                   1.000000e+30                   3.000000e+10                      17.000000
                1145357.195270                    2838.341433                   1.000000e+30                   3.000000e+10                      17.000000
                1123443.277200                    2838.341433                   1.000000e+30                   3.000000e+10                      17.000000
                1101529.359130                    2838.341433                   1.000000e+30                   3.000000e+10                      17.000000
                1079615.441060                    2838.341433                   1.000000e+30                   3.000000e+10                      17.000000
                1057701.522990                    2838.341433                   1.000000e+30                   3.000000e+10                      17.000000
                1035787.604920                    2838.341433                   1.000000e+30                   3.000000e+10                      17.000000
                1013873.686850                    2838.341433                   1.000000e+30                   3.000000e+10                      17.000000
                 991959.768780                    2838.341433                   1.000000e+30                   3.000000e+10                      17.000000
                 970045.850710                    2838.341433                   1.000000e+30                   3.000000e+10                      17.000000
                 948131.932640                    2838.341433                   1.000000e+30                   3.000000e+10                      17.000000
                 926218.014570                    2838.341433                   1.000000e+30                   3.000000e+10                      17.000000
                 904304.096500                    2838.341433                   1.000000e+30                   3.000000e+10                      17.000000
                 882390.178430                    2838.341433                   1.000000e+30                   3.000000e+10                      17.000000
                 860476.260360                    2838.341433                   1.000000e+30                   3.000000e+10                      17.000000
                 838562.342290                    2838.341433                   1.000000e+30                   3.000000e+10                      17.000000
                 816648.424220                    2838.341433                   1.000000e+30                   3.000000e+10                      17.000000
                 794734.506150                    2838.341433                   1.000000e+30                   3.000000e+10                      17.000000
                 772820.588080                    2838.341433                   1.000000e+30                   3.000000e+10                      17.000000
                 750906.670010                    2838.341433                   1.000000e+30                   3.000000e+10                      17.000000
                 728992.751940                    2838.341433                   1.000000e+30                   3.000000e+10                      17.000000
                 707078.833870                    2838.341433                   1.000000e+30                   3.000000e+10                      17.000000
                 685164.915800                    2838.341433                   1.000000e+30                   3.000000e+10                      17.000000
                 663250.997730                    2838.341433                   1.000000e+30                   3.000000e+10                      17.000000
                 641337.079660                    2838.341433                   1.000000e+30                   3.000000e+10                      17.000000
                 619423.161590                    2838.341433                   1.000000e+30                   3.000000e+10                      17.000000
                 597509.243520                    2838.341433                   1.000000e+30                   3.000000e+10                      17.000000
                 575595.325450                    2838.341433                   1.000000e+30                   3.000000e+10                      17.000000
                 553681.407380                    2838.341433                   1.000000e+30                   3.000000e+10                      17.000000
                 531767.489310                    2838.341433                   1.000000e+30                   3.000000e+10                      17.000000
                 509853.571240                    2838.341433                   1.000000e+30                   3.000000e+10                      17.000000
                 487939.653170                    2838.341433                   1.000000e+30                   3.000000e+10                      17.000000
                 466025.735100                    2838.341433                   1.000000e+30                   3.000000e+10                      17.000000
                 444111.817030                    2838.341433                   1.000000e+30                   3.000000e+10                      17.000000
                 422197.898960                    2838.341433                   1.000000e+30                   3.000000e+10                      17.000000
                 400283.980890                    2838.341433                   1.000000e+30                   3.000000e+10                      17.000000
                 378370.062820                    2838.341433                   1.000000e+30                   3.000000e+10                      17.000000
                 356456.144750                    2838.341433                   1.000000e+30                   3.000000e+10                      17.000000
                 334542.226680                    2838.341433                   1.000000e+30                   3.000000e+10                      17.000000
                 312628.308610                    2838.341433                   1.000000e+30                   3.000000e+10                      17.000000
                 290714.390540                    2838.341433                   1.000000e+30                   3.000000e+10                      17.000000
                 268800.472470                    2838.341433                   1.000000e+30                   3.000000e+10                      17.000000
                 246886.554400                    2838.341433                   1.000000e+30                   3.000000e+10                      17.000000
                 224972.636330                    2838.341433                   1.000000e+30                   3.000000e+10                      17.000000
                 203058.718260                    2838.341433                   1.000000e+30                   3.000000e+10                      17.000000
                 181144.800190                    2838.341433                   1.000000e+30                   3.000000e+10                      17.000000
                 159230.882120                    2838.341433                   1.000000e+30                   3.000000e+10                      17.000000
                 137316.964050                    2838.341433                   1.000000e+30                   3.000000e+10                      17.000000
                 115403.045980                    2838.341433                   1.000000e+30                   3.000000e+10                      17.000000
                  93489.127910                    2838.341433                   1.000000e+30                   3.000000e+10                      17.000000
                  71575.209840                    2838.341433                   1.000000e+30                   3.000000e+10                      17.000000
                  49661.291770                    2838.341433                   1.000000e+30                   3.000000e+10                      17.000000
                  27747.373700                    2838.341433                   1.000000e+30                   3.000000e+10                      17.000000
                   5833.455630                    2838.341433                   1.000000e+30                   3.000000e+10                      17.000000
                 -16080.462440                    2838.341433                   1.000000e+30                   3.000000e+10                      17.000000
                 -37994.380510                    2838.341433                   1.000000e+30                   3.000000e+10                      17.000000
                 -59908.298580                    2838.341433                   1.000000e+30                   3.000000e+10                      17.000000
                 -81822.216650                    2838.341433                   1.000000e+30                   3.000000e+10                      17.000000
                -103736.134720                    2838.341433                   1.000000e+30                   3.000000e+10                      17.000000
                -125650.052790                    2838.341433                   1.000000e+30                   3.000000e+10                      17.000000
                -147563.970860                    2838.341433                   1.000000e+30                   3.000000e+10                      17.000000
                -169477.888930                    2838.341433                   1.000000e+30                   3.000000e+10                      17.000000
                -191391.807000                    2838.341433                   1.000000e+30                   3.000000e+10                      17.000000
                -213305.725070                    2838.341433                   1.000000e+30                   3.000000e+10                      17.000000
                -235219.643140                    2838.341433                   1.000000e+30                   3.000000e+10                      17.000000
                -257133.561210                    2838.341433                   1.000000e+30                   3.000000e+10                      17.000000
                -279047.479280                    2838.341433                   1.000000e+30                   3.000000e+10                      17.000000
                -300961.397350                    2838.341433                   1.000000e+30                   3.000000e+10                      17.000000
                -322875.315420                    2838.341433                   1.000000e+30                   3.000000e+10                      17.000000
                -344789.233490                    2838.341433                   1.000000e+30                   3.000000e+10                      17.000000
                -366703.151560                    2838.341433                   1.000000e+30                   3.000000e+10                      17.000000
                -388617.069630                    2838.341433                   1.000000e+30                   3.000000e+10                      17.000000
                -410530.987700                    2838.341433                   1.000000e+30                   3.000000e+10                      17.000000
                -432444.905770                    2838.341433                   1.000000e+30                   3.000000e+10                      17.000000
                -454358.823840                    2838.341433                   1.000000e+30                   3.000000e+10                      17.000000
                -476272.741910                    2838.341433                   1.000000e+30                   3.000000e+10                      17.000000
                -498186.659980                    2838.341433                   1.000000e+30                   3.000000e+10                      17.000000
                -520100.578050                    2838.341433                   1.000000e+30                   3.000000e+10                      17.000000
                -542014.496120                    2838.341433                   1.000000e+30                   3.000000e+10                      17.000000
                -563928.414190                    2838.341433                   1.000000e+30                   3.000000e+10                      17.000000
                -585842.332260                    2838.341433                   1.000000e+30                   3.000000e+10                      17.000000
                -607756.250330                    2838.341433                   1.000000e+30                   3.000000e+10                      17.000000
                -629670.168400                    2838.341433                   1.000000e+30                   3.000000e+10                      17.000000
                -651584.086470                    2838.341433                   1.000000e+30                   3.000000e+10                      17.000000
                -673498.004540                    2838.341433                   1.000000e+30                   3.000000e+10                      17.000000
                -695411.922610                    2838.341433                   1.000000e+30                   3.000000e+10                      17.000000
                -717325.840680                    2838.341433                   1.000000e+30                   3.000000e+10                      17.000000
                -739239.758750                    2838.341433                   1.000000e+30                   3.000000e+10                      17.000000
                -761153.676820                    2838.341433                   1.000000e+30                   3.000000e+10                      17.000000
                -783067.594890                    2838.341433                   1.000000e+30                   3.000000e+10                      17.000000
                -804981.512960                    2838.341433                   1.000000e+30                   3.000000e+10                      17.000000
                -826895.431030                    2838.341433                   1.000000e+30                   3.000000e+10                      17.000000
                -826895.431030                    3300.000000                   1.000000e+30                   5.000000e+10                      22.000000
                -820485.311410                    3300.000000                   1.000000e+30                   5.000000e+10                      22.000000
                -814075.191789                    3300.000000                   1.000000e+30                   5.000000e+10                      22.000000
                -807665.072169                    3300.000000                   1.000000e+30                   5.000000e+10                      22.000000
                -801254.952549                    3300.000000                   1.000000e+30                   5.000000e+10                      22.000000
                -794844.832928                    3300.000000                   1.000000e+30                   5.000000e+10                      22.000000
                -788434.713308                    3300.000000                   1.000000e+30                   5.000000e+10                      22.000000
                -782024.593687                    3300.000000                   1.000000e+30                   5.000000e+10                      22.000000
                -775614.474067                    3300.000000                   1.000000e+30                   5.000000e+10                      22.000000
                -769204.354447                    3300.000000                   1.000000e+30                   5.000000e+10                      22.000000
                -762794.234826                    3300.000000                   1.000000e+30                   5.000000e+10                      22.000000
                -756384.115206                    3300.000000                   1.000000e+30                   5.000000e+10                      22.000000
                -749973.995586                    3300.000000                   1.000000e+30                   5.000000e+10                      22.000000
                -743563.875965                    3300.000000                   1.000000e+30                   5.000000e+10                      22.000000
                -737153.756345                    3300.000000                   1.000000e+30                   5.000000e+10                      22.000000
                -730743.636724                    3300.000000                   1.000000e+30                   5.000000e+10                      22.000000
                -724333.517104                    3300.000000                   1.000000e+30                   5.000000e+10                      22.000000
                -717923.397484                    3300.000000                   1.000000e+30                   5.000000e+10                      22.000000
                -711513.277863                    3300.000000                   1.000000e+30                   5.000000e+10                      22.000000
                -705103.158243                    3300.000000                   1.000000e+30                   5.000000e+10                      22.000000
                -698693.038622                    3300.000000                   1.000000e+30                   5.000000e+10                      22.000000
                -692282.919002                    3300.000000                   1.000000e+30                   5.000000e+10                      22.000000
                -685872.799382                    3300.000000                   1.000000e+30                   5.000000e+10                      22.000000
                -679462.679761                    3300.000000                   1.000000e+30                   5.000000e+10                      22.000000
                -673052.560141                    3300.000000                   1.000000e+30                   5.000000e+10                      22.000000
                -666642.440520                    3300.000000                   1.000000e+30                   5.000000e+10                      22.000000
                -660232.320900                    3300.000000                   1.000000e+30                   5.000000e+10                      22.000000
                -653822.201280                    3300.000000                   1.000000e+30                   5.000000e+10                      22.000000
                -647412.081659                    3300.000000                   1.000000e+30                   5.000000e+10                      22.000000
                -641001.962039                    3300.000000                   1.000000e+30                   5.000000e+10                      22.000000
                -634591.842419                    3300.000000                   1.000000e+30                   5.000000e+10                      22.000000
                -628181.722798                    3300.000000                   1.000000e+30                   5.000000e+10                      22.000000
                -621771.603178                    3300.000000                   1.000000e+30                   5.000000e+10                      22.000000
                -615361.483557                    3300.000000                   1.000000e+30                   5.000000e+10                      22.000000
                -608951.363937                    3300.000000                   1.000000e+30                   5.000000e+10                      22.000000
                -602541.244317                    3300.000000                   1.000000e+30                   5.000000e+10                      22.000000
                -596131.124696                    3300.000000                   1.000000e+30                   5.000000e+10                      22.000000
                -589721.005076                    3300.000000                   1.000000e+30                   5.000000e+10                      22.000000
                -583310.885455                    3300.000000                   1.000000e+30                   5.000000e+10                      22.000000
                -576900.765835                    3300.000000                   1.000000e+30                   5.000000e+10                      22.000000
                -570490.646215                    3300.000000                   1.000000e+30                   5.000000e+10                      22.000000
                -564080.526594                    3300.000000                   1.000000e+30                   5.000000e+10                      22.000000
                -557670.406974                    3300.000000                   1.000000e+30                   5.000000e+10                      22.000000
                -551260.287353                    3300.000000                   1.000000e+30                   5.000000e+10                      22.000000
                -544850.167733                    3300.000000                   1.000000e+30                   5.000000e+10                      22.000000
                -538440.048113                    3300.000000                   1.000000e+30                   5.000000e+10                      22.000000
                -532029.928492                    3300.000000                   1.000000e+30                   5.000000e+10                      22.000000
                -525619.808872                    3300.000000                   1.000000e+30                   5.000000e+10                      22.000000
                -519209.689252                    3300.000000                   1.000000e+30                   5.000000e+10                      22.000000
                -512799.569631                    3300.000000                   1.000000e+30                   5.000000e+10                      22.000000
                -506389.450011                    3300.000000                   1.000000e+30                   5.000000e+10                      22.000000
                -499979.330390                    3300.000000                   1.000000e+30                   5.000000e+10                      22.000000
                -493569.210770                    3300.000000                   1.000000e+30                   5.000000e+10                      22.000000
                -487159.091150                    3300.000000                   1.000000e+30                   5.000000e+10                      22.000000
                -480748.971529                    3300.000000                   1.000000e+30                   5.000000e+10                      22.000000
                -474338.851909                    3300.000000                   1.000000e+30                   5.000000e+10                      22.000000
                -467928.732288                    3300.000000                   1.000000e+30                   5.000000e+10                      22.000000
                -461518.612668                    3300.000000                   1.000000e+30                   5.000000e+10                      22.000000
                -455108.493048                    3300.000000                   1.000000e+30                   5.000000e+10                      22.000000
                -448698.373427                    3300.000000                   1.000000e+30                   5.000000e+10                      22.000000
                -442288.253807                    3300.000000                   1.000000e+30                   5.000000e+10                      22.000000
                -435878.134186                    3300.000000                   1.000000e+30                   5.000000e+10                      22.000000
                -429468.014566                    3300.000000                   1.000000e+30                   5.000000e+10                      22.000000
                -423057.894946                    3300.000000                   1.000000e+30                   5.000000e+10                      22.000000
                -416647.775325                    3300.000000                   1.000000e+30                   5.000000e+10                      22.000000
                -410237.655705                    3300.000000                   1.000000e+30                   5.000000e+10                      22.000000
                -403827.536085                    3300.000000                   1.000000e+30                   5.000000e+10                      22.000000
                -397417.416464                    3300.000000                   1.000000e+30                   5.000000e+10                      22.000000
                -391007.296844                    3300.000000                   1.000000e+30                   5.000000e+10                      22.000000
                -384597.177223                    3300.000000                   1.000000e+30                   5.000000e+10                      22.000000
                -378187.057603                    3300.000000                   1.000000e+30                   5.000000e+10                      22.000000
                -371776.937983                    3300.000000                   1.000000e+30                   5.000000e+10                      22.000000
                -365366.818362                    3300.000000                   1.000000e+30                   5.000000e+10                      22.000000
                -358956.698742                    3300.000000                   1.000000e+30                   5.000000e+10                      22.000000
                -352546.579121                    3300.000000                   1.000000e+30                   5.000000e+10                      22.000000
                -346136.459501                    3300.000000                   1.000000e+30                   5.000000e+10                      22.000000
                -339726.339881                    3300.000000                   1.000000e+30                   5.000000e+10                      22.000000
                -333316.220260                    3300.000000                   1.000000e+30                   5.000000e+10                      22.000000
                -326906.100640                    3300.000000                   1.000000e+30                   5.000000e+10                      22.000000
                -320495.981019                    3300.000000                   1.000000e+30                   5.000000e+10                      22.000000
                -314085.861399                    3300.000000                   1.000000e+30                   5.000000e+10                      22.000000
                -307675.741779                    3300.000000                   1.000000e+30                   5.000000e+10                      22.000000
                -301265.622158                    3300.000000                   1.000000e+30                   5.000000e+10                      22.000000
                -294855.502538                    3300.000000                   1.000000e+30                   5.000000e+10                      22.000000
                -288445.382918                    3300.000000                   1.000000e+30                   5.000000e+10                      22.000000
                -282035.263297                    3300.000000                   1.000000e+30                   5.000000e+10                      22.000000
                -275625.143677                    3300.000000                   1.000000e+30                   5.000000e+10                      22.000000
                -269215.024056                    3300.000000                   1.000000e+30                   5.000000e+10                      22.000000
                -262804.904436                    3300.000000                   1.000000e+30                   5.000000e+10                      22.000000
                -256394.784816                    3300.000000                   1.000000e+30                   5.000000e+10                      22.000000
                -249984.665195                    3300.000000                   1.000000e+30                   5.000000e+10                      22.000000
                -243574.545575                    3300.000000                   1.000000e+30                   5.000000e+10                      22.000000
                -237164.425954                    3300.000000                   1.000000e+30                   5.000000e+10                      22.000000
                -230754.306334                    3300.000000                   1.000000e+30                   5.000000e+10                      22.000000
                -224344.186714                    3300.000000                   1.000000e+30                   5.000000e+10                      22.000000
                -217934.067093                    3300.000000                   1.000000e+30                   5.000000e+10                      22.000000
                -211523.947473                    3300.000000                   1.000000e+30                   5.000000e+10                      22.000000
                -205113.827852                    3300.000000                   1.000000e+30                   5.000000e+10                      22.000000
                -198703.708232                    3300.000000                   1.000000e+30                   5.000000e+10                      22.000000
                -192293.588612                    3300.000000                   1.000000e+30                   5.000000e+10                      22.000000
                -185883.468991                    3300.000000                   1.000000e+30                   5.000000e+10                      22.000000
                -179473.349371                    3300.000000                   1.000000e+30                   5.000000e+10                      22.000000
                -173063.229751                    3300.000000                   1.000000e+30                   5.000000e+10                      22.000000
                -166653.110130                    3300.000000                   1.000000e+30                   5.000000e+10                      22.000000
                -160242.990510                    3300.000000                   1.000000e+30                   5.000000e+10                      22.000000
                -153832.870889                    3300.000000                   1.000000e+30                   5.000000e+10                      22.000000
                -147422.751269                    3300.000000                   1.000000e+30                   5.000000e+10                      22.000000
                -141012.631649                    3300.000000                   1.000000e+30                   5.000000e+10                      22.000000
                -134602.512028                    3300.000000                   1.000000e+30                   5.000000e+10                      22.000000
                -128192.392408                    3300.000000                   1.000000e+30                   5.000000e+10                      22.000000
                -121782.272787                    3300.000000                   1.000000e+30                   5.000000e+10                      22.000000
                -115372.153167                    3300.000000                   1.000000e+30                   5.000000e+10                      22.000000
                -108962.033547                    3300.000000                   1.000000e+30                   5.000000e+10                      22.000000
                -102551.913926                    3300.000000                   1.000000e+30                   5.000000e+10                      22.000000
                 -96141.794306                    3300.000000                   1.000000e+30                   5.000000e+10                      22.000000
                 -89731.674685                    3300.000000                   1.000000e+30                   5.000000e+10                      22.000000
                 -83321.555065                    3300.000000                   1.000000e+30                   5.000000e+10                      22.000000
                 -76911.435445                    3300.000000                   1.000000e+30                   5.000000e+10                      22.000000
                 -70501.315824                    3300.000000                   1.000000e+30                   5.000000e+10                      22.000000
                 -64091.196204                    3300.000000                   1.000000e+30                   5.000000e+10                      22.000000
                 -57681.076584                    3300.000000                   1.000000e+30                   5.000000e+10                      22.000000
                 -51270.956963                    3300.000000                   1.000000e+30                   5.000000e+10                      22.000000
                 -44860.837343                    3300.000000                   1.000000e+30                   5.000000e+10                      22.000000
                 -38450.717722                    3300.000000                   1.000000e+30                   5.000000e+10                      22.000000
                 -32040.598102                    3300.000000                   1.000000e+30                   5.000000e+10                      22.000000
                 -25630.478482                    3300.000000                   1.000000e+30                   5.000000e+10                      22.000000
                 -19220.358861                    3300.000000                   1.000000e+30                   5.000000e+10                      22.000000
                 -12810.239241                    3300.000000                   1.000000e+30                   5.000000e+10                      22.000000
                  -6400.119620                    3300.000000                   1.000000e+30                   5.000000e+10                      22.000000
                     10.000000                    3300.000000                   1.000000e+30                   5.000000e+10                      22.000000
