                   #Radius (m)               Density (kg/m^3)              Bulk modulus (Pa)             Shear modulus (Pa)               Viscosity (Pa.s)
                2575000.000000                     930.000000                   1.000000e+30                   3.500000e+09                      24.000000
                2574999.710145                     930.000000                   1.000000e+30                   3.500000e+09                      24.000000
                2574999.420290                     930.000000                   1.000000e+30                   3.500000e+09                      24.000000
                2574999.130435                     930.000000                   1.000000e+30                   3.500000e+09                      24.000000
                2574998.840580                     930.000000                   1.000000e+30                   3.500000e+09                      24.000000
                2574998.550725                     930.000000                   1.000000e+30                   3.500000e+09                      24.000000
                2574998.260870                     930.000000                   1.000000e+30                   3.500000e+09                      24.000000
                2574997.971014                     930.000000                   1.000000e+30                   3.500000e+09                      24.000000
                2574997.681159                     930.000000                   1.000000e+30                   3.500000e+09                      24.000000
                2574997.391304                     930.000000                   1.000000e+30                   3.500000e+09                      24.000000
                2574997.101449                     930.000000                   1.000000e+30                   3.500000e+09                      24.000000
                2574996.811594                     930.000000                   1.000000e+30                   3.500000e+09                      24.000000
                2574996.521739                     930.000000                   1.000000e+30                   3.500000e+09                      24.000000
                2574996.231884                     930.000000                   1.000000e+30                   3.500000e+09                      24.000000
                2574995.942029                     930.000000                   1.000000e+30                   3.500000e+09                      24.000000
                2574995.652174                     930.000000                   1.000000e+30                   3.500000e+09                      24.000000
                2574995.362319                     930.000000                   1.000000e+30                   3.500000e+09                      24.000000
                2574995.072464                     930.000000                   1.000000e+30                   3.500000e+09                      24.000000
                2574994.782609                     930.000000                   1.000000e+30                   3.500000e+09                      24.000000
                2574994.492754                     930.000000                   1.000000e+30                   3.500000e+09                      24.000000
                2574994.202899                     930.000000                   1.000000e+30                   3.500000e+09                      24.000000
                2574993.913043                     930.000000                   1.000000e+30                   3.500000e+09                      24.000000
                2574993.623188                     930.000000                   1.000000e+30                   3.500000e+09                      24.000000
                2574993.333333                     930.000000                   1.000000e+30                   3.500000e+09                      24.000000
                2574993.043478                     930.000000                   1.000000e+30                   3.500000e+09                      24.000000
                2574992.753623                     930.000000                   1.000000e+30                   3.500000e+09                      24.000000
                2574992.463768                     930.000000                   1.000000e+30                   3.500000e+09                      24.000000
                2574992.173913                     930.000000                   1.000000e+30                   3.500000e+09                      24.000000
                2574991.884058                     930.000000                   1.000000e+30                   3.500000e+09                      24.000000
                2574991.594203                     930.000000                   1.000000e+30                   3.500000e+09                      24.000000
                2574991.304348                     930.000000                   1.000000e+30                   3.500000e+09                      24.000000
                2574991.014493                     930.000000                   1.000000e+30                   3.500000e+09                      24.000000
                2574990.724638                     930.000000                   1.000000e+30                   3.500000e+09                      24.000000
                2574990.434783                     930.000000                   1.000000e+30                   3.500000e+09                      24.000000
                2574990.144928                     930.000000                   1.000000e+30                   3.500000e+09                      24.000000
                2574989.855072                     930.000000                   1.000000e+30                   3.500000e+09                      24.000000
                2574989.565217                     930.000000                   1.000000e+30                   3.500000e+09                      24.000000
                2574989.275362                     930.000000                   1.000000e+30                   3.500000e+09                      24.000000
                2574988.985507                     930.000000                   1.000000e+30                   3.500000e+09                      24.000000
                2574988.695652                     930.000000                   1.000000e+30                   3.500000e+09                      24.000000
                2574988.405797                     930.000000                   1.000000e+30                   3.500000e+09                      24.000000
                2574988.115942                     930.000000                   1.000000e+30                   3.500000e+09                      24.000000
                2574987.826087                     930.000000                   1.000000e+30                   3.500000e+09                      24.000000
                2574987.536232                     930.000000                   1.000000e+30                   3.500000e+09                      24.000000
                2574987.246377                     930.000000                   1.000000e+30                   3.500000e+09                      24.000000
                2574986.956522                     930.000000                   1.000000e+30                   3.500000e+09                      24.000000
                2574986.666667                     930.000000                   1.000000e+30                   3.500000e+09                      24.000000
                2574986.376812                     930.000000                   1.000000e+30                   3.500000e+09                      24.000000
                2574986.086957                     930.000000                   1.000000e+30                   3.500000e+09                      24.000000
                2574985.797101                     930.000000                   1.000000e+30                   3.500000e+09                      24.000000
                2574985.507246                     930.000000                   1.000000e+30                   3.500000e+09                      24.000000
                2574985.217391                     930.000000                   1.000000e+30                   3.500000e+09                      24.000000
                2574984.927536                     930.000000                   1.000000e+30                   3.500000e+09                      24.000000
                2574984.637681                     930.000000                   1.000000e+30                   3.500000e+09                      24.000000
                2574984.347826                     930.000000                   1.000000e+30                   3.500000e+09                      24.000000
                2574984.057971                     930.000000                   1.000000e+30                   3.500000e+09                      24.000000
                2574983.768116                     930.000000                   1.000000e+30                   3.500000e+09                      24.000000
                2574983.478261                     930.000000                   1.000000e+30                   3.500000e+09                      24.000000
                2574983.188406                     930.000000                   1.000000e+30                   3.500000e+09                      24.000000
                2574982.898551                     930.000000                   1.000000e+30                   3.500000e+09                      24.000000
                2574982.608696                     930.000000                   1.000000e+30                   3.500000e+09                      24.000000
                2574982.318841                     930.000000                   1.000000e+30                   3.500000e+09                      24.000000
                2574982.028986                     930.000000                   1.000000e+30                   3.500000e+09                      24.000000
                2574981.739130                     930.000000                   1.000000e+30                   3.500000e+09                      24.000000
                2574981.449275                     930.000000                   1.000000e+30                   3.500000e+09                      24.000000
                2574981.159420                     930.000000                   1.000000e+30                   3.500000e+09                      24.000000
                2574980.869565                     930.000000                   1.000000e+30                   3.500000e+09                      24.000000
                2574980.579710                     930.000000                   1.000000e+30                   3.500000e+09                      24.000000
                2574980.289855                     930.000000                   1.000000e+30                   3.500000e+09                      24.000000
                2574980.000000                     930.000000                   1.000000e+30                   3.500000e+09                      24.000000
                2574980.000000                     930.000000                   1.000000e+30                   3.500000e+09                      15.000000
                2573685.581395                     930.000000                   1.000000e+30                   3.500000e+09                      15.000000
                2572391.162791                     930.000000                   1.000000e+30                   3.500000e+09                      15.000000
                2571096.744186                     930.000000                   1.000000e+30                   3.500000e+09                      15.000000
                2569802.325581                     930.000000                   1.000000e+30                   3.500000e+09                      15.000000
                2568507.906977                     930.000000                   1.000000e+30                   3.500000e+09                      15.000000
                2567213.488372                     930.000000                   1.000000e+30                   3.500000e+09                      15.000000
                2565919.069767                     930.000000                   1.000000e+30                   3.500000e+09                      15.000000
                2564624.651163                     930.000000                   1.000000e+30                   3.500000e+09                      15.000000
                2563330.232558                     930.000000                   1.000000e+30                   3.500000e+09                      15.000000
                2562035.813953                     930.000000                   1.000000e+30                   3.500000e+09                      15.000000
                2560741.395349                     930.000000                   1.000000e+30                   3.500000e+09                      15.000000
                2559446.976744                     930.000000                   1.000000e+30                   3.500000e+09                      15.000000
                2558152.558140                     930.000000                   1.000000e+30                   3.500000e+09                      15.000000
                2556858.139535                     930.000000                   1.000000e+30                   3.500000e+09                      15.000000
                2555563.720930                     930.000000                   1.000000e+30                   3.500000e+09                      15.000000
                2554269.302326                     930.000000                   1.000000e+30                   3.500000e+09                      15.000000
                2552974.883721                     930.000000                   1.000000e+30                   3.500000e+09                      15.000000
                2551680.465116                     930.000000                   1.000000e+30                   3.500000e+09                      15.000000
                2550386.046512                     930.000000                   1.000000e+30                   3.500000e+09                      15.000000
                2549091.627907                     930.000000                   1.000000e+30                   3.500000e+09                      15.000000
                2547797.209302                     930.000000                   1.000000e+30                   3.500000e+09                      15.000000
                2546502.790698                     930.000000                   1.000000e+30                   3.500000e+09                      15.000000
                2545208.372093                     930.000000                   1.000000e+30                   3.500000e+09                      15.000000
                2543913.953488                     930.000000                   1.000000e+30                   3.500000e+09                      15.000000
                2542619.534884                     930.000000                   1.000000e+30                   3.500000e+09                      15.000000
                2541325.116279                     930.000000                   1.000000e+30                   3.500000e+09                      15.000000
                2540030.697674                     930.000000                   1.000000e+30                   3.500000e+09                      15.000000
                2538736.279070                     930.000000                   1.000000e+30                   3.500000e+09                      15.000000
                2537441.860465                     930.000000                   1.000000e+30                   3.500000e+09                      15.000000
                2536147.441860                     930.000000                   1.000000e+30                   3.500000e+09                      15.000000
                2534853.023256                     930.000000                   1.000000e+30                   3.500000e+09                      15.000000
                2533558.604651                     930.000000                   1.000000e+30                   3.500000e+09                      15.000000
                2532264.186047                     930.000000                   1.000000e+30                   3.500000e+09                      15.000000
                2530969.767442                     930.000000                   1.000000e+30                   3.500000e+09                      15.000000
                2529675.348837                     930.000000                   1.000000e+30                   3.500000e+09                      15.000000
                2528380.930233                     930.000000                   1.000000e+30                   3.500000e+09                      15.000000
                2527086.511628                     930.000000                   1.000000e+30                   3.500000e+09                      15.000000
                2525792.093023                     930.000000                   1.000000e+30                   3.500000e+09                      15.000000
                2524497.674419                     930.000000                   1.000000e+30                   3.500000e+09                      15.000000
                2523203.255814                     930.000000                   1.000000e+30                   3.500000e+09                      15.000000
                2521908.837209                     930.000000                   1.000000e+30                   3.500000e+09                      15.000000
                2520614.418605                     930.000000                   1.000000e+30                   3.500000e+09                      15.000000
                2519320.000000                     930.000000                   1.000000e+30                   3.500000e+09                      15.000000
                2518025.581395                     930.000000                   1.000000e+30                   3.500000e+09                      15.000000
                2516731.162791                     930.000000                   1.000000e+30                   3.500000e+09                      15.000000
                2515436.744186                     930.000000                   1.000000e+30                   3.500000e+09                      15.000000
                2514142.325581                     930.000000                   1.000000e+30                   3.500000e+09                      15.000000
                2512847.906977                     930.000000                   1.000000e+30                   3.500000e+09                      15.000000
                2511553.488372                     930.000000                   1.000000e+30                   3.500000e+09                      15.000000
                2510259.069767                     930.000000                   1.000000e+30                   3.500000e+09                      15.000000
                2508964.651163                     930.000000                   1.000000e+30                   3.500000e+09                      15.000000
                2507670.232558                     930.000000                   1.000000e+30                   3.500000e+09                      15.000000
                2506375.813953                     930.000000                   1.000000e+30                   3.500000e+09                      15.000000
                2505081.395349                     930.000000                   1.000000e+30                   3.500000e+09                      15.000000
                2503786.976744                     930.000000                   1.000000e+30                   3.500000e+09                      15.000000
                2502492.558140                     930.000000                   1.000000e+30                   3.500000e+09                      15.000000
                2501198.139535                     930.000000                   1.000000e+30                   3.500000e+09                      15.000000
                2499903.720930                     930.000000                   1.000000e+30                   3.500000e+09                      15.000000
                2498609.302326                     930.000000                   1.000000e+30                   3.500000e+09                      15.000000
                2497314.883721                     930.000000                   1.000000e+30                   3.500000e+09                      15.000000
                2496020.465116                     930.000000                   1.000000e+30                   3.500000e+09                      15.000000
                2494726.046512                     930.000000                   1.000000e+30                   3.500000e+09                      15.000000
                2493431.627907                     930.000000                   1.000000e+30                   3.500000e+09                      15.000000
                2492137.209302                     930.000000                   1.000000e+30                   3.500000e+09                      15.000000
                2490842.790698                     930.000000                   1.000000e+30                   3.500000e+09                      15.000000
                2489548.372093                     930.000000                   1.000000e+30                   3.500000e+09                      15.000000
                2488253.953488                     930.000000                   1.000000e+30                   3.500000e+09                      15.000000
                2486959.534884                     930.000000                   1.000000e+30                   3.500000e+09                      15.000000
                2485665.116279                     930.000000                   1.000000e+30                   3.500000e+09                      15.000000
                2484370.697674                     930.000000                   1.000000e+30                   3.500000e+09                      15.000000
                2483076.279070                     930.000000                   1.000000e+30                   3.500000e+09                      15.000000
                2481781.860465                     930.000000                   1.000000e+30                   3.500000e+09                      15.000000
                2480487.441860                     930.000000                   1.000000e+30                   3.500000e+09                      15.000000
                2479193.023256                     930.000000                   1.000000e+30                   3.500000e+09                      15.000000
                2477898.604651                     930.000000                   1.000000e+30                   3.500000e+09                      15.000000
                2476604.186047                     930.000000                   1.000000e+30                   3.500000e+09                      15.000000
                2475309.767442                     930.000000                   1.000000e+30                   3.500000e+09                      15.000000
                2474015.348837                     930.000000                   1.000000e+30                   3.500000e+09                      15.000000
                2472720.930233                     930.000000                   1.000000e+30                   3.500000e+09                      15.000000
                2471426.511628                     930.000000                   1.000000e+30                   3.500000e+09                      15.000000
                2470132.093023                     930.000000                   1.000000e+30                   3.500000e+09                      15.000000
                2468837.674419                     930.000000                   1.000000e+30                   3.500000e+09                      15.000000
                2467543.255814                     930.000000                   1.000000e+30                   3.500000e+09                      15.000000
                2466248.837209                     930.000000                   1.000000e+30                   3.500000e+09                      15.000000
                2464954.418605                     930.000000                   1.000000e+30                   3.500000e+09                      15.000000
                2463660.000000                     930.000000                   1.000000e+30                   3.500000e+09                      15.000000
                2462365.581395                     930.000000                   1.000000e+30                   3.500000e+09                      15.000000
                2461071.162791                     930.000000                   1.000000e+30                   3.500000e+09                      15.000000
                2459776.744186                     930.000000                   1.000000e+30                   3.500000e+09                      15.000000
                2458482.325581                     930.000000                   1.000000e+30                   3.500000e+09                      15.000000
                2457187.906977                     930.000000                   1.000000e+30                   3.500000e+09                      15.000000
                2455893.488372                     930.000000                   1.000000e+30                   3.500000e+09                      15.000000
                2454599.069767                     930.000000                   1.000000e+30                   3.500000e+09                      15.000000
                2453304.651163                     930.000000                   1.000000e+30                   3.500000e+09                      15.000000
                2452010.232558                     930.000000                   1.000000e+30                   3.500000e+09                      15.000000
                2450715.813953                     930.000000                   1.000000e+30                   3.500000e+09                      15.000000
                2449421.395349                     930.000000                   1.000000e+30                   3.500000e+09                      15.000000
                2448126.976744                     930.000000                   1.000000e+30                   3.500000e+09                      15.000000
                2446832.558140                     930.000000                   1.000000e+30                   3.500000e+09                      15.000000
                2445538.139535                     930.000000                   1.000000e+30                   3.500000e+09                      15.000000
                2444243.720930                     930.000000                   1.000000e+30                   3.500000e+09                      15.000000
                2442949.302326                     930.000000                   1.000000e+30                   3.500000e+09                      15.000000
                2441654.883721                     930.000000                   1.000000e+30                   3.500000e+09                      15.000000
                2440360.465116                     930.000000                   1.000000e+30                   3.500000e+09                      15.000000
                2439066.046512                     930.000000                   1.000000e+30                   3.500000e+09                      15.000000
                2437771.627907                     930.000000                   1.000000e+30                   3.500000e+09                      15.000000
                2436477.209302                     930.000000                   1.000000e+30                   3.500000e+09                      15.000000
                2435182.790698                     930.000000                   1.000000e+30                   3.500000e+09                      15.000000
                2433888.372093                     930.000000                   1.000000e+30                   3.500000e+09                      15.000000
                2432593.953488                     930.000000                   1.000000e+30                   3.500000e+09                      15.000000
                2431299.534884                     930.000000                   1.000000e+30                   3.500000e+09                      15.000000
                2430005.116279                     930.000000                   1.000000e+30                   3.500000e+09                      15.000000
                2428710.697674                     930.000000                   1.000000e+30                   3.500000e+09                      15.000000
                2427416.279070                     930.000000                   1.000000e+30                   3.500000e+09                      15.000000
                2426121.860465                     930.000000                   1.000000e+30                   3.500000e+09                      15.000000
                2424827.441860                     930.000000                   1.000000e+30                   3.500000e+09                      15.000000
                2423533.023256                     930.000000                   1.000000e+30                   3.500000e+09                      15.000000
                2422238.604651                     930.000000                   1.000000e+30                   3.500000e+09                      15.000000
                2420944.186047                     930.000000                   1.000000e+30                   3.500000e+09                      15.000000
                2419649.767442                     930.000000                   1.000000e+30                   3.500000e+09                      15.000000
                2418355.348837                     930.000000                   1.000000e+30                   3.500000e+09                      15.000000
                2417060.930233                     930.000000                   1.000000e+30                   3.500000e+09                      15.000000
                2415766.511628                     930.000000                   1.000000e+30                   3.500000e+09                      15.000000
                2414472.093023                     930.000000                   1.000000e+30                   3.500000e+09                      15.000000
                2413177.674419                     930.000000                   1.000000e+30                   3.500000e+09                      15.000000
                2411883.255814                     930.000000                   1.000000e+30                   3.500000e+09                      15.000000
                2410588.837209                     930.000000                   1.000000e+30                   3.500000e+09                      15.000000
                2409294.418605                     930.000000                   1.000000e+30                   3.500000e+09                      15.000000
                2408000.000000                     930.000000                   1.000000e+30                   3.500000e+09                      15.000000
                2408000.000000                    1100.000000                   1.000000e+30                   0.000000e+00                       2.000000
                2407994.542132                    1100.000000                   1.000000e+30                   0.000000e+00                       2.000000
                2407984.842252                    1100.000000                   1.000000e+30                   0.000000e+00                       2.000000
                2407970.299624                    1100.000000                   1.000000e+30                   0.000000e+00                       2.000000
                2407950.922872                    1100.000000                   1.000000e+30                   0.000000e+00                       2.000000
                2407926.723487                    1100.000000                   1.000000e+30                   0.000000e+00                       2.000000
                2407897.715822                    1100.000000                   1.000000e+30                   0.000000e+00                       2.000000
                2407863.917080                    1100.000000                   1.000000e+30                   0.000000e+00                       2.000000
                2407825.347304                    1100.000000                   1.000000e+30                   0.000000e+00                       2.000000
                2407782.029371                    1100.000000                   1.000000e+30                   0.000000e+00                       2.000000
                2407733.988968                    1100.000000                   1.000000e+30                   0.000000e+00                       2.000000
                2407681.254589                    1100.000000                   1.000000e+30                   0.000000e+00                       2.000000
                2407623.857507                    1100.000000                   1.000000e+30                   0.000000e+00                       2.000000
                2407561.831761                    1100.000000                   1.000000e+30                   0.000000e+00                       2.000000
                2407495.214138                    1100.000000                   1.000000e+30                   0.000000e+00                       2.000000
                2407424.044145                    1100.000000                   1.000000e+30                   0.000000e+00                       2.000000
                2407348.363991                    1100.000000                   1.000000e+30                   0.000000e+00                       2.000000
                2407268.218558                    1100.000000                   1.000000e+30                   0.000000e+00                       2.000000
                2407183.655378                    1100.000000                   1.000000e+30                   0.000000e+00                       2.000000
                2407094.724601                    1100.000000                   1.000000e+30                   0.000000e+00                       2.000000
                2407001.478969                    1100.000000                   1.000000e+30                   0.000000e+00                       2.000000
                2406903.973782                    1100.000000                   1.000000e+30                   0.000000e+00                       2.000000
                2406802.266867                    1100.000000                   1.000000e+30                   0.000000e+00                       2.000000
                2406696.418541                    1100.000000                   1.000000e+30                   0.000000e+00                       2.000000
                2406586.491580                    1100.000000                   1.000000e+30                   0.000000e+00                       2.000000
                2406472.551177                    1100.000000                   1.000000e+30                   0.000000e+00                       2.000000
                2406354.664905                    1100.000000                   1.000000e+30                   0.000000e+00                       2.000000
                2406232.902677                    1100.000000                   1.000000e+30                   0.000000e+00                       2.000000
                2406107.336707                    1100.000000                   1.000000e+30                   0.000000e+00                       2.000000
                2405978.041463                    1100.000000                   1.000000e+30                   0.000000e+00                       2.000000
                2405845.093623                    1100.000000                   1.000000e+30                   0.000000e+00                       2.000000
                2405708.572035                    1100.000000                   1.000000e+30                   0.000000e+00                       2.000000
                2405568.557664                    1100.000000                   1.000000e+30                   0.000000e+00                       2.000000
                2405425.133547                    1100.000000                   1.000000e+30                   0.000000e+00                       2.000000
                2405278.384743                    1100.000000                   1.000000e+30                   0.000000e+00                       2.000000
                2405128.398283                    1100.000000                   1.000000e+30                   0.000000e+00                       2.000000
                2404975.263117                    1100.000000                   1.000000e+30                   0.000000e+00                       2.000000
                2404819.070065                    1100.000000                   1.000000e+30                   0.000000e+00                       2.000000
                2404659.911759                    1100.000000                   1.000000e+30                   0.000000e+00                       2.000000
                2404497.882588                    1100.000000                   1.000000e+30                   0.000000e+00                       2.000000
                2404333.078645                    1100.000000                   1.000000e+30                   0.000000e+00                       2.000000
                2404165.597670                    1100.000000                   1.000000e+30                   0.000000e+00                       2.000000
                2403995.538989                    1100.000000                   1.000000e+30                   0.000000e+00                       2.000000
                2403823.003457                    1100.000000                   1.000000e+30                   0.000000e+00                       2.000000
                2403648.093398                    1100.000000                   1.000000e+30                   0.000000e+00                       2.000000
                2403470.912543                    1100.000000                   1.000000e+30                   0.000000e+00                       2.000000
                2403291.565973                    1100.000000                   1.000000e+30                   0.000000e+00                       2.000000
                2403110.160050                    1100.000000                   1.000000e+30                   0.000000e+00                       2.000000
                2402926.802358                    1100.000000                   1.000000e+30                   0.000000e+00                       2.000000
                2402741.601641                    1100.000000                   1.000000e+30                   0.000000e+00                       2.000000
                2402554.667733                    1100.000000                   1.000000e+30                   0.000000e+00                       2.000000
                2402366.111498                    1100.000000                   1.000000e+30                   0.000000e+00                       2.000000
                2402176.044760                    1100.000000                   1.000000e+30                   0.000000e+00                       2.000000
                2401984.580240                    1100.000000                   1.000000e+30                   0.000000e+00                       2.000000
                2401791.831490                    1100.000000                   1.000000e+30                   0.000000e+00                       2.000000
                2401597.912819                    1100.000000                   1.000000e+30                   0.000000e+00                       2.000000
                2401402.939235                    1100.000000                   1.000000e+30                   0.000000e+00                       2.000000
                2401207.026367                    1100.000000                   1.000000e+30                   0.000000e+00                       2.000000
                2401010.290404                    1100.000000                   1.000000e+30                   0.000000e+00                       2.000000
                2400812.848023                    1100.000000                   1.000000e+30                   0.000000e+00                       2.000000
                2400614.816318                    1100.000000                   1.000000e+30                   0.000000e+00                       2.000000
                2400416.312734                    1100.000000                   1.000000e+30                   0.000000e+00                       2.000000
                2400217.454996                    1100.000000                   1.000000e+30                   0.000000e+00                       2.000000
                2400018.361038                    1100.000000                   1.000000e+30                   0.000000e+00                       2.000000
                2399819.148936                    1100.000000                   1.000000e+30                   0.000000e+00                       2.000000
                2399619.936834                    1100.000000                   1.000000e+30                   0.000000e+00                       2.000000
                2399420.842876                    1100.000000                   1.000000e+30                   0.000000e+00                       2.000000
                2399221.985139                    1100.000000                   1.000000e+30                   0.000000e+00                       2.000000
                2399023.481555                    1100.000000                   1.000000e+30                   0.000000e+00                       2.000000
                2398825.449850                    1100.000000                   1.000000e+30                   0.000000e+00                       2.000000
                2398628.007468                    1100.000000                   1.000000e+30                   0.000000e+00                       2.000000
                2398431.271505                    1100.000000                   1.000000e+30                   0.000000e+00                       2.000000
                2398235.358638                    1100.000000                   1.000000e+30                   0.000000e+00                       2.000000
                2398040.385053                    1100.000000                   1.000000e+30                   0.000000e+00                       2.000000
                2397846.466383                    1100.000000                   1.000000e+30                   0.000000e+00                       2.000000
                2397653.717632                    1100.000000                   1.000000e+30                   0.000000e+00                       2.000000
                2397462.253113                    1100.000000                   1.000000e+30                   0.000000e+00                       2.000000
                2397272.186375                    1100.000000                   1.000000e+30                   0.000000e+00                       2.000000
                2397083.630139                    1100.000000                   1.000000e+30                   0.000000e+00                       2.000000
                2396896.696231                    1100.000000                   1.000000e+30                   0.000000e+00                       2.000000
                2396711.495514                    1100.000000                   1.000000e+30                   0.000000e+00                       2.000000
                2396528.137823                    1100.000000                   1.000000e+30                   0.000000e+00                       2.000000
                2396346.731900                    1100.000000                   1.000000e+30                   0.000000e+00                       2.000000
                2396167.385329                    1100.000000                   1.000000e+30                   0.000000e+00                       2.000000
                2395990.204475                    1100.000000                   1.000000e+30                   0.000000e+00                       2.000000
                2395815.294415                    1100.000000                   1.000000e+30                   0.000000e+00                       2.000000
                2395642.758883                    1100.000000                   1.000000e+30                   0.000000e+00                       2.000000
                2395472.700202                    1100.000000                   1.000000e+30                   0.000000e+00                       2.000000
                2395305.219227                    1100.000000                   1.000000e+30                   0.000000e+00                       2.000000
                2395140.415285                    1100.000000                   1.000000e+30                   0.000000e+00                       2.000000
                2394978.386114                    1100.000000                   1.000000e+30                   0.000000e+00                       2.000000
                2394819.227807                    1100.000000                   1.000000e+30                   0.000000e+00                       2.000000
                2394663.034755                    1100.000000                   1.000000e+30                   0.000000e+00                       2.000000
                2394509.899590                    1100.000000                   1.000000e+30                   0.000000e+00                       2.000000
                2394359.913129                    1100.000000                   1.000000e+30                   0.000000e+00                       2.000000
                2394213.164325                    1100.000000                   1.000000e+30                   0.000000e+00                       2.000000
                2394069.740208                    1100.000000                   1.000000e+30                   0.000000e+00                       2.000000
                2393929.725837                    1100.000000                   1.000000e+30                   0.000000e+00                       2.000000
                2393793.204249                    1100.000000                   1.000000e+30                   0.000000e+00                       2.000000
                2393660.256410                    1100.000000                   1.000000e+30                   0.000000e+00                       2.000000
                2393530.961165                    1100.000000                   1.000000e+30                   0.000000e+00                       2.000000
                2393405.395195                    1100.000000                   1.000000e+30                   0.000000e+00                       2.000000
                2393283.632968                    1100.000000                   1.000000e+30                   0.000000e+00                       2.000000
                2393165.746695                    1100.000000                   1.000000e+30                   0.000000e+00                       2.000000
                2393051.806292                    1100.000000                   1.000000e+30                   0.000000e+00                       2.000000
                2392941.879331                    1100.000000                   1.000000e+30                   0.000000e+00                       2.000000
                2392836.031006                    1100.000000                   1.000000e+30                   0.000000e+00                       2.000000
                2392734.324090                    1100.000000                   1.000000e+30                   0.000000e+00                       2.000000
                2392636.818903                    1100.000000                   1.000000e+30                   0.000000e+00                       2.000000
                2392543.573271                    1100.000000                   1.000000e+30                   0.000000e+00                       2.000000
                2392454.642494                    1100.000000                   1.000000e+30                   0.000000e+00                       2.000000
                2392370.079314                    1100.000000                   1.000000e+30                   0.000000e+00                       2.000000
                2392289.933881                    1100.000000                   1.000000e+30                   0.000000e+00                       2.000000
                2392214.253727                    1100.000000                   1.000000e+30                   0.000000e+00                       2.000000
                2392143.083734                    1100.000000                   1.000000e+30                   0.000000e+00                       2.000000
                2392076.466111                    1100.000000                   1.000000e+30                   0.000000e+00                       2.000000
                2392014.440366                    1100.000000                   1.000000e+30                   0.000000e+00                       2.000000
                2391957.043283                    1100.000000                   1.000000e+30                   0.000000e+00                       2.000000
                2391904.308904                    1100.000000                   1.000000e+30                   0.000000e+00                       2.000000
                2391856.268502                    1100.000000                   1.000000e+30                   0.000000e+00                       2.000000
                2391812.950568                    1100.000000                   1.000000e+30                   0.000000e+00                       2.000000
                2391774.380793                    1100.000000                   1.000000e+30                   0.000000e+00                       2.000000
                2391740.582050                    1100.000000                   1.000000e+30                   0.000000e+00                       2.000000
                2391711.574385                    1100.000000                   1.000000e+30                   0.000000e+00                       2.000000
                2391687.375000                    1100.000000                   1.000000e+30                   0.000000e+00                       2.000000
                2391667.998248                    1100.000000                   1.000000e+30                   0.000000e+00                       2.000000
                2391653.455620                    1100.000000                   1.000000e+30                   0.000000e+00                       2.000000
                2391643.755740                    1100.000000                   1.000000e+30                   0.000000e+00                       2.000000
                2391638.904362                    1100.000000                   1.000000e+30                   0.000000e+00                       2.000000
                2391638.297872                    1100.000000                   1.000000e+30                   0.000000e+00                       2.000000
                2391638.297872                    1250.000000                   1.000000e+30                   6.000000e+09                      15.000000
                2388602.342075                    1250.000000                   1.000000e+30                   6.000000e+09                      15.000000
                2385566.386277                    1250.000000                   1.000000e+30                   6.000000e+09                      15.000000
                2382530.430480                    1250.000000                   1.000000e+30                   6.000000e+09                      15.000000
                2379494.474683                    1250.000000                   1.000000e+30                   6.000000e+09                      15.000000
                2376458.518885                    1250.000000                   1.000000e+30                   6.000000e+09                      15.000000
                2373422.563088                    1250.000000                   1.000000e+30                   6.000000e+09                      15.000000
                2370386.607290                    1250.000000                   1.000000e+30                   6.000000e+09                      15.000000
                2367350.651493                    1250.000000                   1.000000e+30                   6.000000e+09                      15.000000
                2364314.695695                    1250.000000                   1.000000e+30                   6.000000e+09                      15.000000
                2361278.739898                    1250.000000                   1.000000e+30                   6.000000e+09                      15.000000
                2358242.784100                    1250.000000                   1.000000e+30                   6.000000e+09                      15.000000
                2355206.828303                    1250.000000                   1.000000e+30                   6.000000e+09                      15.000000
                2352170.872505                    1250.000000                   1.000000e+30                   6.000000e+09                      15.000000
                2349134.916708                    1250.000000                   1.000000e+30                   6.000000e+09                      15.000000
                2346098.960910                    1250.000000                   1.000000e+30                   6.000000e+09                      15.000000
                2343063.005113                    1250.000000                   1.000000e+30                   6.000000e+09                      15.000000
                2340027.049316                    1250.000000                   1.000000e+30                   6.000000e+09                      15.000000
                2336991.093518                    1250.000000                   1.000000e+30                   6.000000e+09                      15.000000
                2333955.137721                    1250.000000                   1.000000e+30                   6.000000e+09                      15.000000
                2330919.181923                    1250.000000                   1.000000e+30                   6.000000e+09                      15.000000
                2327883.226126                    1250.000000                   1.000000e+30                   6.000000e+09                      15.000000
                2324847.270328                    1250.000000                   1.000000e+30                   6.000000e+09                      15.000000
                2321811.314531                    1250.000000                   1.000000e+30                   6.000000e+09                      15.000000
                2318775.358733                    1250.000000                   1.000000e+30                   6.000000e+09                      15.000000
                2315739.402936                    1250.000000                   1.000000e+30                   6.000000e+09                      15.000000
                2312703.447138                    1250.000000                   1.000000e+30                   6.000000e+09                      15.000000
                2309667.491341                    1250.000000                   1.000000e+30                   6.000000e+09                      15.000000
                2306631.535543                    1250.000000                   1.000000e+30                   6.000000e+09                      15.000000
                2303595.579746                    1250.000000                   1.000000e+30                   6.000000e+09                      15.000000
                2300559.623949                    1250.000000                   1.000000e+30                   6.000000e+09                      15.000000
                2297523.668151                    1250.000000                   1.000000e+30                   6.000000e+09                      15.000000
                2294487.712354                    1250.000000                   1.000000e+30                   6.000000e+09                      15.000000
                2291451.756556                    1250.000000                   1.000000e+30                   6.000000e+09                      15.000000
                2288415.800759                    1250.000000                   1.000000e+30                   6.000000e+09                      15.000000
                2285379.844961                    1250.000000                   1.000000e+30                   6.000000e+09                      15.000000
                2282343.889164                    1250.000000                   1.000000e+30                   6.000000e+09                      15.000000
                2279307.933366                    1250.000000                   1.000000e+30                   6.000000e+09                      15.000000
                2276271.977569                    1250.000000                   1.000000e+30                   6.000000e+09                      15.000000
                2273236.021771                    1250.000000                   1.000000e+30                   6.000000e+09                      15.000000
                2270200.065974                    1250.000000                   1.000000e+30                   6.000000e+09                      15.000000
                2267164.110176                    1250.000000                   1.000000e+30                   6.000000e+09                      15.000000
                2264128.154379                    1250.000000                   1.000000e+30                   6.000000e+09                      15.000000
                2261092.198582                    1250.000000                   1.000000e+30                   6.000000e+09                      15.000000
                2258056.242784                    1250.000000                   1.000000e+30                   6.000000e+09                      15.000000
                2255020.286987                    1250.000000                   1.000000e+30                   6.000000e+09                      15.000000
                2251984.331189                    1250.000000                   1.000000e+30                   6.000000e+09                      15.000000
                2248948.375392                    1250.000000                   1.000000e+30                   6.000000e+09                      15.000000
                2245912.419594                    1250.000000                   1.000000e+30                   6.000000e+09                      15.000000
                2242876.463797                    1250.000000                   1.000000e+30                   6.000000e+09                      15.000000
                2239840.507999                    1250.000000                   1.000000e+30                   6.000000e+09                      15.000000
                2236804.552202                    1250.000000                   1.000000e+30                   6.000000e+09                      15.000000
                2233768.596404                    1250.000000                   1.000000e+30                   6.000000e+09                      15.000000
                2230732.640607                    1250.000000                   1.000000e+30                   6.000000e+09                      15.000000
                2227696.684810                    1250.000000                   1.000000e+30                   6.000000e+09                      15.000000
                2224660.729012                    1250.000000                   1.000000e+30                   6.000000e+09                      15.000000
                2221624.773215                    1250.000000                   1.000000e+30                   6.000000e+09                      15.000000
                2218588.817417                    1250.000000                   1.000000e+30                   6.000000e+09                      15.000000
                2215552.861620                    1250.000000                   1.000000e+30                   6.000000e+09                      15.000000
                2212516.905822                    1250.000000                   1.000000e+30                   6.000000e+09                      15.000000
                2209480.950025                    1250.000000                   1.000000e+30                   6.000000e+09                      15.000000
                2206444.994227                    1250.000000                   1.000000e+30                   6.000000e+09                      15.000000
                2203409.038430                    1250.000000                   1.000000e+30                   6.000000e+09                      15.000000
                2200373.082632                    1250.000000                   1.000000e+30                   6.000000e+09                      15.000000
                2197337.126835                    1250.000000                   1.000000e+30                   6.000000e+09                      15.000000
                2194301.171037                    1250.000000                   1.000000e+30                   6.000000e+09                      15.000000
                2191265.215240                    1250.000000                   1.000000e+30                   6.000000e+09                      15.000000
                2188229.259443                    1250.000000                   1.000000e+30                   6.000000e+09                      15.000000
                2185193.303645                    1250.000000                   1.000000e+30                   6.000000e+09                      15.000000
                2182157.347848                    1250.000000                   1.000000e+30                   6.000000e+09                      15.000000
                2179121.392050                    1250.000000                   1.000000e+30                   6.000000e+09                      15.000000
                2176085.436253                    1250.000000                   1.000000e+30                   6.000000e+09                      15.000000
                2173049.480455                    1250.000000                   1.000000e+30                   6.000000e+09                      15.000000
                2170013.524658                    1250.000000                   1.000000e+30                   6.000000e+09                      15.000000
                2166977.568860                    1250.000000                   1.000000e+30                   6.000000e+09                      15.000000
                2163941.613063                    1250.000000                   1.000000e+30                   6.000000e+09                      15.000000
                2160905.657265                    1250.000000                   1.000000e+30                   6.000000e+09                      15.000000
                2157869.701468                    1250.000000                   1.000000e+30                   6.000000e+09                      15.000000
                2154833.745670                    1250.000000                   1.000000e+30                   6.000000e+09                      15.000000
                2151797.789873                    1250.000000                   1.000000e+30                   6.000000e+09                      15.000000
                2148761.834076                    1250.000000                   1.000000e+30                   6.000000e+09                      15.000000
                2145725.878278                    1250.000000                   1.000000e+30                   6.000000e+09                      15.000000
                2142689.922481                    1250.000000                   1.000000e+30                   6.000000e+09                      15.000000
                2139653.966683                    1250.000000                   1.000000e+30                   6.000000e+09                      15.000000
                2136618.010886                    1250.000000                   1.000000e+30                   6.000000e+09                      15.000000
                2133582.055088                    1250.000000                   1.000000e+30                   6.000000e+09                      15.000000
                2130546.099291                    1250.000000                   1.000000e+30                   6.000000e+09                      15.000000
                2127510.143493                    1250.000000                   1.000000e+30                   6.000000e+09                      15.000000
                2124474.187696                    1250.000000                   1.000000e+30                   6.000000e+09                      15.000000
                2121438.231898                    1250.000000                   1.000000e+30                   6.000000e+09                      15.000000
                2118402.276101                    1250.000000                   1.000000e+30                   6.000000e+09                      15.000000
                2115366.320303                    1250.000000                   1.000000e+30                   6.000000e+09                      15.000000
                2112330.364506                    1250.000000                   1.000000e+30                   6.000000e+09                      15.000000
                2109294.408709                    1250.000000                   1.000000e+30                   6.000000e+09                      15.000000
                2106258.452911                    1250.000000                   1.000000e+30                   6.000000e+09                      15.000000
                2103222.497114                    1250.000000                   1.000000e+30                   6.000000e+09                      15.000000
                2100186.541316                    1250.000000                   1.000000e+30                   6.000000e+09                      15.000000
                2097150.585519                    1250.000000                   1.000000e+30                   6.000000e+09                      15.000000
                2094114.629721                    1250.000000                   1.000000e+30                   6.000000e+09                      15.000000
                2091078.673924                    1250.000000                   1.000000e+30                   6.000000e+09                      15.000000
                2088042.718126                    1250.000000                   1.000000e+30                   6.000000e+09                      15.000000
                2085006.762329                    1250.000000                   1.000000e+30                   6.000000e+09                      15.000000
                2081970.806531                    1250.000000                   1.000000e+30                   6.000000e+09                      15.000000
                2078934.850734                    1250.000000                   1.000000e+30                   6.000000e+09                      15.000000
                2075898.894937                    1250.000000                   1.000000e+30                   6.000000e+09                      15.000000
                2072862.939139                    1250.000000                   1.000000e+30                   6.000000e+09                      15.000000
                2069826.983342                    1250.000000                   1.000000e+30                   6.000000e+09                      15.000000
                2066791.027544                    1250.000000                   1.000000e+30                   6.000000e+09                      15.000000
                2063755.071747                    1250.000000                   1.000000e+30                   6.000000e+09                      15.000000
                2060719.115949                    1250.000000                   1.000000e+30                   6.000000e+09                      15.000000
                2057683.160152                    1250.000000                   1.000000e+30                   6.000000e+09                      15.000000
                2054647.204354                    1250.000000                   1.000000e+30                   6.000000e+09                      15.000000
                2051611.248557                    1250.000000                   1.000000e+30                   6.000000e+09                      15.000000
                2048575.292759                    1250.000000                   1.000000e+30                   6.000000e+09                      15.000000
                2045539.336962                    1250.000000                   1.000000e+30                   6.000000e+09                      15.000000
                2042503.381164                    1250.000000                   1.000000e+30                   6.000000e+09                      15.000000
                2039467.425367                    1250.000000                   1.000000e+30                   6.000000e+09                      15.000000
                2036431.469570                    1250.000000                   1.000000e+30                   6.000000e+09                      15.000000
                2033395.513772                    1250.000000                   1.000000e+30                   6.000000e+09                      15.000000
                2030359.557975                    1250.000000                   1.000000e+30                   6.000000e+09                      15.000000
                2027323.602177                    1250.000000                   1.000000e+30                   6.000000e+09                      15.000000
                2024287.646380                    1250.000000                   1.000000e+30                   6.000000e+09                      15.000000
                2021251.690582                    1250.000000                   1.000000e+30                   6.000000e+09                      15.000000
                2018215.734785                    1250.000000                   1.000000e+30                   6.000000e+09                      15.000000
                2015179.778987                    1250.000000                   1.000000e+30                   6.000000e+09                      15.000000
                2012143.823190                    1250.000000                   1.000000e+30                   6.000000e+09                      15.000000
                2009107.867392                    1250.000000                   1.000000e+30                   6.000000e+09                      15.000000
                2006071.911595                    1250.000000                   1.000000e+30                   6.000000e+09                      15.000000
                2003035.955797                    1250.000000                   1.000000e+30                   6.000000e+09                      15.000000
                2000000.000000                    1250.000000                   1.000000e+30                   6.000000e+09                      15.000000
                2000000.000000                    2855.312410                   1.000000e+30                   3.000000e+10                      17.000000
                1976756.554419                    2855.312410                   1.000000e+30                   3.000000e+10                      17.000000
                1953513.108839                    2855.312410                   1.000000e+30                   3.000000e+10                      17.000000
                1930269.663258                    2855.312410                   1.000000e+30                   3.000000e+10                      17.000000
                1907026.217678                    2855.312410                   1.000000e+30                   3.000000e+10                      17.000000
                1883782.772097                    2855.312410                   1.000000e+30                   3.000000e+10                      17.000000
                1860539.326517                    2855.312410                   1.000000e+30                   3.000000e+10                      17.000000
                1837295.880936                    2855.312410                   1.000000e+30                   3.000000e+10                      17.000000
                1814052.435355                    2855.312410                   1.000000e+30                   3.000000e+10                      17.000000
                1790808.989775                    2855.312410                   1.000000e+30                   3.000000e+10                      17.000000
                1767565.544194                    2855.312410                   1.000000e+30                   3.000000e+10                      17.000000
                1744322.098614                    2855.312410                   1.000000e+30                   3.000000e+10                      17.000000
                1721078.653033                    2855.312410                   1.000000e+30                   3.000000e+10                      17.000000
                1697835.207452                    2855.312410                   1.000000e+30                   3.000000e+10                      17.000000
                1674591.761872                    2855.312410                   1.000000e+30                   3.000000e+10                      17.000000
                1651348.316291                    2855.312410                   1.000000e+30                   3.000000e+10                      17.000000
                1628104.870711                    2855.312410                   1.000000e+30                   3.000000e+10                      17.000000
                1604861.425130                    2855.312410                   1.000000e+30                   3.000000e+10                      17.000000
                1581617.979550                    2855.312410                   1.000000e+30                   3.000000e+10                      17.000000
                1558374.533969                    2855.312410                   1.000000e+30                   3.000000e+10                      17.000000
                1535131.088388                    2855.312410                   1.000000e+30                   3.000000e+10                      17.000000
                1511887.642808                    2855.312410                   1.000000e+30                   3.000000e+10                      17.000000
                1488644.197227                    2855.312410                   1.000000e+30                   3.000000e+10                      17.000000
                1465400.751647                    2855.312410                   1.000000e+30                   3.000000e+10                      17.000000
                1442157.306066                    2855.312410                   1.000000e+30                   3.000000e+10                      17.000000
                1418913.860485                    2855.312410                   1.000000e+30                   3.000000e+10                      17.000000
                1395670.414905                    2855.312410                   1.000000e+30                   3.000000e+10                      17.000000
                1372426.969324                    2855.312410                   1.000000e+30                   3.000000e+10                      17.000000
                1349183.523744                    2855.312410                   1.000000e+30                   3.000000e+10                      17.000000
                1325940.078163                    2855.312410                   1.000000e+30                   3.000000e+10                      17.000000
                1302696.632583                    2855.312410                   1.000000e+30                   3.000000e+10                      17.000000
                1279453.187002                    2855.312410                   1.000000e+30                   3.000000e+10                      17.000000
                1256209.741421                    2855.312410                   1.000000e+30                   3.000000e+10                      17.000000
                1232966.295841                    2855.312410                   1.000000e+30                   3.000000e+10                      17.000000
                1209722.850260                    2855.312410                   1.000000e+30                   3.000000e+10                      17.000000
                1186479.404680                    2855.312410                   1.000000e+30                   3.000000e+10                      17.000000
                1163235.959099                    2855.312410                   1.000000e+30                   3.000000e+10                      17.000000
                1139992.513518                    2855.312410                   1.000000e+30                   3.000000e+10                      17.000000
                1116749.067938                    2855.312410                   1.000000e+30                   3.000000e+10                      17.000000
                1093505.622357                    2855.312410                   1.000000e+30                   3.000000e+10                      17.000000
                1070262.176777                    2855.312410                   1.000000e+30                   3.000000e+10                      17.000000
                1047018.731196                    2855.312410                   1.000000e+30                   3.000000e+10                      17.000000
                1023775.285616                    2855.312410                   1.000000e+30                   3.000000e+10                      17.000000
                1000531.840035                    2855.312410                   1.000000e+30                   3.000000e+10                      17.000000
                 977288.394454                    2855.312410                   1.000000e+30                   3.000000e+10                      17.000000
                 954044.948874                    2855.312410                   1.000000e+30                   3.000000e+10                      17.000000
                 930801.503293                    2855.312410                   1.000000e+30                   3.000000e+10                      17.000000
                 907558.057713                    2855.312410                   1.000000e+30                   3.000000e+10                      17.000000
                 884314.612132                    2855.312410                   1.000000e+30                   3.000000e+10                      17.000000
                 861071.166551                    2855.312410                   1.000000e+30                   3.000000e+10                      17.000000
                 837827.720971                    2855.312410                   1.000000e+30                   3.000000e+10                      17.000000
                 814584.275390                    2855.312410                   1.000000e+30                   3.000000e+10                      17.000000
                 791340.829810                    2855.312410                   1.000000e+30                   3.000000e+10                      17.000000
                 768097.384229                    2855.312410                   1.000000e+30                   3.000000e+10                      17.000000
                 744853.938649                    2855.312410                   1.000000e+30                   3.000000e+10                      17.000000
                 721610.493068                    2855.312410                   1.000000e+30                   3.000000e+10                      17.000000
                 698367.047487                    2855.312410                   1.000000e+30                   3.000000e+10                      17.000000
                 675123.601907                    2855.312410                   1.000000e+30                   3.000000e+10                      17.000000
                 651880.156326                    2855.312410                   1.000000e+30                   3.000000e+10                      17.000000
                 628636.710746                    2855.312410                   1.000000e+30                   3.000000e+10                      17.000000
                 605393.265165                    2855.312410                   1.000000e+30                   3.000000e+10                      17.000000
                 582149.819584                    2855.312410                   1.000000e+30                   3.000000e+10                      17.000000
                 558906.374004                    2855.312410                   1.000000e+30                   3.000000e+10                      17.000000
                 535662.928423                    2855.312410                   1.000000e+30                   3.000000e+10                      17.000000
                 512419.482843                    2855.312410                   1.000000e+30                   3.000000e+10                      17.000000
                 489176.037262                    2855.312410                   1.000000e+30                   3.000000e+10                      17.000000
                 465932.591682                    2855.312410                   1.000000e+30                   3.000000e+10                      17.000000
                 442689.146101                    2855.312410                   1.000000e+30                   3.000000e+10                      17.000000
                 419445.700520                    2855.312410                   1.000000e+30                   3.000000e+10                      17.000000
                 396202.254940                    2855.312410                   1.000000e+30                   3.000000e+10                      17.000000
                 372958.809359                    2855.312410                   1.000000e+30                   3.000000e+10                      17.000000
                 349715.363779                    2855.312410                   1.000000e+30                   3.000000e+10                      17.000000
                 326471.918198                    2855.312410                   1.000000e+30                   3.000000e+10                      17.000000
                 303228.472618                    2855.312410                   1.000000e+30                   3.000000e+10                      17.000000
                 279985.027037                    2855.312410                   1.000000e+30                   3.000000e+10                      17.000000
                 256741.581456                    2855.312410                   1.000000e+30                   3.000000e+10                      17.000000
                 233498.135876                    2855.312410                   1.000000e+30                   3.000000e+10                      17.000000
                 210254.690295                    2855.312410                   1.000000e+30                   3.000000e+10                      17.000000
                 187011.244715                    2855.312410                   1.000000e+30                   3.000000e+10                      17.000000
                 163767.799134                    2855.312410                   1.000000e+30                   3.000000e+10                      17.000000
                 140524.353553                    2855.312410                   1.000000e+30                   3.000000e+10                      17.000000
                 117280.907973                    2855.312410                   1.000000e+30                   3.000000e+10                      17.000000
                  94037.462392                    2855.312410                   1.000000e+30                   3.000000e+10                      17.000000
                  70794.016812                    2855.312410                   1.000000e+30                   3.000000e+10                      17.000000
                  47550.571231                    2855.312410                   1.000000e+30                   3.000000e+10                      17.000000
                  24307.125651                    2855.312410                   1.000000e+30                   3.000000e+10                      17.000000
                   1063.680070                    2855.312410                   1.000000e+30                   3.000000e+10                      17.000000
                 -22179.765511                    2855.312410                   1.000000e+30                   3.000000e+10                      17.000000
                 -45423.211091                    2855.312410                   1.000000e+30                   3.000000e+10                      17.000000
                 -68666.656672                    2855.312410                   1.000000e+30                   3.000000e+10                      17.000000
                 -91910.102252                    2855.312410                   1.000000e+30                   3.000000e+10                      17.000000
                -115153.547833                    2855.312410                   1.000000e+30                   3.000000e+10                      17.000000
                -138396.993414                    2855.312410                   1.000000e+30                   3.000000e+10                      17.000000
                -161640.438994                    2855.312410                   1.000000e+30                   3.000000e+10                      17.000000
                -184883.884575                    2855.312410                   1.000000e+30                   3.000000e+10                      17.000000
                -208127.330155                    2855.312410                   1.000000e+30                   3.000000e+10                      17.000000
                -231370.775736                    2855.312410                   1.000000e+30                   3.000000e+10                      17.000000
                -254614.221316                    2855.312410                   1.000000e+30                   3.000000e+10                      17.000000
                -277857.666897                    2855.312410                   1.000000e+30                   3.000000e+10                      17.000000
                -301101.112478                    2855.312410                   1.000000e+30                   3.000000e+10                      17.000000
                -324344.558058                    2855.312410                   1.000000e+30                   3.000000e+10                      17.000000
                -347588.003639                    2855.312410                   1.000000e+30                   3.000000e+10                      17.000000
                -370831.449219                    2855.312410                   1.000000e+30                   3.000000e+10                      17.000000
                -394074.894800                    2855.312410                   1.000000e+30                   3.000000e+10                      17.000000
                -417318.340381                    2855.312410                   1.000000e+30                   3.000000e+10                      17.000000
                -440561.785961                    2855.312410                   1.000000e+30                   3.000000e+10                      17.000000
                -463805.231542                    2855.312410                   1.000000e+30                   3.000000e+10                      17.000000
                -487048.677122                    2855.312410                   1.000000e+30                   3.000000e+10                      17.000000
                -510292.122703                    2855.312410                   1.000000e+30                   3.000000e+10                      17.000000
                -533535.568283                    2855.312410                   1.000000e+30                   3.000000e+10                      17.000000
                -556779.013864                    2855.312410                   1.000000e+30                   3.000000e+10                      17.000000
                -580022.459445                    2855.312410                   1.000000e+30                   3.000000e+10                      17.000000
                -603265.905025                    2855.312410                   1.000000e+30                   3.000000e+10                      17.000000
                -626509.350606                    2855.312410                   1.000000e+30                   3.000000e+10                      17.000000
                -649752.796186                    2855.312410                   1.000000e+30                   3.000000e+10                      17.000000
                -672996.241767                    2855.312410                   1.000000e+30                   3.000000e+10                      17.000000
                -696239.687348                    2855.312410                   1.000000e+30                   3.000000e+10                      17.000000
                -719483.132928                    2855.312410                   1.000000e+30                   3.000000e+10                      17.000000
                -742726.578509                    2855.312410                   1.000000e+30                   3.000000e+10                      17.000000
                -765970.024089                    2855.312410                   1.000000e+30                   3.000000e+10                      17.000000
                -789213.469670                    2855.312410                   1.000000e+30                   3.000000e+10                      17.000000
                -812456.915250                    2855.312410                   1.000000e+30                   3.000000e+10                      17.000000
                -835700.360831                    2855.312410                   1.000000e+30                   3.000000e+10                      17.000000
                -858943.806412                    2855.312410                   1.000000e+30                   3.000000e+10                      17.000000
                -882187.251992                    2855.312410                   1.000000e+30                   3.000000e+10                      17.000000
                -905430.697573                    2855.312410                   1.000000e+30                   3.000000e+10                      17.000000
                -928674.143153                    2855.312410                   1.000000e+30                   3.000000e+10                      17.000000
                -951917.588734                    2855.312410                   1.000000e+30                   3.000000e+10                      17.000000
                -975161.034315                    2855.312410                   1.000000e+30                   3.000000e+10                      17.000000
                -998404.479895                    2855.312410                   1.000000e+30                   3.000000e+10                      17.000000
                -998404.479895                    3300.000000                   1.000000e+30                   5.000000e+10                      22.000000
                -990664.832764                    3300.000000                   1.000000e+30                   5.000000e+10                      22.000000
                -982925.185633                    3300.000000                   1.000000e+30                   5.000000e+10                      22.000000
                -975185.538502                    3300.000000                   1.000000e+30                   5.000000e+10                      22.000000
                -967445.891371                    3300.000000                   1.000000e+30                   5.000000e+10                      22.000000
                -959706.244240                    3300.000000                   1.000000e+30                   5.000000e+10                      22.000000
                -951966.597109                    3300.000000                   1.000000e+30                   5.000000e+10                      22.000000
                -944226.949978                    3300.000000                   1.000000e+30                   5.000000e+10                      22.000000
                -936487.302847                    3300.000000                   1.000000e+30                   5.000000e+10                      22.000000
                -928747.655716                    3300.000000                   1.000000e+30                   5.000000e+10                      22.000000
                -921008.008585                    3300.000000                   1.000000e+30                   5.000000e+10                      22.000000
                -913268.361454                    3300.000000                   1.000000e+30                   5.000000e+10                      22.000000
                -905528.714323                    3300.000000                   1.000000e+30                   5.000000e+10                      22.000000
                -897789.067192                    3300.000000                   1.000000e+30                   5.000000e+10                      22.000000
                -890049.420062                    3300.000000                   1.000000e+30                   5.000000e+10                      22.000000
                -882309.772931                    3300.000000                   1.000000e+30                   5.000000e+10                      22.000000
                -874570.125800                    3300.000000                   1.000000e+30                   5.000000e+10                      22.000000
                -866830.478669                    3300.000000                   1.000000e+30                   5.000000e+10                      22.000000
                -859090.831538                    3300.000000                   1.000000e+30                   5.000000e+10                      22.000000
                -851351.184407                    3300.000000                   1.000000e+30                   5.000000e+10                      22.000000
                -843611.537276                    3300.000000                   1.000000e+30                   5.000000e+10                      22.000000
                -835871.890145                    3300.000000                   1.000000e+30                   5.000000e+10                      22.000000
                -828132.243014                    3300.000000                   1.000000e+30                   5.000000e+10                      22.000000
                -820392.595883                    3300.000000                   1.000000e+30                   5.000000e+10                      22.000000
                -812652.948752                    3300.000000                   1.000000e+30                   5.000000e+10                      22.000000
                -804913.301621                    3300.000000                   1.000000e+30                   5.000000e+10                      22.000000
                -797173.654490                    3300.000000                   1.000000e+30                   5.000000e+10                      22.000000
                -789434.007359                    3300.000000                   1.000000e+30                   5.000000e+10                      22.000000
                -781694.360228                    3300.000000                   1.000000e+30                   5.000000e+10                      22.000000
                -773954.713097                    3300.000000                   1.000000e+30                   5.000000e+10                      22.000000
                -766215.065966                    3300.000000                   1.000000e+30                   5.000000e+10                      22.000000
                -758475.418835                    3300.000000                   1.000000e+30                   5.000000e+10                      22.000000
                -750735.771704                    3300.000000                   1.000000e+30                   5.000000e+10                      22.000000
                -742996.124573                    3300.000000                   1.000000e+30                   5.000000e+10                      22.000000
                -735256.477442                    3300.000000                   1.000000e+30                   5.000000e+10                      22.000000
                -727516.830311                    3300.000000                   1.000000e+30                   5.000000e+10                      22.000000
                -719777.183180                    3300.000000                   1.000000e+30                   5.000000e+10                      22.000000
                -712037.536049                    3300.000000                   1.000000e+30                   5.000000e+10                      22.000000
                -704297.888918                    3300.000000                   1.000000e+30                   5.000000e+10                      22.000000
                -696558.241787                    3300.000000                   1.000000e+30                   5.000000e+10                      22.000000
                -688818.594656                    3300.000000                   1.000000e+30                   5.000000e+10                      22.000000
                -681078.947525                    3300.000000                   1.000000e+30                   5.000000e+10                      22.000000
                -673339.300394                    3300.000000                   1.000000e+30                   5.000000e+10                      22.000000
                -665599.653263                    3300.000000                   1.000000e+30                   5.000000e+10                      22.000000
                -657860.006132                    3300.000000                   1.000000e+30                   5.000000e+10                      22.000000
                -650120.359001                    3300.000000                   1.000000e+30                   5.000000e+10                      22.000000
                -642380.711870                    3300.000000                   1.000000e+30                   5.000000e+10                      22.000000
                -634641.064740                    3300.000000                   1.000000e+30                   5.000000e+10                      22.000000
                -626901.417609                    3300.000000                   1.000000e+30                   5.000000e+10                      22.000000
                -619161.770478                    3300.000000                   1.000000e+30                   5.000000e+10                      22.000000
                -611422.123347                    3300.000000                   1.000000e+30                   5.000000e+10                      22.000000
                -603682.476216                    3300.000000                   1.000000e+30                   5.000000e+10                      22.000000
                -595942.829085                    3300.000000                   1.000000e+30                   5.000000e+10                      22.000000
                -588203.181954                    3300.000000                   1.000000e+30                   5.000000e+10                      22.000000
                -580463.534823                    3300.000000                   1.000000e+30                   5.000000e+10                      22.000000
                -572723.887692                    3300.000000                   1.000000e+30                   5.000000e+10                      22.000000
                -564984.240561                    3300.000000                   1.000000e+30                   5.000000e+10                      22.000000
                -557244.593430                    3300.000000                   1.000000e+30                   5.000000e+10                      22.000000
                -549504.946299                    3300.000000                   1.000000e+30                   5.000000e+10                      22.000000
                -541765.299168                    3300.000000                   1.000000e+30                   5.000000e+10                      22.000000
                -534025.652037                    3300.000000                   1.000000e+30                   5.000000e+10                      22.000000
                -526286.004906                    3300.000000                   1.000000e+30                   5.000000e+10                      22.000000
                -518546.357775                    3300.000000                   1.000000e+30                   5.000000e+10                      22.000000
                -510806.710644                    3300.000000                   1.000000e+30                   5.000000e+10                      22.000000
                -503067.063513                    3300.000000                   1.000000e+30                   5.000000e+10                      22.000000
                -495327.416382                    3300.000000                   1.000000e+30                   5.000000e+10                      22.000000
                -487587.769251                    3300.000000                   1.000000e+30                   5.000000e+10                      22.000000
                -479848.122120                    3300.000000                   1.000000e+30                   5.000000e+10                      22.000000
                -472108.474989                    3300.000000                   1.000000e+30                   5.000000e+10                      22.000000
                -464368.827858                    3300.000000                   1.000000e+30                   5.000000e+10                      22.000000
                -456629.180727                    3300.000000                   1.000000e+30                   5.000000e+10                      22.000000
                -448889.533596                    3300.000000                   1.000000e+30                   5.000000e+10                      22.000000
                -441149.886465                    3300.000000                   1.000000e+30                   5.000000e+10                      22.000000
                -433410.239334                    3300.000000                   1.000000e+30                   5.000000e+10                      22.000000
                -425670.592203                    3300.000000                   1.000000e+30                   5.000000e+10                      22.000000
                -417930.945072                    3300.000000                   1.000000e+30                   5.000000e+10                      22.000000
                -410191.297941                    3300.000000                   1.000000e+30                   5.000000e+10                      22.000000
                -402451.650810                    3300.000000                   1.000000e+30                   5.000000e+10                      22.000000
                -394712.003679                    3300.000000                   1.000000e+30                   5.000000e+10                      22.000000
                -386972.356548                    3300.000000                   1.000000e+30                   5.000000e+10                      22.000000
                -379232.709418                    3300.000000                   1.000000e+30                   5.000000e+10                      22.000000
                -371493.062287                    3300.000000                   1.000000e+30                   5.000000e+10                      22.000000
                -363753.415156                    3300.000000                   1.000000e+30                   5.000000e+10                      22.000000
                -356013.768025                    3300.000000                   1.000000e+30                   5.000000e+10                      22.000000
                -348274.120894                    3300.000000                   1.000000e+30                   5.000000e+10                      22.000000
                -340534.473763                    3300.000000                   1.000000e+30                   5.000000e+10                      22.000000
                -332794.826632                    3300.000000                   1.000000e+30                   5.000000e+10                      22.000000
                -325055.179501                    3300.000000                   1.000000e+30                   5.000000e+10                      22.000000
                -317315.532370                    3300.000000                   1.000000e+30                   5.000000e+10                      22.000000
                -309575.885239                    3300.000000                   1.000000e+30                   5.000000e+10                      22.000000
                -301836.238108                    3300.000000                   1.000000e+30                   5.000000e+10                      22.000000
                -294096.590977                    3300.000000                   1.000000e+30                   5.000000e+10                      22.000000
                -286356.943846                    3300.000000                   1.000000e+30                   5.000000e+10                      22.000000
                -278617.296715                    3300.000000                   1.000000e+30                   5.000000e+10                      22.000000
                -270877.649584                    3300.000000                   1.000000e+30                   5.000000e+10                      22.000000
                -263138.002453                    3300.000000                   1.000000e+30                   5.000000e+10                      22.000000
                -255398.355322                    3300.000000                   1.000000e+30                   5.000000e+10                      22.000000
                -247658.708191                    3300.000000                   1.000000e+30                   5.000000e+10                      22.000000
                -239919.061060                    3300.000000                   1.000000e+30                   5.000000e+10                      22.000000
                -232179.413929                    3300.000000                   1.000000e+30                   5.000000e+10                      22.000000
                -224439.766798                    3300.000000                   1.000000e+30                   5.000000e+10                      22.000000
                -216700.119667                    3300.000000                   1.000000e+30                   5.000000e+10                      22.000000
                -208960.472536                    3300.000000                   1.000000e+30                   5.000000e+10                      22.000000
                -201220.825405                    3300.000000                   1.000000e+30                   5.000000e+10                      22.000000
                -193481.178274                    3300.000000                   1.000000e+30                   5.000000e+10                      22.000000
                -185741.531143                    3300.000000                   1.000000e+30                   5.000000e+10                      22.000000
                -178001.884012                    3300.000000                   1.000000e+30                   5.000000e+10                      22.000000
                -170262.236881                    3300.000000                   1.000000e+30                   5.000000e+10                      22.000000
                -162522.589750                    3300.000000                   1.000000e+30                   5.000000e+10                      22.000000
                -154782.942619                    3300.000000                   1.000000e+30                   5.000000e+10                      22.000000
                -147043.295488                    3300.000000                   1.000000e+30                   5.000000e+10                      22.000000
                -139303.648357                    3300.000000                   1.000000e+30                   5.000000e+10                      22.000000
                -131564.001226                    3300.000000                   1.000000e+30                   5.000000e+10                      22.000000
                -123824.354096                    3300.000000                   1.000000e+30                   5.000000e+10                      22.000000
                -116084.706965                    3300.000000                   1.000000e+30                   5.000000e+10                      22.000000
                -108345.059834                    3300.000000                   1.000000e+30                   5.000000e+10                      22.000000
                -100605.412703                    3300.000000                   1.000000e+30                   5.000000e+10                      22.000000
                 -92865.765572                    3300.000000                   1.000000e+30                   5.000000e+10                      22.000000
                 -85126.118441                    3300.000000                   1.000000e+30                   5.000000e+10                      22.000000
                 -77386.471310                    3300.000000                   1.000000e+30                   5.000000e+10                      22.000000
                 -69646.824179                    3300.000000                   1.000000e+30                   5.000000e+10                      22.000000
                 -61907.177048                    3300.000000                   1.000000e+30                   5.000000e+10                      22.000000
                 -54167.529917                    3300.000000                   1.000000e+30                   5.000000e+10                      22.000000
                 -46427.882786                    3300.000000                   1.000000e+30                   5.000000e+10                      22.000000
                 -38688.235655                    3300.000000                   1.000000e+30                   5.000000e+10                      22.000000
                 -30948.588524                    3300.000000                   1.000000e+30                   5.000000e+10                      22.000000
                 -23208.941393                    3300.000000                   1.000000e+30                   5.000000e+10                      22.000000
                 -15469.294262                    3300.000000                   1.000000e+30                   5.000000e+10                      22.000000
                  -7729.647131                    3300.000000                   1.000000e+30                   5.000000e+10                      22.000000
                     10.000000                    3300.000000                   1.000000e+30                   5.000000e+10                      22.000000
