                   #Radius (m)               Density (kg/m^3)              Bulk modulus (Pa)             Shear modulus (Pa)               Viscosity (Pa.s)
                2575000.000000                     930.000000                   1.000000e+30                   3.500000e+09                      24.000000
                2574999.710145                     930.000000                   1.000000e+30                   3.500000e+09                      24.000000
                2574999.420290                     930.000000                   1.000000e+30                   3.500000e+09                      24.000000
                2574999.130435                     930.000000                   1.000000e+30                   3.500000e+09                      24.000000
                2574998.840580                     930.000000                   1.000000e+30                   3.500000e+09                      24.000000
                2574998.550725                     930.000000                   1.000000e+30                   3.500000e+09                      24.000000
                2574998.260870                     930.000000                   1.000000e+30                   3.500000e+09                      24.000000
                2574997.971014                     930.000000                   1.000000e+30                   3.500000e+09                      24.000000
                2574997.681159                     930.000000                   1.000000e+30                   3.500000e+09                      24.000000
                2574997.391304                     930.000000                   1.000000e+30                   3.500000e+09                      24.000000
                2574997.101449                     930.000000                   1.000000e+30                   3.500000e+09                      24.000000
                2574996.811594                     930.000000                   1.000000e+30                   3.500000e+09                      24.000000
                2574996.521739                     930.000000                   1.000000e+30                   3.500000e+09                      24.000000
                2574996.231884                     930.000000                   1.000000e+30                   3.500000e+09                      24.000000
                2574995.942029                     930.000000                   1.000000e+30                   3.500000e+09                      24.000000
                2574995.652174                     930.000000                   1.000000e+30                   3.500000e+09                      24.000000
                2574995.362319                     930.000000                   1.000000e+30                   3.500000e+09                      24.000000
                2574995.072464                     930.000000                   1.000000e+30                   3.500000e+09                      24.000000
                2574994.782609                     930.000000                   1.000000e+30                   3.500000e+09                      24.000000
                2574994.492754                     930.000000                   1.000000e+30                   3.500000e+09                      24.000000
                2574994.202899                     930.000000                   1.000000e+30                   3.500000e+09                      24.000000
                2574993.913043                     930.000000                   1.000000e+30                   3.500000e+09                      24.000000
                2574993.623188                     930.000000                   1.000000e+30                   3.500000e+09                      24.000000
                2574993.333333                     930.000000                   1.000000e+30                   3.500000e+09                      24.000000
                2574993.043478                     930.000000                   1.000000e+30                   3.500000e+09                      24.000000
                2574992.753623                     930.000000                   1.000000e+30                   3.500000e+09                      24.000000
                2574992.463768                     930.000000                   1.000000e+30                   3.500000e+09                      24.000000
                2574992.173913                     930.000000                   1.000000e+30                   3.500000e+09                      24.000000
                2574991.884058                     930.000000                   1.000000e+30                   3.500000e+09                      24.000000
                2574991.594203                     930.000000                   1.000000e+30                   3.500000e+09                      24.000000
                2574991.304348                     930.000000                   1.000000e+30                   3.500000e+09                      24.000000
                2574991.014493                     930.000000                   1.000000e+30                   3.500000e+09                      24.000000
                2574990.724638                     930.000000                   1.000000e+30                   3.500000e+09                      24.000000
                2574990.434783                     930.000000                   1.000000e+30                   3.500000e+09                      24.000000
                2574990.144928                     930.000000                   1.000000e+30                   3.500000e+09                      24.000000
                2574989.855072                     930.000000                   1.000000e+30                   3.500000e+09                      24.000000
                2574989.565217                     930.000000                   1.000000e+30                   3.500000e+09                      24.000000
                2574989.275362                     930.000000                   1.000000e+30                   3.500000e+09                      24.000000
                2574988.985507                     930.000000                   1.000000e+30                   3.500000e+09                      24.000000
                2574988.695652                     930.000000                   1.000000e+30                   3.500000e+09                      24.000000
                2574988.405797                     930.000000                   1.000000e+30                   3.500000e+09                      24.000000
                2574988.115942                     930.000000                   1.000000e+30                   3.500000e+09                      24.000000
                2574987.826087                     930.000000                   1.000000e+30                   3.500000e+09                      24.000000
                2574987.536232                     930.000000                   1.000000e+30                   3.500000e+09                      24.000000
                2574987.246377                     930.000000                   1.000000e+30                   3.500000e+09                      24.000000
                2574986.956522                     930.000000                   1.000000e+30                   3.500000e+09                      24.000000
                2574986.666667                     930.000000                   1.000000e+30                   3.500000e+09                      24.000000
                2574986.376812                     930.000000                   1.000000e+30                   3.500000e+09                      24.000000
                2574986.086957                     930.000000                   1.000000e+30                   3.500000e+09                      24.000000
                2574985.797101                     930.000000                   1.000000e+30                   3.500000e+09                      24.000000
                2574985.507246                     930.000000                   1.000000e+30                   3.500000e+09                      24.000000
                2574985.217391                     930.000000                   1.000000e+30                   3.500000e+09                      24.000000
                2574984.927536                     930.000000                   1.000000e+30                   3.500000e+09                      24.000000
                2574984.637681                     930.000000                   1.000000e+30                   3.500000e+09                      24.000000
                2574984.347826                     930.000000                   1.000000e+30                   3.500000e+09                      24.000000
                2574984.057971                     930.000000                   1.000000e+30                   3.500000e+09                      24.000000
                2574983.768116                     930.000000                   1.000000e+30                   3.500000e+09                      24.000000
                2574983.478261                     930.000000                   1.000000e+30                   3.500000e+09                      24.000000
                2574983.188406                     930.000000                   1.000000e+30                   3.500000e+09                      24.000000
                2574982.898551                     930.000000                   1.000000e+30                   3.500000e+09                      24.000000
                2574982.608696                     930.000000                   1.000000e+30                   3.500000e+09                      24.000000
                2574982.318841                     930.000000                   1.000000e+30                   3.500000e+09                      24.000000
                2574982.028986                     930.000000                   1.000000e+30                   3.500000e+09                      24.000000
                2574981.739130                     930.000000                   1.000000e+30                   3.500000e+09                      24.000000
                2574981.449275                     930.000000                   1.000000e+30                   3.500000e+09                      24.000000
                2574981.159420                     930.000000                   1.000000e+30                   3.500000e+09                      24.000000
                2574980.869565                     930.000000                   1.000000e+30                   3.500000e+09                      24.000000
                2574980.579710                     930.000000                   1.000000e+30                   3.500000e+09                      24.000000
                2574980.289855                     930.000000                   1.000000e+30                   3.500000e+09                      24.000000
                2574980.000000                     930.000000                   1.000000e+30                   3.500000e+09                      24.000000
                2574980.000000                     930.000000                   1.000000e+30                   3.500000e+09                      15.000000
                2573685.581395                     930.000000                   1.000000e+30                   3.500000e+09                      15.000000
                2572391.162791                     930.000000                   1.000000e+30                   3.500000e+09                      15.000000
                2571096.744186                     930.000000                   1.000000e+30                   3.500000e+09                      15.000000
                2569802.325581                     930.000000                   1.000000e+30                   3.500000e+09                      15.000000
                2568507.906977                     930.000000                   1.000000e+30                   3.500000e+09                      15.000000
                2567213.488372                     930.000000                   1.000000e+30                   3.500000e+09                      15.000000
                2565919.069767                     930.000000                   1.000000e+30                   3.500000e+09                      15.000000
                2564624.651163                     930.000000                   1.000000e+30                   3.500000e+09                      15.000000
                2563330.232558                     930.000000                   1.000000e+30                   3.500000e+09                      15.000000
                2562035.813953                     930.000000                   1.000000e+30                   3.500000e+09                      15.000000
                2560741.395349                     930.000000                   1.000000e+30                   3.500000e+09                      15.000000
                2559446.976744                     930.000000                   1.000000e+30                   3.500000e+09                      15.000000
                2558152.558140                     930.000000                   1.000000e+30                   3.500000e+09                      15.000000
                2556858.139535                     930.000000                   1.000000e+30                   3.500000e+09                      15.000000
                2555563.720930                     930.000000                   1.000000e+30                   3.500000e+09                      15.000000
                2554269.302326                     930.000000                   1.000000e+30                   3.500000e+09                      15.000000
                2552974.883721                     930.000000                   1.000000e+30                   3.500000e+09                      15.000000
                2551680.465116                     930.000000                   1.000000e+30                   3.500000e+09                      15.000000
                2550386.046512                     930.000000                   1.000000e+30                   3.500000e+09                      15.000000
                2549091.627907                     930.000000                   1.000000e+30                   3.500000e+09                      15.000000
                2547797.209302                     930.000000                   1.000000e+30                   3.500000e+09                      15.000000
                2546502.790698                     930.000000                   1.000000e+30                   3.500000e+09                      15.000000
                2545208.372093                     930.000000                   1.000000e+30                   3.500000e+09                      15.000000
                2543913.953488                     930.000000                   1.000000e+30                   3.500000e+09                      15.000000
                2542619.534884                     930.000000                   1.000000e+30                   3.500000e+09                      15.000000
                2541325.116279                     930.000000                   1.000000e+30                   3.500000e+09                      15.000000
                2540030.697674                     930.000000                   1.000000e+30                   3.500000e+09                      15.000000
                2538736.279070                     930.000000                   1.000000e+30                   3.500000e+09                      15.000000
                2537441.860465                     930.000000                   1.000000e+30                   3.500000e+09                      15.000000
                2536147.441860                     930.000000                   1.000000e+30                   3.500000e+09                      15.000000
                2534853.023256                     930.000000                   1.000000e+30                   3.500000e+09                      15.000000
                2533558.604651                     930.000000                   1.000000e+30                   3.500000e+09                      15.000000
                2532264.186047                     930.000000                   1.000000e+30                   3.500000e+09                      15.000000
                2530969.767442                     930.000000                   1.000000e+30                   3.500000e+09                      15.000000
                2529675.348837                     930.000000                   1.000000e+30                   3.500000e+09                      15.000000
                2528380.930233                     930.000000                   1.000000e+30                   3.500000e+09                      15.000000
                2527086.511628                     930.000000                   1.000000e+30                   3.500000e+09                      15.000000
                2525792.093023                     930.000000                   1.000000e+30                   3.500000e+09                      15.000000
                2524497.674419                     930.000000                   1.000000e+30                   3.500000e+09                      15.000000
                2523203.255814                     930.000000                   1.000000e+30                   3.500000e+09                      15.000000
                2521908.837209                     930.000000                   1.000000e+30                   3.500000e+09                      15.000000
                2520614.418605                     930.000000                   1.000000e+30                   3.500000e+09                      15.000000
                2519320.000000                     930.000000                   1.000000e+30                   3.500000e+09                      15.000000
                2518025.581395                     930.000000                   1.000000e+30                   3.500000e+09                      15.000000
                2516731.162791                     930.000000                   1.000000e+30                   3.500000e+09                      15.000000
                2515436.744186                     930.000000                   1.000000e+30                   3.500000e+09                      15.000000
                2514142.325581                     930.000000                   1.000000e+30                   3.500000e+09                      15.000000
                2512847.906977                     930.000000                   1.000000e+30                   3.500000e+09                      15.000000
                2511553.488372                     930.000000                   1.000000e+30                   3.500000e+09                      15.000000
                2510259.069767                     930.000000                   1.000000e+30                   3.500000e+09                      15.000000
                2508964.651163                     930.000000                   1.000000e+30                   3.500000e+09                      15.000000
                2507670.232558                     930.000000                   1.000000e+30                   3.500000e+09                      15.000000
                2506375.813953                     930.000000                   1.000000e+30                   3.500000e+09                      15.000000
                2505081.395349                     930.000000                   1.000000e+30                   3.500000e+09                      15.000000
                2503786.976744                     930.000000                   1.000000e+30                   3.500000e+09                      15.000000
                2502492.558140                     930.000000                   1.000000e+30                   3.500000e+09                      15.000000
                2501198.139535                     930.000000                   1.000000e+30                   3.500000e+09                      15.000000
                2499903.720930                     930.000000                   1.000000e+30                   3.500000e+09                      15.000000
                2498609.302326                     930.000000                   1.000000e+30                   3.500000e+09                      15.000000
                2497314.883721                     930.000000                   1.000000e+30                   3.500000e+09                      15.000000
                2496020.465116                     930.000000                   1.000000e+30                   3.500000e+09                      15.000000
                2494726.046512                     930.000000                   1.000000e+30                   3.500000e+09                      15.000000
                2493431.627907                     930.000000                   1.000000e+30                   3.500000e+09                      15.000000
                2492137.209302                     930.000000                   1.000000e+30                   3.500000e+09                      15.000000
                2490842.790698                     930.000000                   1.000000e+30                   3.500000e+09                      15.000000
                2489548.372093                     930.000000                   1.000000e+30                   3.500000e+09                      15.000000
                2488253.953488                     930.000000                   1.000000e+30                   3.500000e+09                      15.000000
                2486959.534884                     930.000000                   1.000000e+30                   3.500000e+09                      15.000000
                2485665.116279                     930.000000                   1.000000e+30                   3.500000e+09                      15.000000
                2484370.697674                     930.000000                   1.000000e+30                   3.500000e+09                      15.000000
                2483076.279070                     930.000000                   1.000000e+30                   3.500000e+09                      15.000000
                2481781.860465                     930.000000                   1.000000e+30                   3.500000e+09                      15.000000
                2480487.441860                     930.000000                   1.000000e+30                   3.500000e+09                      15.000000
                2479193.023256                     930.000000                   1.000000e+30                   3.500000e+09                      15.000000
                2477898.604651                     930.000000                   1.000000e+30                   3.500000e+09                      15.000000
                2476604.186047                     930.000000                   1.000000e+30                   3.500000e+09                      15.000000
                2475309.767442                     930.000000                   1.000000e+30                   3.500000e+09                      15.000000
                2474015.348837                     930.000000                   1.000000e+30                   3.500000e+09                      15.000000
                2472720.930233                     930.000000                   1.000000e+30                   3.500000e+09                      15.000000
                2471426.511628                     930.000000                   1.000000e+30                   3.500000e+09                      15.000000
                2470132.093023                     930.000000                   1.000000e+30                   3.500000e+09                      15.000000
                2468837.674419                     930.000000                   1.000000e+30                   3.500000e+09                      15.000000
                2467543.255814                     930.000000                   1.000000e+30                   3.500000e+09                      15.000000
                2466248.837209                     930.000000                   1.000000e+30                   3.500000e+09                      15.000000
                2464954.418605                     930.000000                   1.000000e+30                   3.500000e+09                      15.000000
                2463660.000000                     930.000000                   1.000000e+30                   3.500000e+09                      15.000000
                2462365.581395                     930.000000                   1.000000e+30                   3.500000e+09                      15.000000
                2461071.162791                     930.000000                   1.000000e+30                   3.500000e+09                      15.000000
                2459776.744186                     930.000000                   1.000000e+30                   3.500000e+09                      15.000000
                2458482.325581                     930.000000                   1.000000e+30                   3.500000e+09                      15.000000
                2457187.906977                     930.000000                   1.000000e+30                   3.500000e+09                      15.000000
                2455893.488372                     930.000000                   1.000000e+30                   3.500000e+09                      15.000000
                2454599.069767                     930.000000                   1.000000e+30                   3.500000e+09                      15.000000
                2453304.651163                     930.000000                   1.000000e+30                   3.500000e+09                      15.000000
                2452010.232558                     930.000000                   1.000000e+30                   3.500000e+09                      15.000000
                2450715.813953                     930.000000                   1.000000e+30                   3.500000e+09                      15.000000
                2449421.395349                     930.000000                   1.000000e+30                   3.500000e+09                      15.000000
                2448126.976744                     930.000000                   1.000000e+30                   3.500000e+09                      15.000000
                2446832.558140                     930.000000                   1.000000e+30                   3.500000e+09                      15.000000
                2445538.139535                     930.000000                   1.000000e+30                   3.500000e+09                      15.000000
                2444243.720930                     930.000000                   1.000000e+30                   3.500000e+09                      15.000000
                2442949.302326                     930.000000                   1.000000e+30                   3.500000e+09                      15.000000
                2441654.883721                     930.000000                   1.000000e+30                   3.500000e+09                      15.000000
                2440360.465116                     930.000000                   1.000000e+30                   3.500000e+09                      15.000000
                2439066.046512                     930.000000                   1.000000e+30                   3.500000e+09                      15.000000
                2437771.627907                     930.000000                   1.000000e+30                   3.500000e+09                      15.000000
                2436477.209302                     930.000000                   1.000000e+30                   3.500000e+09                      15.000000
                2435182.790698                     930.000000                   1.000000e+30                   3.500000e+09                      15.000000
                2433888.372093                     930.000000                   1.000000e+30                   3.500000e+09                      15.000000
                2432593.953488                     930.000000                   1.000000e+30                   3.500000e+09                      15.000000
                2431299.534884                     930.000000                   1.000000e+30                   3.500000e+09                      15.000000
                2430005.116279                     930.000000                   1.000000e+30                   3.500000e+09                      15.000000
                2428710.697674                     930.000000                   1.000000e+30                   3.500000e+09                      15.000000
                2427416.279070                     930.000000                   1.000000e+30                   3.500000e+09                      15.000000
                2426121.860465                     930.000000                   1.000000e+30                   3.500000e+09                      15.000000
                2424827.441860                     930.000000                   1.000000e+30                   3.500000e+09                      15.000000
                2423533.023256                     930.000000                   1.000000e+30                   3.500000e+09                      15.000000
                2422238.604651                     930.000000                   1.000000e+30                   3.500000e+09                      15.000000
                2420944.186047                     930.000000                   1.000000e+30                   3.500000e+09                      15.000000
                2419649.767442                     930.000000                   1.000000e+30                   3.500000e+09                      15.000000
                2418355.348837                     930.000000                   1.000000e+30                   3.500000e+09                      15.000000
                2417060.930233                     930.000000                   1.000000e+30                   3.500000e+09                      15.000000
                2415766.511628                     930.000000                   1.000000e+30                   3.500000e+09                      15.000000
                2414472.093023                     930.000000                   1.000000e+30                   3.500000e+09                      15.000000
                2413177.674419                     930.000000                   1.000000e+30                   3.500000e+09                      15.000000
                2411883.255814                     930.000000                   1.000000e+30                   3.500000e+09                      15.000000
                2410588.837209                     930.000000                   1.000000e+30                   3.500000e+09                      15.000000
                2409294.418605                     930.000000                   1.000000e+30                   3.500000e+09                      15.000000
                2408000.000000                     930.000000                   1.000000e+30                   3.500000e+09                      15.000000
                2408000.000000                    1100.000000                   1.000000e+30                   0.000000e+00                       2.000000
                2407993.598183                    1100.000000                   1.000000e+30                   0.000000e+00                       2.000000
                2407982.220691                    1100.000000                   1.000000e+30                   0.000000e+00                       2.000000
                2407965.162888                    1100.000000                   1.000000e+30                   0.000000e+00                       2.000000
                2407942.434890                    1100.000000                   1.000000e+30                   0.000000e+00                       2.000000
                2407914.050176                    1100.000000                   1.000000e+30                   0.000000e+00                       2.000000
                2407880.025581                    1100.000000                   1.000000e+30                   0.000000e+00                       2.000000
                2407840.381282                    1100.000000                   1.000000e+30                   0.000000e+00                       2.000000
                2407795.140791                    1100.000000                   1.000000e+30                   0.000000e+00                       2.000000
                2407744.330939                    1100.000000                   1.000000e+30                   0.000000e+00                       2.000000
                2407687.981859                    1100.000000                   1.000000e+30                   0.000000e+00                       2.000000
                2407626.126969                    1100.000000                   1.000000e+30                   0.000000e+00                       2.000000
                2407558.802953                    1100.000000                   1.000000e+30                   0.000000e+00                       2.000000
                2407486.049738                    1100.000000                   1.000000e+30                   0.000000e+00                       2.000000
                2407407.910471                    1100.000000                   1.000000e+30                   0.000000e+00                       2.000000
                2407324.431494                    1100.000000                   1.000000e+30                   0.000000e+00                       2.000000
                2407235.662315                    1100.000000                   1.000000e+30                   0.000000e+00                       2.000000
                2407141.655578                    1100.000000                   1.000000e+30                   0.000000e+00                       2.000000
                2407042.467036                    1100.000000                   1.000000e+30                   0.000000e+00                       2.000000
                2406938.155514                    1100.000000                   1.000000e+30                   0.000000e+00                       2.000000
                2406828.782874                    1100.000000                   1.000000e+30                   0.000000e+00                       2.000000
                2406714.413981                    1100.000000                   1.000000e+30                   0.000000e+00                       2.000000
                2406595.116663                    1100.000000                   1.000000e+30                   0.000000e+00                       2.000000
                2406470.961670                    1100.000000                   1.000000e+30                   0.000000e+00                       2.000000
                2406342.022634                    1100.000000                   1.000000e+30                   0.000000e+00                       2.000000
                2406208.376023                    1100.000000                   1.000000e+30                   0.000000e+00                       2.000000
                2406070.101098                    1100.000000                   1.000000e+30                   0.000000e+00                       2.000000
                2405927.279863                    1100.000000                   1.000000e+30                   0.000000e+00                       2.000000
                2405779.997022                    1100.000000                   1.000000e+30                   0.000000e+00                       2.000000
                2405628.339921                    1100.000000                   1.000000e+30                   0.000000e+00                       2.000000
                2405472.398502                    1100.000000                   1.000000e+30                   0.000000e+00                       2.000000
                2405312.265248                    1100.000000                   1.000000e+30                   0.000000e+00                       2.000000
                2405148.035128                    1100.000000                   1.000000e+30                   0.000000e+00                       2.000000
                2404979.805539                    1100.000000                   1.000000e+30                   0.000000e+00                       2.000000
                2404807.676252                    1100.000000                   1.000000e+30                   0.000000e+00                       2.000000
                2404631.749351                    1100.000000                   1.000000e+30                   0.000000e+00                       2.000000
                2404452.129170                    1100.000000                   1.000000e+30                   0.000000e+00                       2.000000
                2404268.922235                    1100.000000                   1.000000e+30                   0.000000e+00                       2.000000
                2404082.237199                    1100.000000                   1.000000e+30                   0.000000e+00                       2.000000
                2403892.184778                    1100.000000                   1.000000e+30                   0.000000e+00                       2.000000
                2403698.877683                    1100.000000                   1.000000e+30                   0.000000e+00                       2.000000
                2403502.430557                    1100.000000                   1.000000e+30                   0.000000e+00                       2.000000
                2403302.959907                    1100.000000                   1.000000e+30                   0.000000e+00                       2.000000
                2403100.584029                    1100.000000                   1.000000e+30                   0.000000e+00                       2.000000
                2402895.422945                    1100.000000                   1.000000e+30                   0.000000e+00                       2.000000
                2402687.598328                    1100.000000                   1.000000e+30                   0.000000e+00                       2.000000
                2402477.233430                    1100.000000                   1.000000e+30                   0.000000e+00                       2.000000
                2402264.453010                    1100.000000                   1.000000e+30                   0.000000e+00                       2.000000
                2402049.383260                    1100.000000                   1.000000e+30                   0.000000e+00                       2.000000
                2401832.151730                    1100.000000                   1.000000e+30                   0.000000e+00                       2.000000
                2401612.887250                    1100.000000                   1.000000e+30                   0.000000e+00                       2.000000
                2401391.719858                    1100.000000                   1.000000e+30                   0.000000e+00                       2.000000
                2401168.780719                    1100.000000                   1.000000e+30                   0.000000e+00                       2.000000
                2400944.202051                    1100.000000                   1.000000e+30                   0.000000e+00                       2.000000
                2400718.117040                    1100.000000                   1.000000e+30                   0.000000e+00                       2.000000
                2400490.659770                    1100.000000                   1.000000e+30                   0.000000e+00                       2.000000
                2400261.965136                    1100.000000                   1.000000e+30                   0.000000e+00                       2.000000
                2400032.168769                    1100.000000                   1.000000e+30                   0.000000e+00                       2.000000
                2399801.406950                    1100.000000                   1.000000e+30                   0.000000e+00                       2.000000
                2399569.816536                    1100.000000                   1.000000e+30                   0.000000e+00                       2.000000
                2399337.534874                    1100.000000                   1.000000e+30                   0.000000e+00                       2.000000
                2399104.699722                    1100.000000                   1.000000e+30                   0.000000e+00                       2.000000
                2398871.449163                    1100.000000                   1.000000e+30                   0.000000e+00                       2.000000
                2398637.921530                    1100.000000                   1.000000e+30                   0.000000e+00                       2.000000
                2398404.255319                    1100.000000                   1.000000e+30                   0.000000e+00                       2.000000
                2398170.589108                    1100.000000                   1.000000e+30                   0.000000e+00                       2.000000
                2397937.061475                    1100.000000                   1.000000e+30                   0.000000e+00                       2.000000
                2397703.810917                    1100.000000                   1.000000e+30                   0.000000e+00                       2.000000
                2397470.975764                    1100.000000                   1.000000e+30                   0.000000e+00                       2.000000
                2397238.694102                    1100.000000                   1.000000e+30                   0.000000e+00                       2.000000
                2397007.103688                    1100.000000                   1.000000e+30                   0.000000e+00                       2.000000
                2396776.341870                    1100.000000                   1.000000e+30                   0.000000e+00                       2.000000
                2396546.545502                    1100.000000                   1.000000e+30                   0.000000e+00                       2.000000
                2396317.850868                    1100.000000                   1.000000e+30                   0.000000e+00                       2.000000
                2396090.393598                    1100.000000                   1.000000e+30                   0.000000e+00                       2.000000
                2395864.308588                    1100.000000                   1.000000e+30                   0.000000e+00                       2.000000
                2395639.729919                    1100.000000                   1.000000e+30                   0.000000e+00                       2.000000
                2395416.790780                    1100.000000                   1.000000e+30                   0.000000e+00                       2.000000
                2395195.623388                    1100.000000                   1.000000e+30                   0.000000e+00                       2.000000
                2394976.358909                    1100.000000                   1.000000e+30                   0.000000e+00                       2.000000
                2394759.127378                    1100.000000                   1.000000e+30                   0.000000e+00                       2.000000
                2394544.057628                    1100.000000                   1.000000e+30                   0.000000e+00                       2.000000
                2394331.277209                    1100.000000                   1.000000e+30                   0.000000e+00                       2.000000
                2394120.912311                    1100.000000                   1.000000e+30                   0.000000e+00                       2.000000
                2393913.087693                    1100.000000                   1.000000e+30                   0.000000e+00                       2.000000
                2393707.926609                    1100.000000                   1.000000e+30                   0.000000e+00                       2.000000
                2393505.550731                    1100.000000                   1.000000e+30                   0.000000e+00                       2.000000
                2393306.080081                    1100.000000                   1.000000e+30                   0.000000e+00                       2.000000
                2393109.632956                    1100.000000                   1.000000e+30                   0.000000e+00                       2.000000
                2392916.325861                    1100.000000                   1.000000e+30                   0.000000e+00                       2.000000
                2392726.273439                    1100.000000                   1.000000e+30                   0.000000e+00                       2.000000
                2392539.588403                    1100.000000                   1.000000e+30                   0.000000e+00                       2.000000
                2392356.381468                    1100.000000                   1.000000e+30                   0.000000e+00                       2.000000
                2392176.761287                    1100.000000                   1.000000e+30                   0.000000e+00                       2.000000
                2392000.834386                    1100.000000                   1.000000e+30                   0.000000e+00                       2.000000
                2391828.705099                    1100.000000                   1.000000e+30                   0.000000e+00                       2.000000
                2391660.475511                    1100.000000                   1.000000e+30                   0.000000e+00                       2.000000
                2391496.245390                    1100.000000                   1.000000e+30                   0.000000e+00                       2.000000
                2391336.112136                    1100.000000                   1.000000e+30                   0.000000e+00                       2.000000
                2391180.170717                    1100.000000                   1.000000e+30                   0.000000e+00                       2.000000
                2391028.513616                    1100.000000                   1.000000e+30                   0.000000e+00                       2.000000
                2390881.230775                    1100.000000                   1.000000e+30                   0.000000e+00                       2.000000
                2390738.409541                    1100.000000                   1.000000e+30                   0.000000e+00                       2.000000
                2390600.134615                    1100.000000                   1.000000e+30                   0.000000e+00                       2.000000
                2390466.488005                    1100.000000                   1.000000e+30                   0.000000e+00                       2.000000
                2390337.548968                    1100.000000                   1.000000e+30                   0.000000e+00                       2.000000
                2390213.393975                    1100.000000                   1.000000e+30                   0.000000e+00                       2.000000
                2390094.096657                    1100.000000                   1.000000e+30                   0.000000e+00                       2.000000
                2389979.727764                    1100.000000                   1.000000e+30                   0.000000e+00                       2.000000
                2389870.355125                    1100.000000                   1.000000e+30                   0.000000e+00                       2.000000
                2389766.043602                    1100.000000                   1.000000e+30                   0.000000e+00                       2.000000
                2389666.855060                    1100.000000                   1.000000e+30                   0.000000e+00                       2.000000
                2389572.848324                    1100.000000                   1.000000e+30                   0.000000e+00                       2.000000
                2389484.079144                    1100.000000                   1.000000e+30                   0.000000e+00                       2.000000
                2389400.600167                    1100.000000                   1.000000e+30                   0.000000e+00                       2.000000
                2389322.460900                    1100.000000                   1.000000e+30                   0.000000e+00                       2.000000
                2389249.707685                    1100.000000                   1.000000e+30                   0.000000e+00                       2.000000
                2389182.383669                    1100.000000                   1.000000e+30                   0.000000e+00                       2.000000
                2389120.528779                    1100.000000                   1.000000e+30                   0.000000e+00                       2.000000
                2389064.179699                    1100.000000                   1.000000e+30                   0.000000e+00                       2.000000
                2389013.369847                    1100.000000                   1.000000e+30                   0.000000e+00                       2.000000
                2388968.129356                    1100.000000                   1.000000e+30                   0.000000e+00                       2.000000
                2388928.485058                    1100.000000                   1.000000e+30                   0.000000e+00                       2.000000
                2388894.460462                    1100.000000                   1.000000e+30                   0.000000e+00                       2.000000
                2388866.075748                    1100.000000                   1.000000e+30                   0.000000e+00                       2.000000
                2388843.347750                    1100.000000                   1.000000e+30                   0.000000e+00                       2.000000
                2388826.289947                    1100.000000                   1.000000e+30                   0.000000e+00                       2.000000
                2388814.912455                    1100.000000                   1.000000e+30                   0.000000e+00                       2.000000
                2388809.222022                    1100.000000                   1.000000e+30                   0.000000e+00                       2.000000
                2388808.510638                    1100.000000                   1.000000e+30                   0.000000e+00                       2.000000
                2388808.510638                    1250.000000                   1.000000e+30                   6.000000e+09                      15.000000
                2385794.491176                    1250.000000                   1.000000e+30                   6.000000e+09                      15.000000
                2382780.471714                    1250.000000                   1.000000e+30                   6.000000e+09                      15.000000
                2379766.452251                    1250.000000                   1.000000e+30                   6.000000e+09                      15.000000
                2376752.432789                    1250.000000                   1.000000e+30                   6.000000e+09                      15.000000
                2373738.413327                    1250.000000                   1.000000e+30                   6.000000e+09                      15.000000
                2370724.393864                    1250.000000                   1.000000e+30                   6.000000e+09                      15.000000
                2367710.374402                    1250.000000                   1.000000e+30                   6.000000e+09                      15.000000
                2364696.354940                    1250.000000                   1.000000e+30                   6.000000e+09                      15.000000
                2361682.335477                    1250.000000                   1.000000e+30                   6.000000e+09                      15.000000
                2358668.316015                    1250.000000                   1.000000e+30                   6.000000e+09                      15.000000
                2355654.296553                    1250.000000                   1.000000e+30                   6.000000e+09                      15.000000
                2352640.277091                    1250.000000                   1.000000e+30                   6.000000e+09                      15.000000
                2349626.257628                    1250.000000                   1.000000e+30                   6.000000e+09                      15.000000
                2346612.238166                    1250.000000                   1.000000e+30                   6.000000e+09                      15.000000
                2343598.218704                    1250.000000                   1.000000e+30                   6.000000e+09                      15.000000
                2340584.199241                    1250.000000                   1.000000e+30                   6.000000e+09                      15.000000
                2337570.179779                    1250.000000                   1.000000e+30                   6.000000e+09                      15.000000
                2334556.160317                    1250.000000                   1.000000e+30                   6.000000e+09                      15.000000
                2331542.140854                    1250.000000                   1.000000e+30                   6.000000e+09                      15.000000
                2328528.121392                    1250.000000                   1.000000e+30                   6.000000e+09                      15.000000
                2325514.101930                    1250.000000                   1.000000e+30                   6.000000e+09                      15.000000
                2322500.082467                    1250.000000                   1.000000e+30                   6.000000e+09                      15.000000
                2319486.063005                    1250.000000                   1.000000e+30                   6.000000e+09                      15.000000
                2316472.043543                    1250.000000                   1.000000e+30                   6.000000e+09                      15.000000
                2313458.024080                    1250.000000                   1.000000e+30                   6.000000e+09                      15.000000
                2310444.004618                    1250.000000                   1.000000e+30                   6.000000e+09                      15.000000
                2307429.985156                    1250.000000                   1.000000e+30                   6.000000e+09                      15.000000
                2304415.965694                    1250.000000                   1.000000e+30                   6.000000e+09                      15.000000
                2301401.946231                    1250.000000                   1.000000e+30                   6.000000e+09                      15.000000
                2298387.926769                    1250.000000                   1.000000e+30                   6.000000e+09                      15.000000
                2295373.907307                    1250.000000                   1.000000e+30                   6.000000e+09                      15.000000
                2292359.887844                    1250.000000                   1.000000e+30                   6.000000e+09                      15.000000
                2289345.868382                    1250.000000                   1.000000e+30                   6.000000e+09                      15.000000
                2286331.848920                    1250.000000                   1.000000e+30                   6.000000e+09                      15.000000
                2283317.829457                    1250.000000                   1.000000e+30                   6.000000e+09                      15.000000
                2280303.809995                    1250.000000                   1.000000e+30                   6.000000e+09                      15.000000
                2277289.790533                    1250.000000                   1.000000e+30                   6.000000e+09                      15.000000
                2274275.771070                    1250.000000                   1.000000e+30                   6.000000e+09                      15.000000
                2271261.751608                    1250.000000                   1.000000e+30                   6.000000e+09                      15.000000
                2268247.732146                    1250.000000                   1.000000e+30                   6.000000e+09                      15.000000
                2265233.712683                    1250.000000                   1.000000e+30                   6.000000e+09                      15.000000
                2262219.693221                    1250.000000                   1.000000e+30                   6.000000e+09                      15.000000
                2259205.673759                    1250.000000                   1.000000e+30                   6.000000e+09                      15.000000
                2256191.654297                    1250.000000                   1.000000e+30                   6.000000e+09                      15.000000
                2253177.634834                    1250.000000                   1.000000e+30                   6.000000e+09                      15.000000
                2250163.615372                    1250.000000                   1.000000e+30                   6.000000e+09                      15.000000
                2247149.595910                    1250.000000                   1.000000e+30                   6.000000e+09                      15.000000
                2244135.576447                    1250.000000                   1.000000e+30                   6.000000e+09                      15.000000
                2241121.556985                    1250.000000                   1.000000e+30                   6.000000e+09                      15.000000
                2238107.537523                    1250.000000                   1.000000e+30                   6.000000e+09                      15.000000
                2235093.518060                    1250.000000                   1.000000e+30                   6.000000e+09                      15.000000
                2232079.498598                    1250.000000                   1.000000e+30                   6.000000e+09                      15.000000
                2229065.479136                    1250.000000                   1.000000e+30                   6.000000e+09                      15.000000
                2226051.459673                    1250.000000                   1.000000e+30                   6.000000e+09                      15.000000
                2223037.440211                    1250.000000                   1.000000e+30                   6.000000e+09                      15.000000
                2220023.420749                    1250.000000                   1.000000e+30                   6.000000e+09                      15.000000
                2217009.401286                    1250.000000                   1.000000e+30                   6.000000e+09                      15.000000
                2213995.381824                    1250.000000                   1.000000e+30                   6.000000e+09                      15.000000
                2210981.362362                    1250.000000                   1.000000e+30                   6.000000e+09                      15.000000
                2207967.342900                    1250.000000                   1.000000e+30                   6.000000e+09                      15.000000
                2204953.323437                    1250.000000                   1.000000e+30                   6.000000e+09                      15.000000
                2201939.303975                    1250.000000                   1.000000e+30                   6.000000e+09                      15.000000
                2198925.284513                    1250.000000                   1.000000e+30                   6.000000e+09                      15.000000
                2195911.265050                    1250.000000                   1.000000e+30                   6.000000e+09                      15.000000
                2192897.245588                    1250.000000                   1.000000e+30                   6.000000e+09                      15.000000
                2189883.226126                    1250.000000                   1.000000e+30                   6.000000e+09                      15.000000
                2186869.206663                    1250.000000                   1.000000e+30                   6.000000e+09                      15.000000
                2183855.187201                    1250.000000                   1.000000e+30                   6.000000e+09                      15.000000
                2180841.167739                    1250.000000                   1.000000e+30                   6.000000e+09                      15.000000
                2177827.148276                    1250.000000                   1.000000e+30                   6.000000e+09                      15.000000
                2174813.128814                    1250.000000                   1.000000e+30                   6.000000e+09                      15.000000
                2171799.109352                    1250.000000                   1.000000e+30                   6.000000e+09                      15.000000
                2168785.089889                    1250.000000                   1.000000e+30                   6.000000e+09                      15.000000
                2165771.070427                    1250.000000                   1.000000e+30                   6.000000e+09                      15.000000
                2162757.050965                    1250.000000                   1.000000e+30                   6.000000e+09                      15.000000
                2159743.031503                    1250.000000                   1.000000e+30                   6.000000e+09                      15.000000
                2156729.012040                    1250.000000                   1.000000e+30                   6.000000e+09                      15.000000
                2153714.992578                    1250.000000                   1.000000e+30                   6.000000e+09                      15.000000
                2150700.973116                    1250.000000                   1.000000e+30                   6.000000e+09                      15.000000
                2147686.953653                    1250.000000                   1.000000e+30                   6.000000e+09                      15.000000
                2144672.934191                    1250.000000                   1.000000e+30                   6.000000e+09                      15.000000
                2141658.914729                    1250.000000                   1.000000e+30                   6.000000e+09                      15.000000
                2138644.895266                    1250.000000                   1.000000e+30                   6.000000e+09                      15.000000
                2135630.875804                    1250.000000                   1.000000e+30                   6.000000e+09                      15.000000
                2132616.856342                    1250.000000                   1.000000e+30                   6.000000e+09                      15.000000
                2129602.836879                    1250.000000                   1.000000e+30                   6.000000e+09                      15.000000
                2126588.817417                    1250.000000                   1.000000e+30                   6.000000e+09                      15.000000
                2123574.797955                    1250.000000                   1.000000e+30                   6.000000e+09                      15.000000
                2120560.778492                    1250.000000                   1.000000e+30                   6.000000e+09                      15.000000
                2117546.759030                    1250.000000                   1.000000e+30                   6.000000e+09                      15.000000
                2114532.739568                    1250.000000                   1.000000e+30                   6.000000e+09                      15.000000
                2111518.720106                    1250.000000                   1.000000e+30                   6.000000e+09                      15.000000
                2108504.700643                    1250.000000                   1.000000e+30                   6.000000e+09                      15.000000
                2105490.681181                    1250.000000                   1.000000e+30                   6.000000e+09                      15.000000
                2102476.661719                    1250.000000                   1.000000e+30                   6.000000e+09                      15.000000
                2099462.642256                    1250.000000                   1.000000e+30                   6.000000e+09                      15.000000
                2096448.622794                    1250.000000                   1.000000e+30                   6.000000e+09                      15.000000
                2093434.603332                    1250.000000                   1.000000e+30                   6.000000e+09                      15.000000
                2090420.583869                    1250.000000                   1.000000e+30                   6.000000e+09                      15.000000
                2087406.564407                    1250.000000                   1.000000e+30                   6.000000e+09                      15.000000
                2084392.544945                    1250.000000                   1.000000e+30                   6.000000e+09                      15.000000
                2081378.525482                    1250.000000                   1.000000e+30                   6.000000e+09                      15.000000
                2078364.506020                    1250.000000                   1.000000e+30                   6.000000e+09                      15.000000
                2075350.486558                    1250.000000                   1.000000e+30                   6.000000e+09                      15.000000
                2072336.467095                    1250.000000                   1.000000e+30                   6.000000e+09                      15.000000
                2069322.447633                    1250.000000                   1.000000e+30                   6.000000e+09                      15.000000
                2066308.428171                    1250.000000                   1.000000e+30                   6.000000e+09                      15.000000
                2063294.408709                    1250.000000                   1.000000e+30                   6.000000e+09                      15.000000
                2060280.389246                    1250.000000                   1.000000e+30                   6.000000e+09                      15.000000
                2057266.369784                    1250.000000                   1.000000e+30                   6.000000e+09                      15.000000
                2054252.350322                    1250.000000                   1.000000e+30                   6.000000e+09                      15.000000
                2051238.330859                    1250.000000                   1.000000e+30                   6.000000e+09                      15.000000
                2048224.311397                    1250.000000                   1.000000e+30                   6.000000e+09                      15.000000
                2045210.291935                    1250.000000                   1.000000e+30                   6.000000e+09                      15.000000
                2042196.272472                    1250.000000                   1.000000e+30                   6.000000e+09                      15.000000
                2039182.253010                    1250.000000                   1.000000e+30                   6.000000e+09                      15.000000
                2036168.233548                    1250.000000                   1.000000e+30                   6.000000e+09                      15.000000
                2033154.214085                    1250.000000                   1.000000e+30                   6.000000e+09                      15.000000
                2030140.194623                    1250.000000                   1.000000e+30                   6.000000e+09                      15.000000
                2027126.175161                    1250.000000                   1.000000e+30                   6.000000e+09                      15.000000
                2024112.155698                    1250.000000                   1.000000e+30                   6.000000e+09                      15.000000
                2021098.136236                    1250.000000                   1.000000e+30                   6.000000e+09                      15.000000
                2018084.116774                    1250.000000                   1.000000e+30                   6.000000e+09                      15.000000
                2015070.097312                    1250.000000                   1.000000e+30                   6.000000e+09                      15.000000
                2012056.077849                    1250.000000                   1.000000e+30                   6.000000e+09                      15.000000
                2009042.058387                    1250.000000                   1.000000e+30                   6.000000e+09                      15.000000
                2006028.038925                    1250.000000                   1.000000e+30                   6.000000e+09                      15.000000
                2003014.019462                    1250.000000                   1.000000e+30                   6.000000e+09                      15.000000
                2000000.000000                    1250.000000                   1.000000e+30                   6.000000e+09                      15.000000
                2000000.000000                    2851.956316                   1.000000e+30                   3.000000e+10                      17.000000
                1977519.816660                    2851.956316                   1.000000e+30                   3.000000e+10                      17.000000
                1955039.633320                    2851.956316                   1.000000e+30                   3.000000e+10                      17.000000
                1932559.449980                    2851.956316                   1.000000e+30                   3.000000e+10                      17.000000
                1910079.266640                    2851.956316                   1.000000e+30                   3.000000e+10                      17.000000
                1887599.083301                    2851.956316                   1.000000e+30                   3.000000e+10                      17.000000
                1865118.899961                    2851.956316                   1.000000e+30                   3.000000e+10                      17.000000
                1842638.716621                    2851.956316                   1.000000e+30                   3.000000e+10                      17.000000
                1820158.533281                    2851.956316                   1.000000e+30                   3.000000e+10                      17.000000
                1797678.349941                    2851.956316                   1.000000e+30                   3.000000e+10                      17.000000
                1775198.166601                    2851.956316                   1.000000e+30                   3.000000e+10                      17.000000
                1752717.983261                    2851.956316                   1.000000e+30                   3.000000e+10                      17.000000
                1730237.799921                    2851.956316                   1.000000e+30                   3.000000e+10                      17.000000
                1707757.616581                    2851.956316                   1.000000e+30                   3.000000e+10                      17.000000
                1685277.433241                    2851.956316                   1.000000e+30                   3.000000e+10                      17.000000
                1662797.249902                    2851.956316                   1.000000e+30                   3.000000e+10                      17.000000
                1640317.066562                    2851.956316                   1.000000e+30                   3.000000e+10                      17.000000
                1617836.883222                    2851.956316                   1.000000e+30                   3.000000e+10                      17.000000
                1595356.699882                    2851.956316                   1.000000e+30                   3.000000e+10                      17.000000
                1572876.516542                    2851.956316                   1.000000e+30                   3.000000e+10                      17.000000
                1550396.333202                    2851.956316                   1.000000e+30                   3.000000e+10                      17.000000
                1527916.149862                    2851.956316                   1.000000e+30                   3.000000e+10                      17.000000
                1505435.966522                    2851.956316                   1.000000e+30                   3.000000e+10                      17.000000
                1482955.783182                    2851.956316                   1.000000e+30                   3.000000e+10                      17.000000
                1460475.599842                    2851.956316                   1.000000e+30                   3.000000e+10                      17.000000
                1437995.416503                    2851.956316                   1.000000e+30                   3.000000e+10                      17.000000
                1415515.233163                    2851.956316                   1.000000e+30                   3.000000e+10                      17.000000
                1393035.049823                    2851.956316                   1.000000e+30                   3.000000e+10                      17.000000
                1370554.866483                    2851.956316                   1.000000e+30                   3.000000e+10                      17.000000
                1348074.683143                    2851.956316                   1.000000e+30                   3.000000e+10                      17.000000
                1325594.499803                    2851.956316                   1.000000e+30                   3.000000e+10                      17.000000
                1303114.316463                    2851.956316                   1.000000e+30                   3.000000e+10                      17.000000
                1280634.133123                    2851.956316                   1.000000e+30                   3.000000e+10                      17.000000
                1258153.949783                    2851.956316                   1.000000e+30                   3.000000e+10                      17.000000
                1235673.766443                    2851.956316                   1.000000e+30                   3.000000e+10                      17.000000
                1213193.583104                    2851.956316                   1.000000e+30                   3.000000e+10                      17.000000
                1190713.399764                    2851.956316                   1.000000e+30                   3.000000e+10                      17.000000
                1168233.216424                    2851.956316                   1.000000e+30                   3.000000e+10                      17.000000
                1145753.033084                    2851.956316                   1.000000e+30                   3.000000e+10                      17.000000
                1123272.849744                    2851.956316                   1.000000e+30                   3.000000e+10                      17.000000
                1100792.666404                    2851.956316                   1.000000e+30                   3.000000e+10                      17.000000
                1078312.483064                    2851.956316                   1.000000e+30                   3.000000e+10                      17.000000
                1055832.299724                    2851.956316                   1.000000e+30                   3.000000e+10                      17.000000
                1033352.116384                    2851.956316                   1.000000e+30                   3.000000e+10                      17.000000
                1010871.933044                    2851.956316                   1.000000e+30                   3.000000e+10                      17.000000
                 988391.749705                    2851.956316                   1.000000e+30                   3.000000e+10                      17.000000
                 965911.566365                    2851.956316                   1.000000e+30                   3.000000e+10                      17.000000
                 943431.383025                    2851.956316                   1.000000e+30                   3.000000e+10                      17.000000
                 920951.199685                    2851.956316                   1.000000e+30                   3.000000e+10                      17.000000
                 898471.016345                    2851.956316                   1.000000e+30                   3.000000e+10                      17.000000
                 875990.833005                    2851.956316                   1.000000e+30                   3.000000e+10                      17.000000
                 853510.649665                    2851.956316                   1.000000e+30                   3.000000e+10                      17.000000
                 831030.466325                    2851.956316                   1.000000e+30                   3.000000e+10                      17.000000
                 808550.282985                    2851.956316                   1.000000e+30                   3.000000e+10                      17.000000
                 786070.099645                    2851.956316                   1.000000e+30                   3.000000e+10                      17.000000
                 763589.916306                    2851.956316                   1.000000e+30                   3.000000e+10                      17.000000
                 741109.732966                    2851.956316                   1.000000e+30                   3.000000e+10                      17.000000
                 718629.549626                    2851.956316                   1.000000e+30                   3.000000e+10                      17.000000
                 696149.366286                    2851.956316                   1.000000e+30                   3.000000e+10                      17.000000
                 673669.182946                    2851.956316                   1.000000e+30                   3.000000e+10                      17.000000
                 651188.999606                    2851.956316                   1.000000e+30                   3.000000e+10                      17.000000
                 628708.816266                    2851.956316                   1.000000e+30                   3.000000e+10                      17.000000
                 606228.632926                    2851.956316                   1.000000e+30                   3.000000e+10                      17.000000
                 583748.449586                    2851.956316                   1.000000e+30                   3.000000e+10                      17.000000
                 561268.266246                    2851.956316                   1.000000e+30                   3.000000e+10                      17.000000
                 538788.082907                    2851.956316                   1.000000e+30                   3.000000e+10                      17.000000
                 516307.899567                    2851.956316                   1.000000e+30                   3.000000e+10                      17.000000
                 493827.716227                    2851.956316                   1.000000e+30                   3.000000e+10                      17.000000
                 471347.532887                    2851.956316                   1.000000e+30                   3.000000e+10                      17.000000
                 448867.349547                    2851.956316                   1.000000e+30                   3.000000e+10                      17.000000
                 426387.166207                    2851.956316                   1.000000e+30                   3.000000e+10                      17.000000
                 403906.982867                    2851.956316                   1.000000e+30                   3.000000e+10                      17.000000
                 381426.799527                    2851.956316                   1.000000e+30                   3.000000e+10                      17.000000
                 358946.616187                    2851.956316                   1.000000e+30                   3.000000e+10                      17.000000
                 336466.432847                    2851.956316                   1.000000e+30                   3.000000e+10                      17.000000
                 313986.249508                    2851.956316                   1.000000e+30                   3.000000e+10                      17.000000
                 291506.066168                    2851.956316                   1.000000e+30                   3.000000e+10                      17.000000
                 269025.882828                    2851.956316                   1.000000e+30                   3.000000e+10                      17.000000
                 246545.699488                    2851.956316                   1.000000e+30                   3.000000e+10                      17.000000
                 224065.516148                    2851.956316                   1.000000e+30                   3.000000e+10                      17.000000
                 201585.332808                    2851.956316                   1.000000e+30                   3.000000e+10                      17.000000
                 179105.149468                    2851.956316                   1.000000e+30                   3.000000e+10                      17.000000
                 156624.966128                    2851.956316                   1.000000e+30                   3.000000e+10                      17.000000
                 134144.782788                    2851.956316                   1.000000e+30                   3.000000e+10                      17.000000
                 111664.599448                    2851.956316                   1.000000e+30                   3.000000e+10                      17.000000
                  89184.416109                    2851.956316                   1.000000e+30                   3.000000e+10                      17.000000
                  66704.232769                    2851.956316                   1.000000e+30                   3.000000e+10                      17.000000
                  44224.049429                    2851.956316                   1.000000e+30                   3.000000e+10                      17.000000
                  21743.866089                    2851.956316                   1.000000e+30                   3.000000e+10                      17.000000
                   -736.317251                    2851.956316                   1.000000e+30                   3.000000e+10                      17.000000
                 -23216.500591                    2851.956316                   1.000000e+30                   3.000000e+10                      17.000000
                 -45696.683931                    2851.956316                   1.000000e+30                   3.000000e+10                      17.000000
                 -68176.867271                    2851.956316                   1.000000e+30                   3.000000e+10                      17.000000
                 -90657.050611                    2851.956316                   1.000000e+30                   3.000000e+10                      17.000000
                -113137.233951                    2851.956316                   1.000000e+30                   3.000000e+10                      17.000000
                -135617.417290                    2851.956316                   1.000000e+30                   3.000000e+10                      17.000000
                -158097.600630                    2851.956316                   1.000000e+30                   3.000000e+10                      17.000000
                -180577.783970                    2851.956316                   1.000000e+30                   3.000000e+10                      17.000000
                -203057.967310                    2851.956316                   1.000000e+30                   3.000000e+10                      17.000000
                -225538.150650                    2851.956316                   1.000000e+30                   3.000000e+10                      17.000000
                -248018.333990                    2851.956316                   1.000000e+30                   3.000000e+10                      17.000000
                -270498.517330                    2851.956316                   1.000000e+30                   3.000000e+10                      17.000000
                -292978.700670                    2851.956316                   1.000000e+30                   3.000000e+10                      17.000000
                -315458.884010                    2851.956316                   1.000000e+30                   3.000000e+10                      17.000000
                -337939.067349                    2851.956316                   1.000000e+30                   3.000000e+10                      17.000000
                -360419.250689                    2851.956316                   1.000000e+30                   3.000000e+10                      17.000000
                -382899.434029                    2851.956316                   1.000000e+30                   3.000000e+10                      17.000000
                -405379.617369                    2851.956316                   1.000000e+30                   3.000000e+10                      17.000000
                -427859.800709                    2851.956316                   1.000000e+30                   3.000000e+10                      17.000000
                -450339.984049                    2851.956316                   1.000000e+30                   3.000000e+10                      17.000000
                -472820.167389                    2851.956316                   1.000000e+30                   3.000000e+10                      17.000000
                -495300.350729                    2851.956316                   1.000000e+30                   3.000000e+10                      17.000000
                -517780.534069                    2851.956316                   1.000000e+30                   3.000000e+10                      17.000000
                -540260.717409                    2851.956316                   1.000000e+30                   3.000000e+10                      17.000000
                -562740.900748                    2851.956316                   1.000000e+30                   3.000000e+10                      17.000000
                -585221.084088                    2851.956316                   1.000000e+30                   3.000000e+10                      17.000000
                -607701.267428                    2851.956316                   1.000000e+30                   3.000000e+10                      17.000000
                -630181.450768                    2851.956316                   1.000000e+30                   3.000000e+10                      17.000000
                -652661.634108                    2851.956316                   1.000000e+30                   3.000000e+10                      17.000000
                -675141.817448                    2851.956316                   1.000000e+30                   3.000000e+10                      17.000000
                -697622.000788                    2851.956316                   1.000000e+30                   3.000000e+10                      17.000000
                -720102.184128                    2851.956316                   1.000000e+30                   3.000000e+10                      17.000000
                -742582.367468                    2851.956316                   1.000000e+30                   3.000000e+10                      17.000000
                -765062.550808                    2851.956316                   1.000000e+30                   3.000000e+10                      17.000000
                -787542.734147                    2851.956316                   1.000000e+30                   3.000000e+10                      17.000000
                -810022.917487                    2851.956316                   1.000000e+30                   3.000000e+10                      17.000000
                -832503.100827                    2851.956316                   1.000000e+30                   3.000000e+10                      17.000000
                -854983.284167                    2851.956316                   1.000000e+30                   3.000000e+10                      17.000000
                -877463.467507                    2851.956316                   1.000000e+30                   3.000000e+10                      17.000000
                -899943.650847                    2851.956316                   1.000000e+30                   3.000000e+10                      17.000000
                -899943.650847                    3300.000000                   1.000000e+30                   5.000000e+10                      22.000000
                -892967.265957                    3300.000000                   1.000000e+30                   5.000000e+10                      22.000000
                -885990.881066                    3300.000000                   1.000000e+30                   5.000000e+10                      22.000000
                -879014.496176                    3300.000000                   1.000000e+30                   5.000000e+10                      22.000000
                -872038.111286                    3300.000000                   1.000000e+30                   5.000000e+10                      22.000000
                -865061.726396                    3300.000000                   1.000000e+30                   5.000000e+10                      22.000000
                -858085.341505                    3300.000000                   1.000000e+30                   5.000000e+10                      22.000000
                -851108.956615                    3300.000000                   1.000000e+30                   5.000000e+10                      22.000000
                -844132.571725                    3300.000000                   1.000000e+30                   5.000000e+10                      22.000000
                -837156.186834                    3300.000000                   1.000000e+30                   5.000000e+10                      22.000000
                -830179.801944                    3300.000000                   1.000000e+30                   5.000000e+10                      22.000000
                -823203.417054                    3300.000000                   1.000000e+30                   5.000000e+10                      22.000000
                -816227.032164                    3300.000000                   1.000000e+30                   5.000000e+10                      22.000000
                -809250.647273                    3300.000000                   1.000000e+30                   5.000000e+10                      22.000000
                -802274.262383                    3300.000000                   1.000000e+30                   5.000000e+10                      22.000000
                -795297.877493                    3300.000000                   1.000000e+30                   5.000000e+10                      22.000000
                -788321.492602                    3300.000000                   1.000000e+30                   5.000000e+10                      22.000000
                -781345.107712                    3300.000000                   1.000000e+30                   5.000000e+10                      22.000000
                -774368.722822                    3300.000000                   1.000000e+30                   5.000000e+10                      22.000000
                -767392.337932                    3300.000000                   1.000000e+30                   5.000000e+10                      22.000000
                -760415.953041                    3300.000000                   1.000000e+30                   5.000000e+10                      22.000000
                -753439.568151                    3300.000000                   1.000000e+30                   5.000000e+10                      22.000000
                -746463.183261                    3300.000000                   1.000000e+30                   5.000000e+10                      22.000000
                -739486.798370                    3300.000000                   1.000000e+30                   5.000000e+10                      22.000000
                -732510.413480                    3300.000000                   1.000000e+30                   5.000000e+10                      22.000000
                -725534.028590                    3300.000000                   1.000000e+30                   5.000000e+10                      22.000000
                -718557.643700                    3300.000000                   1.000000e+30                   5.000000e+10                      22.000000
                -711581.258809                    3300.000000                   1.000000e+30                   5.000000e+10                      22.000000
                -704604.873919                    3300.000000                   1.000000e+30                   5.000000e+10                      22.000000
                -697628.489029                    3300.000000                   1.000000e+30                   5.000000e+10                      22.000000
                -690652.104138                    3300.000000                   1.000000e+30                   5.000000e+10                      22.000000
                -683675.719248                    3300.000000                   1.000000e+30                   5.000000e+10                      22.000000
                -676699.334358                    3300.000000                   1.000000e+30                   5.000000e+10                      22.000000
                -669722.949468                    3300.000000                   1.000000e+30                   5.000000e+10                      22.000000
                -662746.564577                    3300.000000                   1.000000e+30                   5.000000e+10                      22.000000
                -655770.179687                    3300.000000                   1.000000e+30                   5.000000e+10                      22.000000
                -648793.794797                    3300.000000                   1.000000e+30                   5.000000e+10                      22.000000
                -641817.409906                    3300.000000                   1.000000e+30                   5.000000e+10                      22.000000
                -634841.025016                    3300.000000                   1.000000e+30                   5.000000e+10                      22.000000
                -627864.640126                    3300.000000                   1.000000e+30                   5.000000e+10                      22.000000
                -620888.255236                    3300.000000                   1.000000e+30                   5.000000e+10                      22.000000
                -613911.870345                    3300.000000                   1.000000e+30                   5.000000e+10                      22.000000
                -606935.485455                    3300.000000                   1.000000e+30                   5.000000e+10                      22.000000
                -599959.100565                    3300.000000                   1.000000e+30                   5.000000e+10                      22.000000
                -592982.715674                    3300.000000                   1.000000e+30                   5.000000e+10                      22.000000
                -586006.330784                    3300.000000                   1.000000e+30                   5.000000e+10                      22.000000
                -579029.945894                    3300.000000                   1.000000e+30                   5.000000e+10                      22.000000
                -572053.561003                    3300.000000                   1.000000e+30                   5.000000e+10                      22.000000
                -565077.176113                    3300.000000                   1.000000e+30                   5.000000e+10                      22.000000
                -558100.791223                    3300.000000                   1.000000e+30                   5.000000e+10                      22.000000
                -551124.406333                    3300.000000                   1.000000e+30                   5.000000e+10                      22.000000
                -544148.021442                    3300.000000                   1.000000e+30                   5.000000e+10                      22.000000
                -537171.636552                    3300.000000                   1.000000e+30                   5.000000e+10                      22.000000
                -530195.251662                    3300.000000                   1.000000e+30                   5.000000e+10                      22.000000
                -523218.866771                    3300.000000                   1.000000e+30                   5.000000e+10                      22.000000
                -516242.481881                    3300.000000                   1.000000e+30                   5.000000e+10                      22.000000
                -509266.096991                    3300.000000                   1.000000e+30                   5.000000e+10                      22.000000
                -502289.712101                    3300.000000                   1.000000e+30                   5.000000e+10                      22.000000
                -495313.327210                    3300.000000                   1.000000e+30                   5.000000e+10                      22.000000
                -488336.942320                    3300.000000                   1.000000e+30                   5.000000e+10                      22.000000
                -481360.557430                    3300.000000                   1.000000e+30                   5.000000e+10                      22.000000
                -474384.172539                    3300.000000                   1.000000e+30                   5.000000e+10                      22.000000
                -467407.787649                    3300.000000                   1.000000e+30                   5.000000e+10                      22.000000
                -460431.402759                    3300.000000                   1.000000e+30                   5.000000e+10                      22.000000
                -453455.017869                    3300.000000                   1.000000e+30                   5.000000e+10                      22.000000
                -446478.632978                    3300.000000                   1.000000e+30                   5.000000e+10                      22.000000
                -439502.248088                    3300.000000                   1.000000e+30                   5.000000e+10                      22.000000
                -432525.863198                    3300.000000                   1.000000e+30                   5.000000e+10                      22.000000
                -425549.478307                    3300.000000                   1.000000e+30                   5.000000e+10                      22.000000
                -418573.093417                    3300.000000                   1.000000e+30                   5.000000e+10                      22.000000
                -411596.708527                    3300.000000                   1.000000e+30                   5.000000e+10                      22.000000
                -404620.323637                    3300.000000                   1.000000e+30                   5.000000e+10                      22.000000
                -397643.938746                    3300.000000                   1.000000e+30                   5.000000e+10                      22.000000
                -390667.553856                    3300.000000                   1.000000e+30                   5.000000e+10                      22.000000
                -383691.168966                    3300.000000                   1.000000e+30                   5.000000e+10                      22.000000
                -376714.784075                    3300.000000                   1.000000e+30                   5.000000e+10                      22.000000
                -369738.399185                    3300.000000                   1.000000e+30                   5.000000e+10                      22.000000
                -362762.014295                    3300.000000                   1.000000e+30                   5.000000e+10                      22.000000
                -355785.629405                    3300.000000                   1.000000e+30                   5.000000e+10                      22.000000
                -348809.244514                    3300.000000                   1.000000e+30                   5.000000e+10                      22.000000
                -341832.859624                    3300.000000                   1.000000e+30                   5.000000e+10                      22.000000
                -334856.474734                    3300.000000                   1.000000e+30                   5.000000e+10                      22.000000
                -327880.089843                    3300.000000                   1.000000e+30                   5.000000e+10                      22.000000
                -320903.704953                    3300.000000                   1.000000e+30                   5.000000e+10                      22.000000
                -313927.320063                    3300.000000                   1.000000e+30                   5.000000e+10                      22.000000
                -306950.935173                    3300.000000                   1.000000e+30                   5.000000e+10                      22.000000
                -299974.550282                    3300.000000                   1.000000e+30                   5.000000e+10                      22.000000
                -292998.165392                    3300.000000                   1.000000e+30                   5.000000e+10                      22.000000
                -286021.780502                    3300.000000                   1.000000e+30                   5.000000e+10                      22.000000
                -279045.395611                    3300.000000                   1.000000e+30                   5.000000e+10                      22.000000
                -272069.010721                    3300.000000                   1.000000e+30                   5.000000e+10                      22.000000
                -265092.625831                    3300.000000                   1.000000e+30                   5.000000e+10                      22.000000
                -258116.240941                    3300.000000                   1.000000e+30                   5.000000e+10                      22.000000
                -251139.856050                    3300.000000                   1.000000e+30                   5.000000e+10                      22.000000
                -244163.471160                    3300.000000                   1.000000e+30                   5.000000e+10                      22.000000
                -237187.086270                    3300.000000                   1.000000e+30                   5.000000e+10                      22.000000
                -230210.701379                    3300.000000                   1.000000e+30                   5.000000e+10                      22.000000
                -223234.316489                    3300.000000                   1.000000e+30                   5.000000e+10                      22.000000
                -216257.931599                    3300.000000                   1.000000e+30                   5.000000e+10                      22.000000
                -209281.546709                    3300.000000                   1.000000e+30                   5.000000e+10                      22.000000
                -202305.161818                    3300.000000                   1.000000e+30                   5.000000e+10                      22.000000
                -195328.776928                    3300.000000                   1.000000e+30                   5.000000e+10                      22.000000
                -188352.392038                    3300.000000                   1.000000e+30                   5.000000e+10                      22.000000
                -181376.007147                    3300.000000                   1.000000e+30                   5.000000e+10                      22.000000
                -174399.622257                    3300.000000                   1.000000e+30                   5.000000e+10                      22.000000
                -167423.237367                    3300.000000                   1.000000e+30                   5.000000e+10                      22.000000
                -160446.852477                    3300.000000                   1.000000e+30                   5.000000e+10                      22.000000
                -153470.467586                    3300.000000                   1.000000e+30                   5.000000e+10                      22.000000
                -146494.082696                    3300.000000                   1.000000e+30                   5.000000e+10                      22.000000
                -139517.697806                    3300.000000                   1.000000e+30                   5.000000e+10                      22.000000
                -132541.312915                    3300.000000                   1.000000e+30                   5.000000e+10                      22.000000
                -125564.928025                    3300.000000                   1.000000e+30                   5.000000e+10                      22.000000
                -118588.543135                    3300.000000                   1.000000e+30                   5.000000e+10                      22.000000
                -111612.158245                    3300.000000                   1.000000e+30                   5.000000e+10                      22.000000
                -104635.773354                    3300.000000                   1.000000e+30                   5.000000e+10                      22.000000
                 -97659.388464                    3300.000000                   1.000000e+30                   5.000000e+10                      22.000000
                 -90683.003574                    3300.000000                   1.000000e+30                   5.000000e+10                      22.000000
                 -83706.618683                    3300.000000                   1.000000e+30                   5.000000e+10                      22.000000
                 -76730.233793                    3300.000000                   1.000000e+30                   5.000000e+10                      22.000000
                 -69753.848903                    3300.000000                   1.000000e+30                   5.000000e+10                      22.000000
                 -62777.464013                    3300.000000                   1.000000e+30                   5.000000e+10                      22.000000
                 -55801.079122                    3300.000000                   1.000000e+30                   5.000000e+10                      22.000000
                 -48824.694232                    3300.000000                   1.000000e+30                   5.000000e+10                      22.000000
                 -41848.309342                    3300.000000                   1.000000e+30                   5.000000e+10                      22.000000
                 -34871.924451                    3300.000000                   1.000000e+30                   5.000000e+10                      22.000000
                 -27895.539561                    3300.000000                   1.000000e+30                   5.000000e+10                      22.000000
                 -20919.154671                    3300.000000                   1.000000e+30                   5.000000e+10                      22.000000
                 -13942.769781                    3300.000000                   1.000000e+30                   5.000000e+10                      22.000000
                  -6966.384890                    3300.000000                   1.000000e+30                   5.000000e+10                      22.000000
                     10.000000                    3300.000000                   1.000000e+30                   5.000000e+10                      22.000000
