                   #Radius (m)               Density (kg/m^3)              Bulk modulus (Pa)             Shear modulus (Pa)               Viscosity (Pa.s)
                2575000.000000                     930.000000                   1.000000e+30                   3.500000e+09                      24.000000
                2574999.710145                     930.000000                   1.000000e+30                   3.500000e+09                      24.000000
                2574999.420290                     930.000000                   1.000000e+30                   3.500000e+09                      24.000000
                2574999.130435                     930.000000                   1.000000e+30                   3.500000e+09                      24.000000
                2574998.840580                     930.000000                   1.000000e+30                   3.500000e+09                      24.000000
                2574998.550725                     930.000000                   1.000000e+30                   3.500000e+09                      24.000000
                2574998.260870                     930.000000                   1.000000e+30                   3.500000e+09                      24.000000
                2574997.971014                     930.000000                   1.000000e+30                   3.500000e+09                      24.000000
                2574997.681159                     930.000000                   1.000000e+30                   3.500000e+09                      24.000000
                2574997.391304                     930.000000                   1.000000e+30                   3.500000e+09                      24.000000
                2574997.101449                     930.000000                   1.000000e+30                   3.500000e+09                      24.000000
                2574996.811594                     930.000000                   1.000000e+30                   3.500000e+09                      24.000000
                2574996.521739                     930.000000                   1.000000e+30                   3.500000e+09                      24.000000
                2574996.231884                     930.000000                   1.000000e+30                   3.500000e+09                      24.000000
                2574995.942029                     930.000000                   1.000000e+30                   3.500000e+09                      24.000000
                2574995.652174                     930.000000                   1.000000e+30                   3.500000e+09                      24.000000
                2574995.362319                     930.000000                   1.000000e+30                   3.500000e+09                      24.000000
                2574995.072464                     930.000000                   1.000000e+30                   3.500000e+09                      24.000000
                2574994.782609                     930.000000                   1.000000e+30                   3.500000e+09                      24.000000
                2574994.492754                     930.000000                   1.000000e+30                   3.500000e+09                      24.000000
                2574994.202899                     930.000000                   1.000000e+30                   3.500000e+09                      24.000000
                2574993.913043                     930.000000                   1.000000e+30                   3.500000e+09                      24.000000
                2574993.623188                     930.000000                   1.000000e+30                   3.500000e+09                      24.000000
                2574993.333333                     930.000000                   1.000000e+30                   3.500000e+09                      24.000000
                2574993.043478                     930.000000                   1.000000e+30                   3.500000e+09                      24.000000
                2574992.753623                     930.000000                   1.000000e+30                   3.500000e+09                      24.000000
                2574992.463768                     930.000000                   1.000000e+30                   3.500000e+09                      24.000000
                2574992.173913                     930.000000                   1.000000e+30                   3.500000e+09                      24.000000
                2574991.884058                     930.000000                   1.000000e+30                   3.500000e+09                      24.000000
                2574991.594203                     930.000000                   1.000000e+30                   3.500000e+09                      24.000000
                2574991.304348                     930.000000                   1.000000e+30                   3.500000e+09                      24.000000
                2574991.014493                     930.000000                   1.000000e+30                   3.500000e+09                      24.000000
                2574990.724638                     930.000000                   1.000000e+30                   3.500000e+09                      24.000000
                2574990.434783                     930.000000                   1.000000e+30                   3.500000e+09                      24.000000
                2574990.144928                     930.000000                   1.000000e+30                   3.500000e+09                      24.000000
                2574989.855072                     930.000000                   1.000000e+30                   3.500000e+09                      24.000000
                2574989.565217                     930.000000                   1.000000e+30                   3.500000e+09                      24.000000
                2574989.275362                     930.000000                   1.000000e+30                   3.500000e+09                      24.000000
                2574988.985507                     930.000000                   1.000000e+30                   3.500000e+09                      24.000000
                2574988.695652                     930.000000                   1.000000e+30                   3.500000e+09                      24.000000
                2574988.405797                     930.000000                   1.000000e+30                   3.500000e+09                      24.000000
                2574988.115942                     930.000000                   1.000000e+30                   3.500000e+09                      24.000000
                2574987.826087                     930.000000                   1.000000e+30                   3.500000e+09                      24.000000
                2574987.536232                     930.000000                   1.000000e+30                   3.500000e+09                      24.000000
                2574987.246377                     930.000000                   1.000000e+30                   3.500000e+09                      24.000000
                2574986.956522                     930.000000                   1.000000e+30                   3.500000e+09                      24.000000
                2574986.666667                     930.000000                   1.000000e+30                   3.500000e+09                      24.000000
                2574986.376812                     930.000000                   1.000000e+30                   3.500000e+09                      24.000000
                2574986.086957                     930.000000                   1.000000e+30                   3.500000e+09                      24.000000
                2574985.797101                     930.000000                   1.000000e+30                   3.500000e+09                      24.000000
                2574985.507246                     930.000000                   1.000000e+30                   3.500000e+09                      24.000000
                2574985.217391                     930.000000                   1.000000e+30                   3.500000e+09                      24.000000
                2574984.927536                     930.000000                   1.000000e+30                   3.500000e+09                      24.000000
                2574984.637681                     930.000000                   1.000000e+30                   3.500000e+09                      24.000000
                2574984.347826                     930.000000                   1.000000e+30                   3.500000e+09                      24.000000
                2574984.057971                     930.000000                   1.000000e+30                   3.500000e+09                      24.000000
                2574983.768116                     930.000000                   1.000000e+30                   3.500000e+09                      24.000000
                2574983.478261                     930.000000                   1.000000e+30                   3.500000e+09                      24.000000
                2574983.188406                     930.000000                   1.000000e+30                   3.500000e+09                      24.000000
                2574982.898551                     930.000000                   1.000000e+30                   3.500000e+09                      24.000000
                2574982.608696                     930.000000                   1.000000e+30                   3.500000e+09                      24.000000
                2574982.318841                     930.000000                   1.000000e+30                   3.500000e+09                      24.000000
                2574982.028986                     930.000000                   1.000000e+30                   3.500000e+09                      24.000000
                2574981.739130                     930.000000                   1.000000e+30                   3.500000e+09                      24.000000
                2574981.449275                     930.000000                   1.000000e+30                   3.500000e+09                      24.000000
                2574981.159420                     930.000000                   1.000000e+30                   3.500000e+09                      24.000000
                2574980.869565                     930.000000                   1.000000e+30                   3.500000e+09                      24.000000
                2574980.579710                     930.000000                   1.000000e+30                   3.500000e+09                      24.000000
                2574980.289855                     930.000000                   1.000000e+30                   3.500000e+09                      24.000000
                2574980.000000                     930.000000                   1.000000e+30                   3.500000e+09                      24.000000
                2574980.000000                     930.000000                   1.000000e+30                   3.500000e+09                      15.000000
                2573685.581395                     930.000000                   1.000000e+30                   3.500000e+09                      15.000000
                2572391.162791                     930.000000                   1.000000e+30                   3.500000e+09                      15.000000
                2571096.744186                     930.000000                   1.000000e+30                   3.500000e+09                      15.000000
                2569802.325581                     930.000000                   1.000000e+30                   3.500000e+09                      15.000000
                2568507.906977                     930.000000                   1.000000e+30                   3.500000e+09                      15.000000
                2567213.488372                     930.000000                   1.000000e+30                   3.500000e+09                      15.000000
                2565919.069767                     930.000000                   1.000000e+30                   3.500000e+09                      15.000000
                2564624.651163                     930.000000                   1.000000e+30                   3.500000e+09                      15.000000
                2563330.232558                     930.000000                   1.000000e+30                   3.500000e+09                      15.000000
                2562035.813953                     930.000000                   1.000000e+30                   3.500000e+09                      15.000000
                2560741.395349                     930.000000                   1.000000e+30                   3.500000e+09                      15.000000
                2559446.976744                     930.000000                   1.000000e+30                   3.500000e+09                      15.000000
                2558152.558140                     930.000000                   1.000000e+30                   3.500000e+09                      15.000000
                2556858.139535                     930.000000                   1.000000e+30                   3.500000e+09                      15.000000
                2555563.720930                     930.000000                   1.000000e+30                   3.500000e+09                      15.000000
                2554269.302326                     930.000000                   1.000000e+30                   3.500000e+09                      15.000000
                2552974.883721                     930.000000                   1.000000e+30                   3.500000e+09                      15.000000
                2551680.465116                     930.000000                   1.000000e+30                   3.500000e+09                      15.000000
                2550386.046512                     930.000000                   1.000000e+30                   3.500000e+09                      15.000000
                2549091.627907                     930.000000                   1.000000e+30                   3.500000e+09                      15.000000
                2547797.209302                     930.000000                   1.000000e+30                   3.500000e+09                      15.000000
                2546502.790698                     930.000000                   1.000000e+30                   3.500000e+09                      15.000000
                2545208.372093                     930.000000                   1.000000e+30                   3.500000e+09                      15.000000
                2543913.953488                     930.000000                   1.000000e+30                   3.500000e+09                      15.000000
                2542619.534884                     930.000000                   1.000000e+30                   3.500000e+09                      15.000000
                2541325.116279                     930.000000                   1.000000e+30                   3.500000e+09                      15.000000
                2540030.697674                     930.000000                   1.000000e+30                   3.500000e+09                      15.000000
                2538736.279070                     930.000000                   1.000000e+30                   3.500000e+09                      15.000000
                2537441.860465                     930.000000                   1.000000e+30                   3.500000e+09                      15.000000
                2536147.441860                     930.000000                   1.000000e+30                   3.500000e+09                      15.000000
                2534853.023256                     930.000000                   1.000000e+30                   3.500000e+09                      15.000000
                2533558.604651                     930.000000                   1.000000e+30                   3.500000e+09                      15.000000
                2532264.186047                     930.000000                   1.000000e+30                   3.500000e+09                      15.000000
                2530969.767442                     930.000000                   1.000000e+30                   3.500000e+09                      15.000000
                2529675.348837                     930.000000                   1.000000e+30                   3.500000e+09                      15.000000
                2528380.930233                     930.000000                   1.000000e+30                   3.500000e+09                      15.000000
                2527086.511628                     930.000000                   1.000000e+30                   3.500000e+09                      15.000000
                2525792.093023                     930.000000                   1.000000e+30                   3.500000e+09                      15.000000
                2524497.674419                     930.000000                   1.000000e+30                   3.500000e+09                      15.000000
                2523203.255814                     930.000000                   1.000000e+30                   3.500000e+09                      15.000000
                2521908.837209                     930.000000                   1.000000e+30                   3.500000e+09                      15.000000
                2520614.418605                     930.000000                   1.000000e+30                   3.500000e+09                      15.000000
                2519320.000000                     930.000000                   1.000000e+30                   3.500000e+09                      15.000000
                2518025.581395                     930.000000                   1.000000e+30                   3.500000e+09                      15.000000
                2516731.162791                     930.000000                   1.000000e+30                   3.500000e+09                      15.000000
                2515436.744186                     930.000000                   1.000000e+30                   3.500000e+09                      15.000000
                2514142.325581                     930.000000                   1.000000e+30                   3.500000e+09                      15.000000
                2512847.906977                     930.000000                   1.000000e+30                   3.500000e+09                      15.000000
                2511553.488372                     930.000000                   1.000000e+30                   3.500000e+09                      15.000000
                2510259.069767                     930.000000                   1.000000e+30                   3.500000e+09                      15.000000
                2508964.651163                     930.000000                   1.000000e+30                   3.500000e+09                      15.000000
                2507670.232558                     930.000000                   1.000000e+30                   3.500000e+09                      15.000000
                2506375.813953                     930.000000                   1.000000e+30                   3.500000e+09                      15.000000
                2505081.395349                     930.000000                   1.000000e+30                   3.500000e+09                      15.000000
                2503786.976744                     930.000000                   1.000000e+30                   3.500000e+09                      15.000000
                2502492.558140                     930.000000                   1.000000e+30                   3.500000e+09                      15.000000
                2501198.139535                     930.000000                   1.000000e+30                   3.500000e+09                      15.000000
                2499903.720930                     930.000000                   1.000000e+30                   3.500000e+09                      15.000000
                2498609.302326                     930.000000                   1.000000e+30                   3.500000e+09                      15.000000
                2497314.883721                     930.000000                   1.000000e+30                   3.500000e+09                      15.000000
                2496020.465116                     930.000000                   1.000000e+30                   3.500000e+09                      15.000000
                2494726.046512                     930.000000                   1.000000e+30                   3.500000e+09                      15.000000
                2493431.627907                     930.000000                   1.000000e+30                   3.500000e+09                      15.000000
                2492137.209302                     930.000000                   1.000000e+30                   3.500000e+09                      15.000000
                2490842.790698                     930.000000                   1.000000e+30                   3.500000e+09                      15.000000
                2489548.372093                     930.000000                   1.000000e+30                   3.500000e+09                      15.000000
                2488253.953488                     930.000000                   1.000000e+30                   3.500000e+09                      15.000000
                2486959.534884                     930.000000                   1.000000e+30                   3.500000e+09                      15.000000
                2485665.116279                     930.000000                   1.000000e+30                   3.500000e+09                      15.000000
                2484370.697674                     930.000000                   1.000000e+30                   3.500000e+09                      15.000000
                2483076.279070                     930.000000                   1.000000e+30                   3.500000e+09                      15.000000
                2481781.860465                     930.000000                   1.000000e+30                   3.500000e+09                      15.000000
                2480487.441860                     930.000000                   1.000000e+30                   3.500000e+09                      15.000000
                2479193.023256                     930.000000                   1.000000e+30                   3.500000e+09                      15.000000
                2477898.604651                     930.000000                   1.000000e+30                   3.500000e+09                      15.000000
                2476604.186047                     930.000000                   1.000000e+30                   3.500000e+09                      15.000000
                2475309.767442                     930.000000                   1.000000e+30                   3.500000e+09                      15.000000
                2474015.348837                     930.000000                   1.000000e+30                   3.500000e+09                      15.000000
                2472720.930233                     930.000000                   1.000000e+30                   3.500000e+09                      15.000000
                2471426.511628                     930.000000                   1.000000e+30                   3.500000e+09                      15.000000
                2470132.093023                     930.000000                   1.000000e+30                   3.500000e+09                      15.000000
                2468837.674419                     930.000000                   1.000000e+30                   3.500000e+09                      15.000000
                2467543.255814                     930.000000                   1.000000e+30                   3.500000e+09                      15.000000
                2466248.837209                     930.000000                   1.000000e+30                   3.500000e+09                      15.000000
                2464954.418605                     930.000000                   1.000000e+30                   3.500000e+09                      15.000000
                2463660.000000                     930.000000                   1.000000e+30                   3.500000e+09                      15.000000
                2462365.581395                     930.000000                   1.000000e+30                   3.500000e+09                      15.000000
                2461071.162791                     930.000000                   1.000000e+30                   3.500000e+09                      15.000000
                2459776.744186                     930.000000                   1.000000e+30                   3.500000e+09                      15.000000
                2458482.325581                     930.000000                   1.000000e+30                   3.500000e+09                      15.000000
                2457187.906977                     930.000000                   1.000000e+30                   3.500000e+09                      15.000000
                2455893.488372                     930.000000                   1.000000e+30                   3.500000e+09                      15.000000
                2454599.069767                     930.000000                   1.000000e+30                   3.500000e+09                      15.000000
                2453304.651163                     930.000000                   1.000000e+30                   3.500000e+09                      15.000000
                2452010.232558                     930.000000                   1.000000e+30                   3.500000e+09                      15.000000
                2450715.813953                     930.000000                   1.000000e+30                   3.500000e+09                      15.000000
                2449421.395349                     930.000000                   1.000000e+30                   3.500000e+09                      15.000000
                2448126.976744                     930.000000                   1.000000e+30                   3.500000e+09                      15.000000
                2446832.558140                     930.000000                   1.000000e+30                   3.500000e+09                      15.000000
                2445538.139535                     930.000000                   1.000000e+30                   3.500000e+09                      15.000000
                2444243.720930                     930.000000                   1.000000e+30                   3.500000e+09                      15.000000
                2442949.302326                     930.000000                   1.000000e+30                   3.500000e+09                      15.000000
                2441654.883721                     930.000000                   1.000000e+30                   3.500000e+09                      15.000000
                2440360.465116                     930.000000                   1.000000e+30                   3.500000e+09                      15.000000
                2439066.046512                     930.000000                   1.000000e+30                   3.500000e+09                      15.000000
                2437771.627907                     930.000000                   1.000000e+30                   3.500000e+09                      15.000000
                2436477.209302                     930.000000                   1.000000e+30                   3.500000e+09                      15.000000
                2435182.790698                     930.000000                   1.000000e+30                   3.500000e+09                      15.000000
                2433888.372093                     930.000000                   1.000000e+30                   3.500000e+09                      15.000000
                2432593.953488                     930.000000                   1.000000e+30                   3.500000e+09                      15.000000
                2431299.534884                     930.000000                   1.000000e+30                   3.500000e+09                      15.000000
                2430005.116279                     930.000000                   1.000000e+30                   3.500000e+09                      15.000000
                2428710.697674                     930.000000                   1.000000e+30                   3.500000e+09                      15.000000
                2427416.279070                     930.000000                   1.000000e+30                   3.500000e+09                      15.000000
                2426121.860465                     930.000000                   1.000000e+30                   3.500000e+09                      15.000000
                2424827.441860                     930.000000                   1.000000e+30                   3.500000e+09                      15.000000
                2423533.023256                     930.000000                   1.000000e+30                   3.500000e+09                      15.000000
                2422238.604651                     930.000000                   1.000000e+30                   3.500000e+09                      15.000000
                2420944.186047                     930.000000                   1.000000e+30                   3.500000e+09                      15.000000
                2419649.767442                     930.000000                   1.000000e+30                   3.500000e+09                      15.000000
                2418355.348837                     930.000000                   1.000000e+30                   3.500000e+09                      15.000000
                2417060.930233                     930.000000                   1.000000e+30                   3.500000e+09                      15.000000
                2415766.511628                     930.000000                   1.000000e+30                   3.500000e+09                      15.000000
                2414472.093023                     930.000000                   1.000000e+30                   3.500000e+09                      15.000000
                2413177.674419                     930.000000                   1.000000e+30                   3.500000e+09                      15.000000
                2411883.255814                     930.000000                   1.000000e+30                   3.500000e+09                      15.000000
                2410588.837209                     930.000000                   1.000000e+30                   3.500000e+09                      15.000000
                2409294.418605                     930.000000                   1.000000e+30                   3.500000e+09                      15.000000
                2408000.000000                     930.000000                   1.000000e+30                   3.500000e+09                      15.000000
                2408000.000000                    1100.000000                   1.000000e+30                   0.000000e+00                       2.000000
                2407998.452776                    1100.000000                   1.000000e+30                   0.000000e+00                       2.000000
                2407995.703005                    1100.000000                   1.000000e+30                   0.000000e+00                       2.000000
                2407991.580388                    1100.000000                   1.000000e+30                   0.000000e+00                       2.000000
                2407986.087368                    1100.000000                   1.000000e+30                   0.000000e+00                       2.000000
                2407979.227204                    1100.000000                   1.000000e+30                   0.000000e+00                       2.000000
                2407971.003965                    1100.000000                   1.000000e+30                   0.000000e+00                       2.000000
                2407961.422527                    1100.000000                   1.000000e+30                   0.000000e+00                       2.000000
                2407950.488573                    1100.000000                   1.000000e+30                   0.000000e+00                       2.000000
                2407938.208586                    1100.000000                   1.000000e+30                   0.000000e+00                       2.000000
                2407924.589851                    1100.000000                   1.000000e+30                   0.000000e+00                       2.000000
                2407909.640443                    1100.000000                   1.000000e+30                   0.000000e+00                       2.000000
                2407893.369228                    1100.000000                   1.000000e+30                   0.000000e+00                       2.000000
                2407875.785857                    1100.000000                   1.000000e+30                   0.000000e+00                       2.000000
                2407856.900757                    1100.000000                   1.000000e+30                   0.000000e+00                       2.000000
                2407836.725128                    1100.000000                   1.000000e+30                   0.000000e+00                       2.000000
                2407815.270936                    1100.000000                   1.000000e+30                   0.000000e+00                       2.000000
                2407792.550905                    1100.000000                   1.000000e+30                   0.000000e+00                       2.000000
                2407768.578508                    1100.000000                   1.000000e+30                   0.000000e+00                       2.000000
                2407743.367962                    1100.000000                   1.000000e+30                   0.000000e+00                       2.000000
                2407716.934220                    1100.000000                   1.000000e+30                   0.000000e+00                       2.000000
                2407689.292958                    1100.000000                   1.000000e+30                   0.000000e+00                       2.000000
                2407660.460568                    1100.000000                   1.000000e+30                   0.000000e+00                       2.000000
                2407630.454151                    1100.000000                   1.000000e+30                   0.000000e+00                       2.000000
                2407599.291501                    1100.000000                   1.000000e+30                   0.000000e+00                       2.000000
                2407566.991101                    1100.000000                   1.000000e+30                   0.000000e+00                       2.000000
                2407533.572106                    1100.000000                   1.000000e+30                   0.000000e+00                       2.000000
                2407499.054335                    1100.000000                   1.000000e+30                   0.000000e+00                       2.000000
                2407463.458260                    1100.000000                   1.000000e+30                   0.000000e+00                       2.000000
                2407426.804992                    1100.000000                   1.000000e+30                   0.000000e+00                       2.000000
                2407389.116268                    1100.000000                   1.000000e+30                   0.000000e+00                       2.000000
                2407350.414439                    1100.000000                   1.000000e+30                   0.000000e+00                       2.000000
                2407310.722459                    1100.000000                   1.000000e+30                   0.000000e+00                       2.000000
                2407270.063866                    1100.000000                   1.000000e+30                   0.000000e+00                       2.000000
                2407228.462775                    1100.000000                   1.000000e+30                   0.000000e+00                       2.000000
                2407185.943856                    1100.000000                   1.000000e+30                   0.000000e+00                       2.000000
                2407142.532327                    1100.000000                   1.000000e+30                   0.000000e+00                       2.000000
                2407098.253933                    1100.000000                   1.000000e+30                   0.000000e+00                       2.000000
                2407053.134933                    1100.000000                   1.000000e+30                   0.000000e+00                       2.000000
                2407007.202086                    1100.000000                   1.000000e+30                   0.000000e+00                       2.000000
                2406960.482633                    1100.000000                   1.000000e+30                   0.000000e+00                       2.000000
                2406913.004281                    1100.000000                   1.000000e+30                   0.000000e+00                       2.000000
                2406864.795188                    1100.000000                   1.000000e+30                   0.000000e+00                       2.000000
                2406815.883945                    1100.000000                   1.000000e+30                   0.000000e+00                       2.000000
                2406766.299559                    1100.000000                   1.000000e+30                   0.000000e+00                       2.000000
                2406716.071436                    1100.000000                   1.000000e+30                   0.000000e+00                       2.000000
                2406665.229365                    1100.000000                   1.000000e+30                   0.000000e+00                       2.000000
                2406613.803499                    1100.000000                   1.000000e+30                   0.000000e+00                       2.000000
                2406561.824336                    1100.000000                   1.000000e+30                   0.000000e+00                       2.000000
                2406509.322702                    1100.000000                   1.000000e+30                   0.000000e+00                       2.000000
                2406456.329734                    1100.000000                   1.000000e+30                   0.000000e+00                       2.000000
                2406402.876861                    1100.000000                   1.000000e+30                   0.000000e+00                       2.000000
                2406348.995784                    1100.000000                   1.000000e+30                   0.000000e+00                       2.000000
                2406294.718456                    1100.000000                   1.000000e+30                   0.000000e+00                       2.000000
                2406240.077067                    1100.000000                   1.000000e+30                   0.000000e+00                       2.000000
                2406185.104024                    1100.000000                   1.000000e+30                   0.000000e+00                       2.000000
                2406129.831929                    1100.000000                   1.000000e+30                   0.000000e+00                       2.000000
                2406074.293560                    1100.000000                   1.000000e+30                   0.000000e+00                       2.000000
                2406018.521857                    1100.000000                   1.000000e+30                   0.000000e+00                       2.000000
                2405962.549895                    1100.000000                   1.000000e+30                   0.000000e+00                       2.000000
                2405906.410868                    1100.000000                   1.000000e+30                   0.000000e+00                       2.000000
                2405850.138070                    1100.000000                   1.000000e+30                   0.000000e+00                       2.000000
                2405793.764875                    1100.000000                   1.000000e+30                   0.000000e+00                       2.000000
                2405737.324716                    1100.000000                   1.000000e+30                   0.000000e+00                       2.000000
                2405680.851064                    1100.000000                   1.000000e+30                   0.000000e+00                       2.000000
                2405624.377412                    1100.000000                   1.000000e+30                   0.000000e+00                       2.000000
                2405567.937252                    1100.000000                   1.000000e+30                   0.000000e+00                       2.000000
                2405511.564057                    1100.000000                   1.000000e+30                   0.000000e+00                       2.000000
                2405455.291260                    1100.000000                   1.000000e+30                   0.000000e+00                       2.000000
                2405399.152233                    1100.000000                   1.000000e+30                   0.000000e+00                       2.000000
                2405343.180271                    1100.000000                   1.000000e+30                   0.000000e+00                       2.000000
                2405287.408567                    1100.000000                   1.000000e+30                   0.000000e+00                       2.000000
                2405231.870199                    1100.000000                   1.000000e+30                   0.000000e+00                       2.000000
                2405176.598103                    1100.000000                   1.000000e+30                   0.000000e+00                       2.000000
                2405121.625060                    1100.000000                   1.000000e+30                   0.000000e+00                       2.000000
                2405066.983672                    1100.000000                   1.000000e+30                   0.000000e+00                       2.000000
                2405012.706344                    1100.000000                   1.000000e+30                   0.000000e+00                       2.000000
                2404958.825266                    1100.000000                   1.000000e+30                   0.000000e+00                       2.000000
                2404905.372393                    1100.000000                   1.000000e+30                   0.000000e+00                       2.000000
                2404852.379426                    1100.000000                   1.000000e+30                   0.000000e+00                       2.000000
                2404799.877792                    1100.000000                   1.000000e+30                   0.000000e+00                       2.000000
                2404747.898629                    1100.000000                   1.000000e+30                   0.000000e+00                       2.000000
                2404696.472762                    1100.000000                   1.000000e+30                   0.000000e+00                       2.000000
                2404645.630691                    1100.000000                   1.000000e+30                   0.000000e+00                       2.000000
                2404595.402569                    1100.000000                   1.000000e+30                   0.000000e+00                       2.000000
                2404545.818183                    1100.000000                   1.000000e+30                   0.000000e+00                       2.000000
                2404496.906940                    1100.000000                   1.000000e+30                   0.000000e+00                       2.000000
                2404448.697847                    1100.000000                   1.000000e+30                   0.000000e+00                       2.000000
                2404401.219495                    1100.000000                   1.000000e+30                   0.000000e+00                       2.000000
                2404354.500042                    1100.000000                   1.000000e+30                   0.000000e+00                       2.000000
                2404308.567195                    1100.000000                   1.000000e+30                   0.000000e+00                       2.000000
                2404263.448195                    1100.000000                   1.000000e+30                   0.000000e+00                       2.000000
                2404219.169801                    1100.000000                   1.000000e+30                   0.000000e+00                       2.000000
                2404175.758271                    1100.000000                   1.000000e+30                   0.000000e+00                       2.000000
                2404133.239353                    1100.000000                   1.000000e+30                   0.000000e+00                       2.000000
                2404091.638261                    1100.000000                   1.000000e+30                   0.000000e+00                       2.000000
                2404050.979669                    1100.000000                   1.000000e+30                   0.000000e+00                       2.000000
                2404011.287689                    1100.000000                   1.000000e+30                   0.000000e+00                       2.000000
                2403972.585860                    1100.000000                   1.000000e+30                   0.000000e+00                       2.000000
                2403934.897136                    1100.000000                   1.000000e+30                   0.000000e+00                       2.000000
                2403898.243867                    1100.000000                   1.000000e+30                   0.000000e+00                       2.000000
                2403862.647793                    1100.000000                   1.000000e+30                   0.000000e+00                       2.000000
                2403828.130022                    1100.000000                   1.000000e+30                   0.000000e+00                       2.000000
                2403794.711027                    1100.000000                   1.000000e+30                   0.000000e+00                       2.000000
                2403762.410626                    1100.000000                   1.000000e+30                   0.000000e+00                       2.000000
                2403731.247977                    1100.000000                   1.000000e+30                   0.000000e+00                       2.000000
                2403701.241559                    1100.000000                   1.000000e+30                   0.000000e+00                       2.000000
                2403672.409170                    1100.000000                   1.000000e+30                   0.000000e+00                       2.000000
                2403644.767908                    1100.000000                   1.000000e+30                   0.000000e+00                       2.000000
                2403618.334165                    1100.000000                   1.000000e+30                   0.000000e+00                       2.000000
                2403593.123620                    1100.000000                   1.000000e+30                   0.000000e+00                       2.000000
                2403569.151223                    1100.000000                   1.000000e+30                   0.000000e+00                       2.000000
                2403546.431191                    1100.000000                   1.000000e+30                   0.000000e+00                       2.000000
                2403524.976999                    1100.000000                   1.000000e+30                   0.000000e+00                       2.000000
                2403504.801371                    1100.000000                   1.000000e+30                   0.000000e+00                       2.000000
                2403485.916271                    1100.000000                   1.000000e+30                   0.000000e+00                       2.000000
                2403468.332900                    1100.000000                   1.000000e+30                   0.000000e+00                       2.000000
                2403452.061685                    1100.000000                   1.000000e+30                   0.000000e+00                       2.000000
                2403437.112277                    1100.000000                   1.000000e+30                   0.000000e+00                       2.000000
                2403423.493541                    1100.000000                   1.000000e+30                   0.000000e+00                       2.000000
                2403411.213555                    1100.000000                   1.000000e+30                   0.000000e+00                       2.000000
                2403400.279601                    1100.000000                   1.000000e+30                   0.000000e+00                       2.000000
                2403390.698162                    1100.000000                   1.000000e+30                   0.000000e+00                       2.000000
                2403382.474923                    1100.000000                   1.000000e+30                   0.000000e+00                       2.000000
                2403375.614760                    1100.000000                   1.000000e+30                   0.000000e+00                       2.000000
                2403370.121740                    1100.000000                   1.000000e+30                   0.000000e+00                       2.000000
                2403365.999122                    1100.000000                   1.000000e+30                   0.000000e+00                       2.000000
                2403363.249352                    1100.000000                   1.000000e+30                   0.000000e+00                       2.000000
                2403361.874058                    1100.000000                   1.000000e+30                   0.000000e+00                       2.000000
                2403361.702128                    1100.000000                   1.000000e+30                   0.000000e+00                       2.000000
                2403361.702128                    1250.000000                   1.000000e+30                   6.000000e+09                      15.000000
                2400234.867227                    1250.000000                   1.000000e+30                   6.000000e+09                      15.000000
                2397108.032327                    1250.000000                   1.000000e+30                   6.000000e+09                      15.000000
                2393981.197427                    1250.000000                   1.000000e+30                   6.000000e+09                      15.000000
                2390854.362527                    1250.000000                   1.000000e+30                   6.000000e+09                      15.000000
                2387727.527627                    1250.000000                   1.000000e+30                   6.000000e+09                      15.000000
                2384600.692726                    1250.000000                   1.000000e+30                   6.000000e+09                      15.000000
                2381473.857826                    1250.000000                   1.000000e+30                   6.000000e+09                      15.000000
                2378347.022926                    1250.000000                   1.000000e+30                   6.000000e+09                      15.000000
                2375220.188026                    1250.000000                   1.000000e+30                   6.000000e+09                      15.000000
                2372093.353126                    1250.000000                   1.000000e+30                   6.000000e+09                      15.000000
                2368966.518225                    1250.000000                   1.000000e+30                   6.000000e+09                      15.000000
                2365839.683325                    1250.000000                   1.000000e+30                   6.000000e+09                      15.000000
                2362712.848425                    1250.000000                   1.000000e+30                   6.000000e+09                      15.000000
                2359586.013525                    1250.000000                   1.000000e+30                   6.000000e+09                      15.000000
                2356459.178624                    1250.000000                   1.000000e+30                   6.000000e+09                      15.000000
                2353332.343724                    1250.000000                   1.000000e+30                   6.000000e+09                      15.000000
                2350205.508824                    1250.000000                   1.000000e+30                   6.000000e+09                      15.000000
                2347078.673924                    1250.000000                   1.000000e+30                   6.000000e+09                      15.000000
                2343951.839024                    1250.000000                   1.000000e+30                   6.000000e+09                      15.000000
                2340825.004123                    1250.000000                   1.000000e+30                   6.000000e+09                      15.000000
                2337698.169223                    1250.000000                   1.000000e+30                   6.000000e+09                      15.000000
                2334571.334323                    1250.000000                   1.000000e+30                   6.000000e+09                      15.000000
                2331444.499423                    1250.000000                   1.000000e+30                   6.000000e+09                      15.000000
                2328317.664523                    1250.000000                   1.000000e+30                   6.000000e+09                      15.000000
                2325190.829622                    1250.000000                   1.000000e+30                   6.000000e+09                      15.000000
                2322063.994722                    1250.000000                   1.000000e+30                   6.000000e+09                      15.000000
                2318937.159822                    1250.000000                   1.000000e+30                   6.000000e+09                      15.000000
                2315810.324922                    1250.000000                   1.000000e+30                   6.000000e+09                      15.000000
                2312683.490021                    1250.000000                   1.000000e+30                   6.000000e+09                      15.000000
                2309556.655121                    1250.000000                   1.000000e+30                   6.000000e+09                      15.000000
                2306429.820221                    1250.000000                   1.000000e+30                   6.000000e+09                      15.000000
                2303302.985321                    1250.000000                   1.000000e+30                   6.000000e+09                      15.000000
                2300176.150421                    1250.000000                   1.000000e+30                   6.000000e+09                      15.000000
                2297049.315520                    1250.000000                   1.000000e+30                   6.000000e+09                      15.000000
                2293922.480620                    1250.000000                   1.000000e+30                   6.000000e+09                      15.000000
                2290795.645720                    1250.000000                   1.000000e+30                   6.000000e+09                      15.000000
                2287668.810820                    1250.000000                   1.000000e+30                   6.000000e+09                      15.000000
                2284541.975920                    1250.000000                   1.000000e+30                   6.000000e+09                      15.000000
                2281415.141019                    1250.000000                   1.000000e+30                   6.000000e+09                      15.000000
                2278288.306119                    1250.000000                   1.000000e+30                   6.000000e+09                      15.000000
                2275161.471219                    1250.000000                   1.000000e+30                   6.000000e+09                      15.000000
                2272034.636319                    1250.000000                   1.000000e+30                   6.000000e+09                      15.000000
                2268907.801418                    1250.000000                   1.000000e+30                   6.000000e+09                      15.000000
                2265780.966518                    1250.000000                   1.000000e+30                   6.000000e+09                      15.000000
                2262654.131618                    1250.000000                   1.000000e+30                   6.000000e+09                      15.000000
                2259527.296718                    1250.000000                   1.000000e+30                   6.000000e+09                      15.000000
                2256400.461818                    1250.000000                   1.000000e+30                   6.000000e+09                      15.000000
                2253273.626917                    1250.000000                   1.000000e+30                   6.000000e+09                      15.000000
                2250146.792017                    1250.000000                   1.000000e+30                   6.000000e+09                      15.000000
                2247019.957117                    1250.000000                   1.000000e+30                   6.000000e+09                      15.000000
                2243893.122217                    1250.000000                   1.000000e+30                   6.000000e+09                      15.000000
                2240766.287317                    1250.000000                   1.000000e+30                   6.000000e+09                      15.000000
                2237639.452416                    1250.000000                   1.000000e+30                   6.000000e+09                      15.000000
                2234512.617516                    1250.000000                   1.000000e+30                   6.000000e+09                      15.000000
                2231385.782616                    1250.000000                   1.000000e+30                   6.000000e+09                      15.000000
                2228258.947716                    1250.000000                   1.000000e+30                   6.000000e+09                      15.000000
                2225132.112815                    1250.000000                   1.000000e+30                   6.000000e+09                      15.000000
                2222005.277915                    1250.000000                   1.000000e+30                   6.000000e+09                      15.000000
                2218878.443015                    1250.000000                   1.000000e+30                   6.000000e+09                      15.000000
                2215751.608115                    1250.000000                   1.000000e+30                   6.000000e+09                      15.000000
                2212624.773215                    1250.000000                   1.000000e+30                   6.000000e+09                      15.000000
                2209497.938314                    1250.000000                   1.000000e+30                   6.000000e+09                      15.000000
                2206371.103414                    1250.000000                   1.000000e+30                   6.000000e+09                      15.000000
                2203244.268514                    1250.000000                   1.000000e+30                   6.000000e+09                      15.000000
                2200117.433614                    1250.000000                   1.000000e+30                   6.000000e+09                      15.000000
                2196990.598714                    1250.000000                   1.000000e+30                   6.000000e+09                      15.000000
                2193863.763813                    1250.000000                   1.000000e+30                   6.000000e+09                      15.000000
                2190736.928913                    1250.000000                   1.000000e+30                   6.000000e+09                      15.000000
                2187610.094013                    1250.000000                   1.000000e+30                   6.000000e+09                      15.000000
                2184483.259113                    1250.000000                   1.000000e+30                   6.000000e+09                      15.000000
                2181356.424212                    1250.000000                   1.000000e+30                   6.000000e+09                      15.000000
                2178229.589312                    1250.000000                   1.000000e+30                   6.000000e+09                      15.000000
                2175102.754412                    1250.000000                   1.000000e+30                   6.000000e+09                      15.000000
                2171975.919512                    1250.000000                   1.000000e+30                   6.000000e+09                      15.000000
                2168849.084612                    1250.000000                   1.000000e+30                   6.000000e+09                      15.000000
                2165722.249711                    1250.000000                   1.000000e+30                   6.000000e+09                      15.000000
                2162595.414811                    1250.000000                   1.000000e+30                   6.000000e+09                      15.000000
                2159468.579911                    1250.000000                   1.000000e+30                   6.000000e+09                      15.000000
                2156341.745011                    1250.000000                   1.000000e+30                   6.000000e+09                      15.000000
                2153214.910111                    1250.000000                   1.000000e+30                   6.000000e+09                      15.000000
                2150088.075210                    1250.000000                   1.000000e+30                   6.000000e+09                      15.000000
                2146961.240310                    1250.000000                   1.000000e+30                   6.000000e+09                      15.000000
                2143834.405410                    1250.000000                   1.000000e+30                   6.000000e+09                      15.000000
                2140707.570510                    1250.000000                   1.000000e+30                   6.000000e+09                      15.000000
                2137580.735609                    1250.000000                   1.000000e+30                   6.000000e+09                      15.000000
                2134453.900709                    1250.000000                   1.000000e+30                   6.000000e+09                      15.000000
                2131327.065809                    1250.000000                   1.000000e+30                   6.000000e+09                      15.000000
                2128200.230909                    1250.000000                   1.000000e+30                   6.000000e+09                      15.000000
                2125073.396009                    1250.000000                   1.000000e+30                   6.000000e+09                      15.000000
                2121946.561108                    1250.000000                   1.000000e+30                   6.000000e+09                      15.000000
                2118819.726208                    1250.000000                   1.000000e+30                   6.000000e+09                      15.000000
                2115692.891308                    1250.000000                   1.000000e+30                   6.000000e+09                      15.000000
                2112566.056408                    1250.000000                   1.000000e+30                   6.000000e+09                      15.000000
                2109439.221508                    1250.000000                   1.000000e+30                   6.000000e+09                      15.000000
                2106312.386607                    1250.000000                   1.000000e+30                   6.000000e+09                      15.000000
                2103185.551707                    1250.000000                   1.000000e+30                   6.000000e+09                      15.000000
                2100058.716807                    1250.000000                   1.000000e+30                   6.000000e+09                      15.000000
                2096931.881907                    1250.000000                   1.000000e+30                   6.000000e+09                      15.000000
                2093805.047006                    1250.000000                   1.000000e+30                   6.000000e+09                      15.000000
                2090678.212106                    1250.000000                   1.000000e+30                   6.000000e+09                      15.000000
                2087551.377206                    1250.000000                   1.000000e+30                   6.000000e+09                      15.000000
                2084424.542306                    1250.000000                   1.000000e+30                   6.000000e+09                      15.000000
                2081297.707406                    1250.000000                   1.000000e+30                   6.000000e+09                      15.000000
                2078170.872505                    1250.000000                   1.000000e+30                   6.000000e+09                      15.000000
                2075044.037605                    1250.000000                   1.000000e+30                   6.000000e+09                      15.000000
                2071917.202705                    1250.000000                   1.000000e+30                   6.000000e+09                      15.000000
                2068790.367805                    1250.000000                   1.000000e+30                   6.000000e+09                      15.000000
                2065663.532905                    1250.000000                   1.000000e+30                   6.000000e+09                      15.000000
                2062536.698004                    1250.000000                   1.000000e+30                   6.000000e+09                      15.000000
                2059409.863104                    1250.000000                   1.000000e+30                   6.000000e+09                      15.000000
                2056283.028204                    1250.000000                   1.000000e+30                   6.000000e+09                      15.000000
                2053156.193304                    1250.000000                   1.000000e+30                   6.000000e+09                      15.000000
                2050029.358403                    1250.000000                   1.000000e+30                   6.000000e+09                      15.000000
                2046902.523503                    1250.000000                   1.000000e+30                   6.000000e+09                      15.000000
                2043775.688603                    1250.000000                   1.000000e+30                   6.000000e+09                      15.000000
                2040648.853703                    1250.000000                   1.000000e+30                   6.000000e+09                      15.000000
                2037522.018803                    1250.000000                   1.000000e+30                   6.000000e+09                      15.000000
                2034395.183902                    1250.000000                   1.000000e+30                   6.000000e+09                      15.000000
                2031268.349002                    1250.000000                   1.000000e+30                   6.000000e+09                      15.000000
                2028141.514102                    1250.000000                   1.000000e+30                   6.000000e+09                      15.000000
                2025014.679202                    1250.000000                   1.000000e+30                   6.000000e+09                      15.000000
                2021887.844302                    1250.000000                   1.000000e+30                   6.000000e+09                      15.000000
                2018761.009401                    1250.000000                   1.000000e+30                   6.000000e+09                      15.000000
                2015634.174501                    1250.000000                   1.000000e+30                   6.000000e+09                      15.000000
                2012507.339601                    1250.000000                   1.000000e+30                   6.000000e+09                      15.000000
                2009380.504701                    1250.000000                   1.000000e+30                   6.000000e+09                      15.000000
                2006253.669800                    1250.000000                   1.000000e+30                   6.000000e+09                      15.000000
                2003126.834900                    1250.000000                   1.000000e+30                   6.000000e+09                      15.000000
                2000000.000000                    1250.000000                   1.000000e+30                   6.000000e+09                      15.000000
                2000000.000000                    2835.699245                   1.000000e+30                   3.000000e+10                      17.000000
                1978748.518363                    2835.699245                   1.000000e+30                   3.000000e+10                      17.000000
                1957497.036726                    2835.699245                   1.000000e+30                   3.000000e+10                      17.000000
                1936245.555089                    2835.699245                   1.000000e+30                   3.000000e+10                      17.000000
                1914994.073452                    2835.699245                   1.000000e+30                   3.000000e+10                      17.000000
                1893742.591815                    2835.699245                   1.000000e+30                   3.000000e+10                      17.000000
                1872491.110178                    2835.699245                   1.000000e+30                   3.000000e+10                      17.000000
                1851239.628541                    2835.699245                   1.000000e+30                   3.000000e+10                      17.000000
                1829988.146904                    2835.699245                   1.000000e+30                   3.000000e+10                      17.000000
                1808736.665267                    2835.699245                   1.000000e+30                   3.000000e+10                      17.000000
                1787485.183630                    2835.699245                   1.000000e+30                   3.000000e+10                      17.000000
                1766233.701993                    2835.699245                   1.000000e+30                   3.000000e+10                      17.000000
                1744982.220356                    2835.699245                   1.000000e+30                   3.000000e+10                      17.000000
                1723730.738719                    2835.699245                   1.000000e+30                   3.000000e+10                      17.000000
                1702479.257082                    2835.699245                   1.000000e+30                   3.000000e+10                      17.000000
                1681227.775445                    2835.699245                   1.000000e+30                   3.000000e+10                      17.000000
                1659976.293808                    2835.699245                   1.000000e+30                   3.000000e+10                      17.000000
                1638724.812171                    2835.699245                   1.000000e+30                   3.000000e+10                      17.000000
                1617473.330534                    2835.699245                   1.000000e+30                   3.000000e+10                      17.000000
                1596221.848897                    2835.699245                   1.000000e+30                   3.000000e+10                      17.000000
                1574970.367260                    2835.699245                   1.000000e+30                   3.000000e+10                      17.000000
                1553718.885623                    2835.699245                   1.000000e+30                   3.000000e+10                      17.000000
                1532467.403986                    2835.699245                   1.000000e+30                   3.000000e+10                      17.000000
                1511215.922349                    2835.699245                   1.000000e+30                   3.000000e+10                      17.000000
                1489964.440712                    2835.699245                   1.000000e+30                   3.000000e+10                      17.000000
                1468712.959075                    2835.699245                   1.000000e+30                   3.000000e+10                      17.000000
                1447461.477438                    2835.699245                   1.000000e+30                   3.000000e+10                      17.000000
                1426209.995801                    2835.699245                   1.000000e+30                   3.000000e+10                      17.000000
                1404958.514164                    2835.699245                   1.000000e+30                   3.000000e+10                      17.000000
                1383707.032527                    2835.699245                   1.000000e+30                   3.000000e+10                      17.000000
                1362455.550890                    2835.699245                   1.000000e+30                   3.000000e+10                      17.000000
                1341204.069253                    2835.699245                   1.000000e+30                   3.000000e+10                      17.000000
                1319952.587616                    2835.699245                   1.000000e+30                   3.000000e+10                      17.000000
                1298701.105979                    2835.699245                   1.000000e+30                   3.000000e+10                      17.000000
                1277449.624342                    2835.699245                   1.000000e+30                   3.000000e+10                      17.000000
                1256198.142705                    2835.699245                   1.000000e+30                   3.000000e+10                      17.000000
                1234946.661068                    2835.699245                   1.000000e+30                   3.000000e+10                      17.000000
                1213695.179431                    2835.699245                   1.000000e+30                   3.000000e+10                      17.000000
                1192443.697794                    2835.699245                   1.000000e+30                   3.000000e+10                      17.000000
                1171192.216157                    2835.699245                   1.000000e+30                   3.000000e+10                      17.000000
                1149940.734520                    2835.699245                   1.000000e+30                   3.000000e+10                      17.000000
                1128689.252883                    2835.699245                   1.000000e+30                   3.000000e+10                      17.000000
                1107437.771246                    2835.699245                   1.000000e+30                   3.000000e+10                      17.000000
                1086186.289609                    2835.699245                   1.000000e+30                   3.000000e+10                      17.000000
                1064934.807972                    2835.699245                   1.000000e+30                   3.000000e+10                      17.000000
                1043683.326335                    2835.699245                   1.000000e+30                   3.000000e+10                      17.000000
                1022431.844698                    2835.699245                   1.000000e+30                   3.000000e+10                      17.000000
                1001180.363061                    2835.699245                   1.000000e+30                   3.000000e+10                      17.000000
                 979928.881424                    2835.699245                   1.000000e+30                   3.000000e+10                      17.000000
                 958677.399787                    2835.699245                   1.000000e+30                   3.000000e+10                      17.000000
                 937425.918150                    2835.699245                   1.000000e+30                   3.000000e+10                      17.000000
                 916174.436513                    2835.699245                   1.000000e+30                   3.000000e+10                      17.000000
                 894922.954876                    2835.699245                   1.000000e+30                   3.000000e+10                      17.000000
                 873671.473239                    2835.699245                   1.000000e+30                   3.000000e+10                      17.000000
                 852419.991602                    2835.699245                   1.000000e+30                   3.000000e+10                      17.000000
                 831168.509965                    2835.699245                   1.000000e+30                   3.000000e+10                      17.000000
                 809917.028328                    2835.699245                   1.000000e+30                   3.000000e+10                      17.000000
                 788665.546691                    2835.699245                   1.000000e+30                   3.000000e+10                      17.000000
                 767414.065054                    2835.699245                   1.000000e+30                   3.000000e+10                      17.000000
                 746162.583417                    2835.699245                   1.000000e+30                   3.000000e+10                      17.000000
                 724911.101780                    2835.699245                   1.000000e+30                   3.000000e+10                      17.000000
                 703659.620143                    2835.699245                   1.000000e+30                   3.000000e+10                      17.000000
                 682408.138506                    2835.699245                   1.000000e+30                   3.000000e+10                      17.000000
                 661156.656869                    2835.699245                   1.000000e+30                   3.000000e+10                      17.000000
                 639905.175232                    2835.699245                   1.000000e+30                   3.000000e+10                      17.000000
                 618653.693595                    2835.699245                   1.000000e+30                   3.000000e+10                      17.000000
                 597402.211958                    2835.699245                   1.000000e+30                   3.000000e+10                      17.000000
                 576150.730322                    2835.699245                   1.000000e+30                   3.000000e+10                      17.000000
                 554899.248685                    2835.699245                   1.000000e+30                   3.000000e+10                      17.000000
                 533647.767048                    2835.699245                   1.000000e+30                   3.000000e+10                      17.000000
                 512396.285411                    2835.699245                   1.000000e+30                   3.000000e+10                      17.000000
                 491144.803774                    2835.699245                   1.000000e+30                   3.000000e+10                      17.000000
                 469893.322137                    2835.699245                   1.000000e+30                   3.000000e+10                      17.000000
                 448641.840500                    2835.699245                   1.000000e+30                   3.000000e+10                      17.000000
                 427390.358863                    2835.699245                   1.000000e+30                   3.000000e+10                      17.000000
                 406138.877226                    2835.699245                   1.000000e+30                   3.000000e+10                      17.000000
                 384887.395589                    2835.699245                   1.000000e+30                   3.000000e+10                      17.000000
                 363635.913952                    2835.699245                   1.000000e+30                   3.000000e+10                      17.000000
                 342384.432315                    2835.699245                   1.000000e+30                   3.000000e+10                      17.000000
                 321132.950678                    2835.699245                   1.000000e+30                   3.000000e+10                      17.000000
                 299881.469041                    2835.699245                   1.000000e+30                   3.000000e+10                      17.000000
                 278629.987404                    2835.699245                   1.000000e+30                   3.000000e+10                      17.000000
                 257378.505767                    2835.699245                   1.000000e+30                   3.000000e+10                      17.000000
                 236127.024130                    2835.699245                   1.000000e+30                   3.000000e+10                      17.000000
                 214875.542493                    2835.699245                   1.000000e+30                   3.000000e+10                      17.000000
                 193624.060856                    2835.699245                   1.000000e+30                   3.000000e+10                      17.000000
                 172372.579219                    2835.699245                   1.000000e+30                   3.000000e+10                      17.000000
                 151121.097582                    2835.699245                   1.000000e+30                   3.000000e+10                      17.000000
                 129869.615945                    2835.699245                   1.000000e+30                   3.000000e+10                      17.000000
                 108618.134308                    2835.699245                   1.000000e+30                   3.000000e+10                      17.000000
                  87366.652671                    2835.699245                   1.000000e+30                   3.000000e+10                      17.000000
                  66115.171034                    2835.699245                   1.000000e+30                   3.000000e+10                      17.000000
                  44863.689397                    2835.699245                   1.000000e+30                   3.000000e+10                      17.000000
                  23612.207760                    2835.699245                   1.000000e+30                   3.000000e+10                      17.000000
                   2360.726123                    2835.699245                   1.000000e+30                   3.000000e+10                      17.000000
                 -18890.755514                    2835.699245                   1.000000e+30                   3.000000e+10                      17.000000
                 -40142.237151                    2835.699245                   1.000000e+30                   3.000000e+10                      17.000000
                 -61393.718788                    2835.699245                   1.000000e+30                   3.000000e+10                      17.000000
                 -82645.200425                    2835.699245                   1.000000e+30                   3.000000e+10                      17.000000
                -103896.682062                    2835.699245                   1.000000e+30                   3.000000e+10                      17.000000
                -125148.163699                    2835.699245                   1.000000e+30                   3.000000e+10                      17.000000
                -146399.645336                    2835.699245                   1.000000e+30                   3.000000e+10                      17.000000
                -167651.126973                    2835.699245                   1.000000e+30                   3.000000e+10                      17.000000
                -188902.608610                    2835.699245                   1.000000e+30                   3.000000e+10                      17.000000
                -210154.090247                    2835.699245                   1.000000e+30                   3.000000e+10                      17.000000
                -231405.571884                    2835.699245                   1.000000e+30                   3.000000e+10                      17.000000
                -252657.053521                    2835.699245                   1.000000e+30                   3.000000e+10                      17.000000
                -273908.535158                    2835.699245                   1.000000e+30                   3.000000e+10                      17.000000
                -295160.016795                    2835.699245                   1.000000e+30                   3.000000e+10                      17.000000
                -316411.498432                    2835.699245                   1.000000e+30                   3.000000e+10                      17.000000
                -337662.980069                    2835.699245                   1.000000e+30                   3.000000e+10                      17.000000
                -358914.461706                    2835.699245                   1.000000e+30                   3.000000e+10                      17.000000
                -380165.943343                    2835.699245                   1.000000e+30                   3.000000e+10                      17.000000
                -401417.424980                    2835.699245                   1.000000e+30                   3.000000e+10                      17.000000
                -422668.906617                    2835.699245                   1.000000e+30                   3.000000e+10                      17.000000
                -443920.388254                    2835.699245                   1.000000e+30                   3.000000e+10                      17.000000
                -465171.869891                    2835.699245                   1.000000e+30                   3.000000e+10                      17.000000
                -486423.351528                    2835.699245                   1.000000e+30                   3.000000e+10                      17.000000
                -507674.833165                    2835.699245                   1.000000e+30                   3.000000e+10                      17.000000
                -528926.314802                    2835.699245                   1.000000e+30                   3.000000e+10                      17.000000
                -550177.796439                    2835.699245                   1.000000e+30                   3.000000e+10                      17.000000
                -571429.278076                    2835.699245                   1.000000e+30                   3.000000e+10                      17.000000
                -592680.759713                    2835.699245                   1.000000e+30                   3.000000e+10                      17.000000
                -613932.241350                    2835.699245                   1.000000e+30                   3.000000e+10                      17.000000
                -635183.722987                    2835.699245                   1.000000e+30                   3.000000e+10                      17.000000
                -656435.204624                    2835.699245                   1.000000e+30                   3.000000e+10                      17.000000
                -677686.686261                    2835.699245                   1.000000e+30                   3.000000e+10                      17.000000
                -698938.167898                    2835.699245                   1.000000e+30                   3.000000e+10                      17.000000
                -720189.649535                    2835.699245                   1.000000e+30                   3.000000e+10                      17.000000
                -741441.131172                    2835.699245                   1.000000e+30                   3.000000e+10                      17.000000
                -741441.131172                    3300.000000                   1.000000e+30                   5.000000e+10                      22.000000
                -735693.447985                    3300.000000                   1.000000e+30                   5.000000e+10                      22.000000
                -729945.764797                    3300.000000                   1.000000e+30                   5.000000e+10                      22.000000
                -724198.081610                    3300.000000                   1.000000e+30                   5.000000e+10                      22.000000
                -718450.398423                    3300.000000                   1.000000e+30                   5.000000e+10                      22.000000
                -712702.715235                    3300.000000                   1.000000e+30                   5.000000e+10                      22.000000
                -706955.032048                    3300.000000                   1.000000e+30                   5.000000e+10                      22.000000
                -701207.348860                    3300.000000                   1.000000e+30                   5.000000e+10                      22.000000
                -695459.665673                    3300.000000                   1.000000e+30                   5.000000e+10                      22.000000
                -689711.982486                    3300.000000                   1.000000e+30                   5.000000e+10                      22.000000
                -683964.299298                    3300.000000                   1.000000e+30                   5.000000e+10                      22.000000
                -678216.616111                    3300.000000                   1.000000e+30                   5.000000e+10                      22.000000
                -672468.932923                    3300.000000                   1.000000e+30                   5.000000e+10                      22.000000
                -666721.249736                    3300.000000                   1.000000e+30                   5.000000e+10                      22.000000
                -660973.566549                    3300.000000                   1.000000e+30                   5.000000e+10                      22.000000
                -655225.883361                    3300.000000                   1.000000e+30                   5.000000e+10                      22.000000
                -649478.200174                    3300.000000                   1.000000e+30                   5.000000e+10                      22.000000
                -643730.516987                    3300.000000                   1.000000e+30                   5.000000e+10                      22.000000
                -637982.833799                    3300.000000                   1.000000e+30                   5.000000e+10                      22.000000
                -632235.150612                    3300.000000                   1.000000e+30                   5.000000e+10                      22.000000
                -626487.467424                    3300.000000                   1.000000e+30                   5.000000e+10                      22.000000
                -620739.784237                    3300.000000                   1.000000e+30                   5.000000e+10                      22.000000
                -614992.101050                    3300.000000                   1.000000e+30                   5.000000e+10                      22.000000
                -609244.417862                    3300.000000                   1.000000e+30                   5.000000e+10                      22.000000
                -603496.734675                    3300.000000                   1.000000e+30                   5.000000e+10                      22.000000
                -597749.051488                    3300.000000                   1.000000e+30                   5.000000e+10                      22.000000
                -592001.368300                    3300.000000                   1.000000e+30                   5.000000e+10                      22.000000
                -586253.685113                    3300.000000                   1.000000e+30                   5.000000e+10                      22.000000
                -580506.001925                    3300.000000                   1.000000e+30                   5.000000e+10                      22.000000
                -574758.318738                    3300.000000                   1.000000e+30                   5.000000e+10                      22.000000
                -569010.635551                    3300.000000                   1.000000e+30                   5.000000e+10                      22.000000
                -563262.952363                    3300.000000                   1.000000e+30                   5.000000e+10                      22.000000
                -557515.269176                    3300.000000                   1.000000e+30                   5.000000e+10                      22.000000
                -551767.585988                    3300.000000                   1.000000e+30                   5.000000e+10                      22.000000
                -546019.902801                    3300.000000                   1.000000e+30                   5.000000e+10                      22.000000
                -540272.219614                    3300.000000                   1.000000e+30                   5.000000e+10                      22.000000
                -534524.536426                    3300.000000                   1.000000e+30                   5.000000e+10                      22.000000
                -528776.853239                    3300.000000                   1.000000e+30                   5.000000e+10                      22.000000
                -523029.170052                    3300.000000                   1.000000e+30                   5.000000e+10                      22.000000
                -517281.486864                    3300.000000                   1.000000e+30                   5.000000e+10                      22.000000
                -511533.803677                    3300.000000                   1.000000e+30                   5.000000e+10                      22.000000
                -505786.120489                    3300.000000                   1.000000e+30                   5.000000e+10                      22.000000
                -500038.437302                    3300.000000                   1.000000e+30                   5.000000e+10                      22.000000
                -494290.754115                    3300.000000                   1.000000e+30                   5.000000e+10                      22.000000
                -488543.070927                    3300.000000                   1.000000e+30                   5.000000e+10                      22.000000
                -482795.387740                    3300.000000                   1.000000e+30                   5.000000e+10                      22.000000
                -477047.704553                    3300.000000                   1.000000e+30                   5.000000e+10                      22.000000
                -471300.021365                    3300.000000                   1.000000e+30                   5.000000e+10                      22.000000
                -465552.338178                    3300.000000                   1.000000e+30                   5.000000e+10                      22.000000
                -459804.654990                    3300.000000                   1.000000e+30                   5.000000e+10                      22.000000
                -454056.971803                    3300.000000                   1.000000e+30                   5.000000e+10                      22.000000
                -448309.288616                    3300.000000                   1.000000e+30                   5.000000e+10                      22.000000
                -442561.605428                    3300.000000                   1.000000e+30                   5.000000e+10                      22.000000
                -436813.922241                    3300.000000                   1.000000e+30                   5.000000e+10                      22.000000
                -431066.239054                    3300.000000                   1.000000e+30                   5.000000e+10                      22.000000
                -425318.555866                    3300.000000                   1.000000e+30                   5.000000e+10                      22.000000
                -419570.872679                    3300.000000                   1.000000e+30                   5.000000e+10                      22.000000
                -413823.189491                    3300.000000                   1.000000e+30                   5.000000e+10                      22.000000
                -408075.506304                    3300.000000                   1.000000e+30                   5.000000e+10                      22.000000
                -402327.823117                    3300.000000                   1.000000e+30                   5.000000e+10                      22.000000
                -396580.139929                    3300.000000                   1.000000e+30                   5.000000e+10                      22.000000
                -390832.456742                    3300.000000                   1.000000e+30                   5.000000e+10                      22.000000
                -385084.773554                    3300.000000                   1.000000e+30                   5.000000e+10                      22.000000
                -379337.090367                    3300.000000                   1.000000e+30                   5.000000e+10                      22.000000
                -373589.407180                    3300.000000                   1.000000e+30                   5.000000e+10                      22.000000
                -367841.723992                    3300.000000                   1.000000e+30                   5.000000e+10                      22.000000
                -362094.040805                    3300.000000                   1.000000e+30                   5.000000e+10                      22.000000
                -356346.357618                    3300.000000                   1.000000e+30                   5.000000e+10                      22.000000
                -350598.674430                    3300.000000                   1.000000e+30                   5.000000e+10                      22.000000
                -344850.991243                    3300.000000                   1.000000e+30                   5.000000e+10                      22.000000
                -339103.308055                    3300.000000                   1.000000e+30                   5.000000e+10                      22.000000
                -333355.624868                    3300.000000                   1.000000e+30                   5.000000e+10                      22.000000
                -327607.941681                    3300.000000                   1.000000e+30                   5.000000e+10                      22.000000
                -321860.258493                    3300.000000                   1.000000e+30                   5.000000e+10                      22.000000
                -316112.575306                    3300.000000                   1.000000e+30                   5.000000e+10                      22.000000
                -310364.892119                    3300.000000                   1.000000e+30                   5.000000e+10                      22.000000
                -304617.208931                    3300.000000                   1.000000e+30                   5.000000e+10                      22.000000
                -298869.525744                    3300.000000                   1.000000e+30                   5.000000e+10                      22.000000
                -293121.842556                    3300.000000                   1.000000e+30                   5.000000e+10                      22.000000
                -287374.159369                    3300.000000                   1.000000e+30                   5.000000e+10                      22.000000
                -281626.476182                    3300.000000                   1.000000e+30                   5.000000e+10                      22.000000
                -275878.792994                    3300.000000                   1.000000e+30                   5.000000e+10                      22.000000
                -270131.109807                    3300.000000                   1.000000e+30                   5.000000e+10                      22.000000
                -264383.426619                    3300.000000                   1.000000e+30                   5.000000e+10                      22.000000
                -258635.743432                    3300.000000                   1.000000e+30                   5.000000e+10                      22.000000
                -252888.060245                    3300.000000                   1.000000e+30                   5.000000e+10                      22.000000
                -247140.377057                    3300.000000                   1.000000e+30                   5.000000e+10                      22.000000
                -241392.693870                    3300.000000                   1.000000e+30                   5.000000e+10                      22.000000
                -235645.010683                    3300.000000                   1.000000e+30                   5.000000e+10                      22.000000
                -229897.327495                    3300.000000                   1.000000e+30                   5.000000e+10                      22.000000
                -224149.644308                    3300.000000                   1.000000e+30                   5.000000e+10                      22.000000
                -218401.961120                    3300.000000                   1.000000e+30                   5.000000e+10                      22.000000
                -212654.277933                    3300.000000                   1.000000e+30                   5.000000e+10                      22.000000
                -206906.594746                    3300.000000                   1.000000e+30                   5.000000e+10                      22.000000
                -201158.911558                    3300.000000                   1.000000e+30                   5.000000e+10                      22.000000
                -195411.228371                    3300.000000                   1.000000e+30                   5.000000e+10                      22.000000
                -189663.545184                    3300.000000                   1.000000e+30                   5.000000e+10                      22.000000
                -183915.861996                    3300.000000                   1.000000e+30                   5.000000e+10                      22.000000
                -178168.178809                    3300.000000                   1.000000e+30                   5.000000e+10                      22.000000
                -172420.495621                    3300.000000                   1.000000e+30                   5.000000e+10                      22.000000
                -166672.812434                    3300.000000                   1.000000e+30                   5.000000e+10                      22.000000
                -160925.129247                    3300.000000                   1.000000e+30                   5.000000e+10                      22.000000
                -155177.446059                    3300.000000                   1.000000e+30                   5.000000e+10                      22.000000
                -149429.762872                    3300.000000                   1.000000e+30                   5.000000e+10                      22.000000
                -143682.079685                    3300.000000                   1.000000e+30                   5.000000e+10                      22.000000
                -137934.396497                    3300.000000                   1.000000e+30                   5.000000e+10                      22.000000
                -132186.713310                    3300.000000                   1.000000e+30                   5.000000e+10                      22.000000
                -126439.030122                    3300.000000                   1.000000e+30                   5.000000e+10                      22.000000
                -120691.346935                    3300.000000                   1.000000e+30                   5.000000e+10                      22.000000
                -114943.663748                    3300.000000                   1.000000e+30                   5.000000e+10                      22.000000
                -109195.980560                    3300.000000                   1.000000e+30                   5.000000e+10                      22.000000
                -103448.297373                    3300.000000                   1.000000e+30                   5.000000e+10                      22.000000
                 -97700.614185                    3300.000000                   1.000000e+30                   5.000000e+10                      22.000000
                 -91952.930998                    3300.000000                   1.000000e+30                   5.000000e+10                      22.000000
                 -86205.247811                    3300.000000                   1.000000e+30                   5.000000e+10                      22.000000
                 -80457.564623                    3300.000000                   1.000000e+30                   5.000000e+10                      22.000000
                 -74709.881436                    3300.000000                   1.000000e+30                   5.000000e+10                      22.000000
                 -68962.198249                    3300.000000                   1.000000e+30                   5.000000e+10                      22.000000
                 -63214.515061                    3300.000000                   1.000000e+30                   5.000000e+10                      22.000000
                 -57466.831874                    3300.000000                   1.000000e+30                   5.000000e+10                      22.000000
                 -51719.148686                    3300.000000                   1.000000e+30                   5.000000e+10                      22.000000
                 -45971.465499                    3300.000000                   1.000000e+30                   5.000000e+10                      22.000000
                 -40223.782312                    3300.000000                   1.000000e+30                   5.000000e+10                      22.000000
                 -34476.099124                    3300.000000                   1.000000e+30                   5.000000e+10                      22.000000
                 -28728.415937                    3300.000000                   1.000000e+30                   5.000000e+10                      22.000000
                 -22980.732750                    3300.000000                   1.000000e+30                   5.000000e+10                      22.000000
                 -17233.049562                    3300.000000                   1.000000e+30                   5.000000e+10                      22.000000
                 -11485.366375                    3300.000000                   1.000000e+30                   5.000000e+10                      22.000000
                  -5737.683187                    3300.000000                   1.000000e+30                   5.000000e+10                      22.000000
                     10.000000                    3300.000000                   1.000000e+30                   5.000000e+10                      22.000000
