                   #Radius (m)               Density (kg/m^3)              Bulk modulus (Pa)             Shear modulus (Pa)               Viscosity (Pa.s)
                2575000.000000                     930.000000                   1.000000e+30                   3.500000e+09                      24.000000
                2574999.710145                     930.000000                   1.000000e+30                   3.500000e+09                      24.000000
                2574999.420290                     930.000000                   1.000000e+30                   3.500000e+09                      24.000000
                2574999.130435                     930.000000                   1.000000e+30                   3.500000e+09                      24.000000
                2574998.840580                     930.000000                   1.000000e+30                   3.500000e+09                      24.000000
                2574998.550725                     930.000000                   1.000000e+30                   3.500000e+09                      24.000000
                2574998.260870                     930.000000                   1.000000e+30                   3.500000e+09                      24.000000
                2574997.971014                     930.000000                   1.000000e+30                   3.500000e+09                      24.000000
                2574997.681159                     930.000000                   1.000000e+30                   3.500000e+09                      24.000000
                2574997.391304                     930.000000                   1.000000e+30                   3.500000e+09                      24.000000
                2574997.101449                     930.000000                   1.000000e+30                   3.500000e+09                      24.000000
                2574996.811594                     930.000000                   1.000000e+30                   3.500000e+09                      24.000000
                2574996.521739                     930.000000                   1.000000e+30                   3.500000e+09                      24.000000
                2574996.231884                     930.000000                   1.000000e+30                   3.500000e+09                      24.000000
                2574995.942029                     930.000000                   1.000000e+30                   3.500000e+09                      24.000000
                2574995.652174                     930.000000                   1.000000e+30                   3.500000e+09                      24.000000
                2574995.362319                     930.000000                   1.000000e+30                   3.500000e+09                      24.000000
                2574995.072464                     930.000000                   1.000000e+30                   3.500000e+09                      24.000000
                2574994.782609                     930.000000                   1.000000e+30                   3.500000e+09                      24.000000
                2574994.492754                     930.000000                   1.000000e+30                   3.500000e+09                      24.000000
                2574994.202899                     930.000000                   1.000000e+30                   3.500000e+09                      24.000000
                2574993.913043                     930.000000                   1.000000e+30                   3.500000e+09                      24.000000
                2574993.623188                     930.000000                   1.000000e+30                   3.500000e+09                      24.000000
                2574993.333333                     930.000000                   1.000000e+30                   3.500000e+09                      24.000000
                2574993.043478                     930.000000                   1.000000e+30                   3.500000e+09                      24.000000
                2574992.753623                     930.000000                   1.000000e+30                   3.500000e+09                      24.000000
                2574992.463768                     930.000000                   1.000000e+30                   3.500000e+09                      24.000000
                2574992.173913                     930.000000                   1.000000e+30                   3.500000e+09                      24.000000
                2574991.884058                     930.000000                   1.000000e+30                   3.500000e+09                      24.000000
                2574991.594203                     930.000000                   1.000000e+30                   3.500000e+09                      24.000000
                2574991.304348                     930.000000                   1.000000e+30                   3.500000e+09                      24.000000
                2574991.014493                     930.000000                   1.000000e+30                   3.500000e+09                      24.000000
                2574990.724638                     930.000000                   1.000000e+30                   3.500000e+09                      24.000000
                2574990.434783                     930.000000                   1.000000e+30                   3.500000e+09                      24.000000
                2574990.144928                     930.000000                   1.000000e+30                   3.500000e+09                      24.000000
                2574989.855072                     930.000000                   1.000000e+30                   3.500000e+09                      24.000000
                2574989.565217                     930.000000                   1.000000e+30                   3.500000e+09                      24.000000
                2574989.275362                     930.000000                   1.000000e+30                   3.500000e+09                      24.000000
                2574988.985507                     930.000000                   1.000000e+30                   3.500000e+09                      24.000000
                2574988.695652                     930.000000                   1.000000e+30                   3.500000e+09                      24.000000
                2574988.405797                     930.000000                   1.000000e+30                   3.500000e+09                      24.000000
                2574988.115942                     930.000000                   1.000000e+30                   3.500000e+09                      24.000000
                2574987.826087                     930.000000                   1.000000e+30                   3.500000e+09                      24.000000
                2574987.536232                     930.000000                   1.000000e+30                   3.500000e+09                      24.000000
                2574987.246377                     930.000000                   1.000000e+30                   3.500000e+09                      24.000000
                2574986.956522                     930.000000                   1.000000e+30                   3.500000e+09                      24.000000
                2574986.666667                     930.000000                   1.000000e+30                   3.500000e+09                      24.000000
                2574986.376812                     930.000000                   1.000000e+30                   3.500000e+09                      24.000000
                2574986.086957                     930.000000                   1.000000e+30                   3.500000e+09                      24.000000
                2574985.797101                     930.000000                   1.000000e+30                   3.500000e+09                      24.000000
                2574985.507246                     930.000000                   1.000000e+30                   3.500000e+09                      24.000000
                2574985.217391                     930.000000                   1.000000e+30                   3.500000e+09                      24.000000
                2574984.927536                     930.000000                   1.000000e+30                   3.500000e+09                      24.000000
                2574984.637681                     930.000000                   1.000000e+30                   3.500000e+09                      24.000000
                2574984.347826                     930.000000                   1.000000e+30                   3.500000e+09                      24.000000
                2574984.057971                     930.000000                   1.000000e+30                   3.500000e+09                      24.000000
                2574983.768116                     930.000000                   1.000000e+30                   3.500000e+09                      24.000000
                2574983.478261                     930.000000                   1.000000e+30                   3.500000e+09                      24.000000
                2574983.188406                     930.000000                   1.000000e+30                   3.500000e+09                      24.000000
                2574982.898551                     930.000000                   1.000000e+30                   3.500000e+09                      24.000000
                2574982.608696                     930.000000                   1.000000e+30                   3.500000e+09                      24.000000
                2574982.318841                     930.000000                   1.000000e+30                   3.500000e+09                      24.000000
                2574982.028986                     930.000000                   1.000000e+30                   3.500000e+09                      24.000000
                2574981.739130                     930.000000                   1.000000e+30                   3.500000e+09                      24.000000
                2574981.449275                     930.000000                   1.000000e+30                   3.500000e+09                      24.000000
                2574981.159420                     930.000000                   1.000000e+30                   3.500000e+09                      24.000000
                2574980.869565                     930.000000                   1.000000e+30                   3.500000e+09                      24.000000
                2574980.579710                     930.000000                   1.000000e+30                   3.500000e+09                      24.000000
                2574980.289855                     930.000000                   1.000000e+30                   3.500000e+09                      24.000000
                2574980.000000                     930.000000                   1.000000e+30                   3.500000e+09                      24.000000
                2574980.000000                     930.000000                   1.000000e+30                   3.500000e+09                      15.000000
                2573685.581395                     930.000000                   1.000000e+30                   3.500000e+09                      15.000000
                2572391.162791                     930.000000                   1.000000e+30                   3.500000e+09                      15.000000
                2571096.744186                     930.000000                   1.000000e+30                   3.500000e+09                      15.000000
                2569802.325581                     930.000000                   1.000000e+30                   3.500000e+09                      15.000000
                2568507.906977                     930.000000                   1.000000e+30                   3.500000e+09                      15.000000
                2567213.488372                     930.000000                   1.000000e+30                   3.500000e+09                      15.000000
                2565919.069767                     930.000000                   1.000000e+30                   3.500000e+09                      15.000000
                2564624.651163                     930.000000                   1.000000e+30                   3.500000e+09                      15.000000
                2563330.232558                     930.000000                   1.000000e+30                   3.500000e+09                      15.000000
                2562035.813953                     930.000000                   1.000000e+30                   3.500000e+09                      15.000000
                2560741.395349                     930.000000                   1.000000e+30                   3.500000e+09                      15.000000
                2559446.976744                     930.000000                   1.000000e+30                   3.500000e+09                      15.000000
                2558152.558140                     930.000000                   1.000000e+30                   3.500000e+09                      15.000000
                2556858.139535                     930.000000                   1.000000e+30                   3.500000e+09                      15.000000
                2555563.720930                     930.000000                   1.000000e+30                   3.500000e+09                      15.000000
                2554269.302326                     930.000000                   1.000000e+30                   3.500000e+09                      15.000000
                2552974.883721                     930.000000                   1.000000e+30                   3.500000e+09                      15.000000
                2551680.465116                     930.000000                   1.000000e+30                   3.500000e+09                      15.000000
                2550386.046512                     930.000000                   1.000000e+30                   3.500000e+09                      15.000000
                2549091.627907                     930.000000                   1.000000e+30                   3.500000e+09                      15.000000
                2547797.209302                     930.000000                   1.000000e+30                   3.500000e+09                      15.000000
                2546502.790698                     930.000000                   1.000000e+30                   3.500000e+09                      15.000000
                2545208.372093                     930.000000                   1.000000e+30                   3.500000e+09                      15.000000
                2543913.953488                     930.000000                   1.000000e+30                   3.500000e+09                      15.000000
                2542619.534884                     930.000000                   1.000000e+30                   3.500000e+09                      15.000000
                2541325.116279                     930.000000                   1.000000e+30                   3.500000e+09                      15.000000
                2540030.697674                     930.000000                   1.000000e+30                   3.500000e+09                      15.000000
                2538736.279070                     930.000000                   1.000000e+30                   3.500000e+09                      15.000000
                2537441.860465                     930.000000                   1.000000e+30                   3.500000e+09                      15.000000
                2536147.441860                     930.000000                   1.000000e+30                   3.500000e+09                      15.000000
                2534853.023256                     930.000000                   1.000000e+30                   3.500000e+09                      15.000000
                2533558.604651                     930.000000                   1.000000e+30                   3.500000e+09                      15.000000
                2532264.186047                     930.000000                   1.000000e+30                   3.500000e+09                      15.000000
                2530969.767442                     930.000000                   1.000000e+30                   3.500000e+09                      15.000000
                2529675.348837                     930.000000                   1.000000e+30                   3.500000e+09                      15.000000
                2528380.930233                     930.000000                   1.000000e+30                   3.500000e+09                      15.000000
                2527086.511628                     930.000000                   1.000000e+30                   3.500000e+09                      15.000000
                2525792.093023                     930.000000                   1.000000e+30                   3.500000e+09                      15.000000
                2524497.674419                     930.000000                   1.000000e+30                   3.500000e+09                      15.000000
                2523203.255814                     930.000000                   1.000000e+30                   3.500000e+09                      15.000000
                2521908.837209                     930.000000                   1.000000e+30                   3.500000e+09                      15.000000
                2520614.418605                     930.000000                   1.000000e+30                   3.500000e+09                      15.000000
                2519320.000000                     930.000000                   1.000000e+30                   3.500000e+09                      15.000000
                2518025.581395                     930.000000                   1.000000e+30                   3.500000e+09                      15.000000
                2516731.162791                     930.000000                   1.000000e+30                   3.500000e+09                      15.000000
                2515436.744186                     930.000000                   1.000000e+30                   3.500000e+09                      15.000000
                2514142.325581                     930.000000                   1.000000e+30                   3.500000e+09                      15.000000
                2512847.906977                     930.000000                   1.000000e+30                   3.500000e+09                      15.000000
                2511553.488372                     930.000000                   1.000000e+30                   3.500000e+09                      15.000000
                2510259.069767                     930.000000                   1.000000e+30                   3.500000e+09                      15.000000
                2508964.651163                     930.000000                   1.000000e+30                   3.500000e+09                      15.000000
                2507670.232558                     930.000000                   1.000000e+30                   3.500000e+09                      15.000000
                2506375.813953                     930.000000                   1.000000e+30                   3.500000e+09                      15.000000
                2505081.395349                     930.000000                   1.000000e+30                   3.500000e+09                      15.000000
                2503786.976744                     930.000000                   1.000000e+30                   3.500000e+09                      15.000000
                2502492.558140                     930.000000                   1.000000e+30                   3.500000e+09                      15.000000
                2501198.139535                     930.000000                   1.000000e+30                   3.500000e+09                      15.000000
                2499903.720930                     930.000000                   1.000000e+30                   3.500000e+09                      15.000000
                2498609.302326                     930.000000                   1.000000e+30                   3.500000e+09                      15.000000
                2497314.883721                     930.000000                   1.000000e+30                   3.500000e+09                      15.000000
                2496020.465116                     930.000000                   1.000000e+30                   3.500000e+09                      15.000000
                2494726.046512                     930.000000                   1.000000e+30                   3.500000e+09                      15.000000
                2493431.627907                     930.000000                   1.000000e+30                   3.500000e+09                      15.000000
                2492137.209302                     930.000000                   1.000000e+30                   3.500000e+09                      15.000000
                2490842.790698                     930.000000                   1.000000e+30                   3.500000e+09                      15.000000
                2489548.372093                     930.000000                   1.000000e+30                   3.500000e+09                      15.000000
                2488253.953488                     930.000000                   1.000000e+30                   3.500000e+09                      15.000000
                2486959.534884                     930.000000                   1.000000e+30                   3.500000e+09                      15.000000
                2485665.116279                     930.000000                   1.000000e+30                   3.500000e+09                      15.000000
                2484370.697674                     930.000000                   1.000000e+30                   3.500000e+09                      15.000000
                2483076.279070                     930.000000                   1.000000e+30                   3.500000e+09                      15.000000
                2481781.860465                     930.000000                   1.000000e+30                   3.500000e+09                      15.000000
                2480487.441860                     930.000000                   1.000000e+30                   3.500000e+09                      15.000000
                2479193.023256                     930.000000                   1.000000e+30                   3.500000e+09                      15.000000
                2477898.604651                     930.000000                   1.000000e+30                   3.500000e+09                      15.000000
                2476604.186047                     930.000000                   1.000000e+30                   3.500000e+09                      15.000000
                2475309.767442                     930.000000                   1.000000e+30                   3.500000e+09                      15.000000
                2474015.348837                     930.000000                   1.000000e+30                   3.500000e+09                      15.000000
                2472720.930233                     930.000000                   1.000000e+30                   3.500000e+09                      15.000000
                2471426.511628                     930.000000                   1.000000e+30                   3.500000e+09                      15.000000
                2470132.093023                     930.000000                   1.000000e+30                   3.500000e+09                      15.000000
                2468837.674419                     930.000000                   1.000000e+30                   3.500000e+09                      15.000000
                2467543.255814                     930.000000                   1.000000e+30                   3.500000e+09                      15.000000
                2466248.837209                     930.000000                   1.000000e+30                   3.500000e+09                      15.000000
                2464954.418605                     930.000000                   1.000000e+30                   3.500000e+09                      15.000000
                2463660.000000                     930.000000                   1.000000e+30                   3.500000e+09                      15.000000
                2462365.581395                     930.000000                   1.000000e+30                   3.500000e+09                      15.000000
                2461071.162791                     930.000000                   1.000000e+30                   3.500000e+09                      15.000000
                2459776.744186                     930.000000                   1.000000e+30                   3.500000e+09                      15.000000
                2458482.325581                     930.000000                   1.000000e+30                   3.500000e+09                      15.000000
                2457187.906977                     930.000000                   1.000000e+30                   3.500000e+09                      15.000000
                2455893.488372                     930.000000                   1.000000e+30                   3.500000e+09                      15.000000
                2454599.069767                     930.000000                   1.000000e+30                   3.500000e+09                      15.000000
                2453304.651163                     930.000000                   1.000000e+30                   3.500000e+09                      15.000000
                2452010.232558                     930.000000                   1.000000e+30                   3.500000e+09                      15.000000
                2450715.813953                     930.000000                   1.000000e+30                   3.500000e+09                      15.000000
                2449421.395349                     930.000000                   1.000000e+30                   3.500000e+09                      15.000000
                2448126.976744                     930.000000                   1.000000e+30                   3.500000e+09                      15.000000
                2446832.558140                     930.000000                   1.000000e+30                   3.500000e+09                      15.000000
                2445538.139535                     930.000000                   1.000000e+30                   3.500000e+09                      15.000000
                2444243.720930                     930.000000                   1.000000e+30                   3.500000e+09                      15.000000
                2442949.302326                     930.000000                   1.000000e+30                   3.500000e+09                      15.000000
                2441654.883721                     930.000000                   1.000000e+30                   3.500000e+09                      15.000000
                2440360.465116                     930.000000                   1.000000e+30                   3.500000e+09                      15.000000
                2439066.046512                     930.000000                   1.000000e+30                   3.500000e+09                      15.000000
                2437771.627907                     930.000000                   1.000000e+30                   3.500000e+09                      15.000000
                2436477.209302                     930.000000                   1.000000e+30                   3.500000e+09                      15.000000
                2435182.790698                     930.000000                   1.000000e+30                   3.500000e+09                      15.000000
                2433888.372093                     930.000000                   1.000000e+30                   3.500000e+09                      15.000000
                2432593.953488                     930.000000                   1.000000e+30                   3.500000e+09                      15.000000
                2431299.534884                     930.000000                   1.000000e+30                   3.500000e+09                      15.000000
                2430005.116279                     930.000000                   1.000000e+30                   3.500000e+09                      15.000000
                2428710.697674                     930.000000                   1.000000e+30                   3.500000e+09                      15.000000
                2427416.279070                     930.000000                   1.000000e+30                   3.500000e+09                      15.000000
                2426121.860465                     930.000000                   1.000000e+30                   3.500000e+09                      15.000000
                2424827.441860                     930.000000                   1.000000e+30                   3.500000e+09                      15.000000
                2423533.023256                     930.000000                   1.000000e+30                   3.500000e+09                      15.000000
                2422238.604651                     930.000000                   1.000000e+30                   3.500000e+09                      15.000000
                2420944.186047                     930.000000                   1.000000e+30                   3.500000e+09                      15.000000
                2419649.767442                     930.000000                   1.000000e+30                   3.500000e+09                      15.000000
                2418355.348837                     930.000000                   1.000000e+30                   3.500000e+09                      15.000000
                2417060.930233                     930.000000                   1.000000e+30                   3.500000e+09                      15.000000
                2415766.511628                     930.000000                   1.000000e+30                   3.500000e+09                      15.000000
                2414472.093023                     930.000000                   1.000000e+30                   3.500000e+09                      15.000000
                2413177.674419                     930.000000                   1.000000e+30                   3.500000e+09                      15.000000
                2411883.255814                     930.000000                   1.000000e+30                   3.500000e+09                      15.000000
                2410588.837209                     930.000000                   1.000000e+30                   3.500000e+09                      15.000000
                2409294.418605                     930.000000                   1.000000e+30                   3.500000e+09                      15.000000
                2408000.000000                     930.000000                   1.000000e+30                   3.500000e+09                      15.000000
                2408000.000000                    1100.000000                   1.000000e+30                   0.000000e+00                       2.000000
                2407996.295179                    1100.000000                   1.000000e+30                   0.000000e+00                       2.000000
                2407989.710866                    1100.000000                   1.000000e+30                   0.000000e+00                       2.000000
                2407979.839277                    1100.000000                   1.000000e+30                   0.000000e+00                       2.000000
                2407966.686267                    1100.000000                   1.000000e+30                   0.000000e+00                       2.000000
                2407950.259636                    1100.000000                   1.000000e+30                   0.000000e+00                       2.000000
                2407930.569128                    1100.000000                   1.000000e+30                   0.000000e+00                       2.000000
                2407907.626418                    1100.000000                   1.000000e+30                   0.000000e+00                       2.000000
                2407881.445114                    1100.000000                   1.000000e+30                   0.000000e+00                       2.000000
                2407852.040743                    1100.000000                   1.000000e+30                   0.000000e+00                       2.000000
                2407819.430743                    1100.000000                   1.000000e+30                   0.000000e+00                       2.000000
                2407783.634454                    1100.000000                   1.000000e+30                   0.000000e+00                       2.000000
                2407744.673106                    1100.000000                   1.000000e+30                   0.000000e+00                       2.000000
                2407702.569804                    1100.000000                   1.000000e+30                   0.000000e+00                       2.000000
                2407657.349519                    1100.000000                   1.000000e+30                   0.000000e+00                       2.000000
                2407609.039069                    1100.000000                   1.000000e+30                   0.000000e+00                       2.000000
                2407557.667105                    1100.000000                   1.000000e+30                   0.000000e+00                       2.000000
                2407503.264093                    1100.000000                   1.000000e+30                   0.000000e+00                       2.000000
                2407445.862298                    1100.000000                   1.000000e+30                   0.000000e+00                       2.000000
                2407385.495763                    1100.000000                   1.000000e+30                   0.000000e+00                       2.000000
                2407322.200288                    1100.000000                   1.000000e+30                   0.000000e+00                       2.000000
                2407256.013413                    1100.000000                   1.000000e+30                   0.000000e+00                       2.000000
                2407186.974388                    1100.000000                   1.000000e+30                   0.000000e+00                       2.000000
                2407115.124159                    1100.000000                   1.000000e+30                   0.000000e+00                       2.000000
                2407040.505338                    1100.000000                   1.000000e+30                   0.000000e+00                       2.000000
                2406963.162177                    1100.000000                   1.000000e+30                   0.000000e+00                       2.000000
                2406883.140546                    1100.000000                   1.000000e+30                   0.000000e+00                       2.000000
                2406800.487903                    1100.000000                   1.000000e+30                   0.000000e+00                       2.000000
                2406715.253266                    1100.000000                   1.000000e+30                   0.000000e+00                       2.000000
                2406627.487183                    1100.000000                   1.000000e+30                   0.000000e+00                       2.000000
                2406537.241705                    1100.000000                   1.000000e+30                   0.000000e+00                       2.000000
                2406444.570354                    1100.000000                   1.000000e+30                   0.000000e+00                       2.000000
                2406349.528089                    1100.000000                   1.000000e+30                   0.000000e+00                       2.000000
                2406252.171276                    1100.000000                   1.000000e+30                   0.000000e+00                       2.000000
                2406152.557654                    1100.000000                   1.000000e+30                   0.000000e+00                       2.000000
                2406050.746298                    1100.000000                   1.000000e+30                   0.000000e+00                       2.000000
                2405946.797591                    1100.000000                   1.000000e+30                   0.000000e+00                       2.000000
                2405840.773178                    1100.000000                   1.000000e+30                   0.000000e+00                       2.000000
                2405732.735940                    1100.000000                   1.000000e+30                   0.000000e+00                       2.000000
                2405622.749949                    1100.000000                   1.000000e+30                   0.000000e+00                       2.000000
                2405510.880433                    1100.000000                   1.000000e+30                   0.000000e+00                       2.000000
                2405397.193737                    1100.000000                   1.000000e+30                   0.000000e+00                       2.000000
                2405281.757285                    1100.000000                   1.000000e+30                   0.000000e+00                       2.000000
                2405164.639538                    1100.000000                   1.000000e+30                   0.000000e+00                       2.000000
                2405045.909953                    1100.000000                   1.000000e+30                   0.000000e+00                       2.000000
                2404925.638944                    1100.000000                   1.000000e+30                   0.000000e+00                       2.000000
                2404803.897838                    1100.000000                   1.000000e+30                   0.000000e+00                       2.000000
                2404680.758837                    1100.000000                   1.000000e+30                   0.000000e+00                       2.000000
                2404556.294969                    1100.000000                   1.000000e+30                   0.000000e+00                       2.000000
                2404430.580048                    1100.000000                   1.000000e+30                   0.000000e+00                       2.000000
                2404303.688630                    1100.000000                   1.000000e+30                   0.000000e+00                       2.000000
                2404175.695971                    1100.000000                   1.000000e+30                   0.000000e+00                       2.000000
                2404046.677977                    1100.000000                   1.000000e+30                   0.000000e+00                       2.000000
                2403916.711164                    1100.000000                   1.000000e+30                   0.000000e+00                       2.000000
                2403785.872611                    1100.000000                   1.000000e+30                   0.000000e+00                       2.000000
                2403654.239911                    1100.000000                   1.000000e+30                   0.000000e+00                       2.000000
                2403521.891132                    1100.000000                   1.000000e+30                   0.000000e+00                       2.000000
                2403388.904764                    1100.000000                   1.000000e+30                   0.000000e+00                       2.000000
                2403255.359676                    1100.000000                   1.000000e+30                   0.000000e+00                       2.000000
                2403121.335069                    1100.000000                   1.000000e+30                   0.000000e+00                       2.000000
                2402986.910426                    1100.000000                   1.000000e+30                   0.000000e+00                       2.000000
                2402852.165471                    1100.000000                   1.000000e+30                   0.000000e+00                       2.000000
                2402717.180114                    1100.000000                   1.000000e+30                   0.000000e+00                       2.000000
                2402582.034411                    1100.000000                   1.000000e+30                   0.000000e+00                       2.000000
                2402446.808511                    1100.000000                   1.000000e+30                   0.000000e+00                       2.000000
                2402311.582610                    1100.000000                   1.000000e+30                   0.000000e+00                       2.000000
                2402176.436907                    1100.000000                   1.000000e+30                   0.000000e+00                       2.000000
                2402041.451551                    1100.000000                   1.000000e+30                   0.000000e+00                       2.000000
                2401906.706595                    1100.000000                   1.000000e+30                   0.000000e+00                       2.000000
                2401772.281953                    1100.000000                   1.000000e+30                   0.000000e+00                       2.000000
                2401638.257345                    1100.000000                   1.000000e+30                   0.000000e+00                       2.000000
                2401504.712257                    1100.000000                   1.000000e+30                   0.000000e+00                       2.000000
                2401371.725889                    1100.000000                   1.000000e+30                   0.000000e+00                       2.000000
                2401239.377110                    1100.000000                   1.000000e+30                   0.000000e+00                       2.000000
                2401107.744411                    1100.000000                   1.000000e+30                   0.000000e+00                       2.000000
                2400976.905857                    1100.000000                   1.000000e+30                   0.000000e+00                       2.000000
                2400846.939044                    1100.000000                   1.000000e+30                   0.000000e+00                       2.000000
                2400717.921050                    1100.000000                   1.000000e+30                   0.000000e+00                       2.000000
                2400589.928391                    1100.000000                   1.000000e+30                   0.000000e+00                       2.000000
                2400463.036974                    1100.000000                   1.000000e+30                   0.000000e+00                       2.000000
                2400337.322052                    1100.000000                   1.000000e+30                   0.000000e+00                       2.000000
                2400212.858184                    1100.000000                   1.000000e+30                   0.000000e+00                       2.000000
                2400089.719183                    1100.000000                   1.000000e+30                   0.000000e+00                       2.000000
                2399967.978078                    1100.000000                   1.000000e+30                   0.000000e+00                       2.000000
                2399847.707069                    1100.000000                   1.000000e+30                   0.000000e+00                       2.000000
                2399728.977483                    1100.000000                   1.000000e+30                   0.000000e+00                       2.000000
                2399611.859736                    1100.000000                   1.000000e+30                   0.000000e+00                       2.000000
                2399496.423284                    1100.000000                   1.000000e+30                   0.000000e+00                       2.000000
                2399382.736588                    1100.000000                   1.000000e+30                   0.000000e+00                       2.000000
                2399270.867072                    1100.000000                   1.000000e+30                   0.000000e+00                       2.000000
                2399160.881081                    1100.000000                   1.000000e+30                   0.000000e+00                       2.000000
                2399052.843843                    1100.000000                   1.000000e+30                   0.000000e+00                       2.000000
                2398946.819431                    1100.000000                   1.000000e+30                   0.000000e+00                       2.000000
                2398842.870723                    1100.000000                   1.000000e+30                   0.000000e+00                       2.000000
                2398741.059367                    1100.000000                   1.000000e+30                   0.000000e+00                       2.000000
                2398641.445745                    1100.000000                   1.000000e+30                   0.000000e+00                       2.000000
                2398544.088932                    1100.000000                   1.000000e+30                   0.000000e+00                       2.000000
                2398449.046667                    1100.000000                   1.000000e+30                   0.000000e+00                       2.000000
                2398356.375316                    1100.000000                   1.000000e+30                   0.000000e+00                       2.000000
                2398266.129839                    1100.000000                   1.000000e+30                   0.000000e+00                       2.000000
                2398178.363756                    1100.000000                   1.000000e+30                   0.000000e+00                       2.000000
                2398093.129118                    1100.000000                   1.000000e+30                   0.000000e+00                       2.000000
                2398010.476475                    1100.000000                   1.000000e+30                   0.000000e+00                       2.000000
                2397930.454844                    1100.000000                   1.000000e+30                   0.000000e+00                       2.000000
                2397853.111683                    1100.000000                   1.000000e+30                   0.000000e+00                       2.000000
                2397778.492862                    1100.000000                   1.000000e+30                   0.000000e+00                       2.000000
                2397706.642633                    1100.000000                   1.000000e+30                   0.000000e+00                       2.000000
                2397637.603609                    1100.000000                   1.000000e+30                   0.000000e+00                       2.000000
                2397571.416733                    1100.000000                   1.000000e+30                   0.000000e+00                       2.000000
                2397508.121258                    1100.000000                   1.000000e+30                   0.000000e+00                       2.000000
                2397447.754723                    1100.000000                   1.000000e+30                   0.000000e+00                       2.000000
                2397390.352928                    1100.000000                   1.000000e+30                   0.000000e+00                       2.000000
                2397335.949917                    1100.000000                   1.000000e+30                   0.000000e+00                       2.000000
                2397284.577953                    1100.000000                   1.000000e+30                   0.000000e+00                       2.000000
                2397236.267502                    1100.000000                   1.000000e+30                   0.000000e+00                       2.000000
                2397191.047217                    1100.000000                   1.000000e+30                   0.000000e+00                       2.000000
                2397148.943915                    1100.000000                   1.000000e+30                   0.000000e+00                       2.000000
                2397109.982567                    1100.000000                   1.000000e+30                   0.000000e+00                       2.000000
                2397074.186278                    1100.000000                   1.000000e+30                   0.000000e+00                       2.000000
                2397041.576278                    1100.000000                   1.000000e+30                   0.000000e+00                       2.000000
                2397012.171907                    1100.000000                   1.000000e+30                   0.000000e+00                       2.000000
                2396985.990603                    1100.000000                   1.000000e+30                   0.000000e+00                       2.000000
                2396963.047894                    1100.000000                   1.000000e+30                   0.000000e+00                       2.000000
                2396943.357385                    1100.000000                   1.000000e+30                   0.000000e+00                       2.000000
                2396926.930755                    1100.000000                   1.000000e+30                   0.000000e+00                       2.000000
                2396913.777745                    1100.000000                   1.000000e+30                   0.000000e+00                       2.000000
                2396903.906156                    1100.000000                   1.000000e+30                   0.000000e+00                       2.000000
                2396897.321842                    1100.000000                   1.000000e+30                   0.000000e+00                       2.000000
                2396894.028709                    1100.000000                   1.000000e+30                   0.000000e+00                       2.000000
                2396893.617021                    1100.000000                   1.000000e+30                   0.000000e+00                       2.000000
                2396893.617021                    1250.000000                   1.000000e+30                   6.000000e+09                      15.000000
                2393816.922316                    1250.000000                   1.000000e+30                   6.000000e+09                      15.000000
                2390740.227610                    1250.000000                   1.000000e+30                   6.000000e+09                      15.000000
                2387663.532905                    1250.000000                   1.000000e+30                   6.000000e+09                      15.000000
                2384586.838199                    1250.000000                   1.000000e+30                   6.000000e+09                      15.000000
                2381510.143493                    1250.000000                   1.000000e+30                   6.000000e+09                      15.000000
                2378433.448788                    1250.000000                   1.000000e+30                   6.000000e+09                      15.000000
                2375356.754082                    1250.000000                   1.000000e+30                   6.000000e+09                      15.000000
                2372280.059377                    1250.000000                   1.000000e+30                   6.000000e+09                      15.000000
                2369203.364671                    1250.000000                   1.000000e+30                   6.000000e+09                      15.000000
                2366126.669965                    1250.000000                   1.000000e+30                   6.000000e+09                      15.000000
                2363049.975260                    1250.000000                   1.000000e+30                   6.000000e+09                      15.000000
                2359973.280554                    1250.000000                   1.000000e+30                   6.000000e+09                      15.000000
                2356896.585849                    1250.000000                   1.000000e+30                   6.000000e+09                      15.000000
                2353819.891143                    1250.000000                   1.000000e+30                   6.000000e+09                      15.000000
                2350743.196437                    1250.000000                   1.000000e+30                   6.000000e+09                      15.000000
                2347666.501732                    1250.000000                   1.000000e+30                   6.000000e+09                      15.000000
                2344589.807026                    1250.000000                   1.000000e+30                   6.000000e+09                      15.000000
                2341513.112321                    1250.000000                   1.000000e+30                   6.000000e+09                      15.000000
                2338436.417615                    1250.000000                   1.000000e+30                   6.000000e+09                      15.000000
                2335359.722909                    1250.000000                   1.000000e+30                   6.000000e+09                      15.000000
                2332283.028204                    1250.000000                   1.000000e+30                   6.000000e+09                      15.000000
                2329206.333498                    1250.000000                   1.000000e+30                   6.000000e+09                      15.000000
                2326129.638793                    1250.000000                   1.000000e+30                   6.000000e+09                      15.000000
                2323052.944087                    1250.000000                   1.000000e+30                   6.000000e+09                      15.000000
                2319976.249381                    1250.000000                   1.000000e+30                   6.000000e+09                      15.000000
                2316899.554676                    1250.000000                   1.000000e+30                   6.000000e+09                      15.000000
                2313822.859970                    1250.000000                   1.000000e+30                   6.000000e+09                      15.000000
                2310746.165265                    1250.000000                   1.000000e+30                   6.000000e+09                      15.000000
                2307669.470559                    1250.000000                   1.000000e+30                   6.000000e+09                      15.000000
                2304592.775854                    1250.000000                   1.000000e+30                   6.000000e+09                      15.000000
                2301516.081148                    1250.000000                   1.000000e+30                   6.000000e+09                      15.000000
                2298439.386442                    1250.000000                   1.000000e+30                   6.000000e+09                      15.000000
                2295362.691737                    1250.000000                   1.000000e+30                   6.000000e+09                      15.000000
                2292285.997031                    1250.000000                   1.000000e+30                   6.000000e+09                      15.000000
                2289209.302326                    1250.000000                   1.000000e+30                   6.000000e+09                      15.000000
                2286132.607620                    1250.000000                   1.000000e+30                   6.000000e+09                      15.000000
                2283055.912914                    1250.000000                   1.000000e+30                   6.000000e+09                      15.000000
                2279979.218209                    1250.000000                   1.000000e+30                   6.000000e+09                      15.000000
                2276902.523503                    1250.000000                   1.000000e+30                   6.000000e+09                      15.000000
                2273825.828798                    1250.000000                   1.000000e+30                   6.000000e+09                      15.000000
                2270749.134092                    1250.000000                   1.000000e+30                   6.000000e+09                      15.000000
                2267672.439386                    1250.000000                   1.000000e+30                   6.000000e+09                      15.000000
                2264595.744681                    1250.000000                   1.000000e+30                   6.000000e+09                      15.000000
                2261519.049975                    1250.000000                   1.000000e+30                   6.000000e+09                      15.000000
                2258442.355270                    1250.000000                   1.000000e+30                   6.000000e+09                      15.000000
                2255365.660564                    1250.000000                   1.000000e+30                   6.000000e+09                      15.000000
                2252288.965858                    1250.000000                   1.000000e+30                   6.000000e+09                      15.000000
                2249212.271153                    1250.000000                   1.000000e+30                   6.000000e+09                      15.000000
                2246135.576447                    1250.000000                   1.000000e+30                   6.000000e+09                      15.000000
                2243058.881742                    1250.000000                   1.000000e+30                   6.000000e+09                      15.000000
                2239982.187036                    1250.000000                   1.000000e+30                   6.000000e+09                      15.000000
                2236905.492331                    1250.000000                   1.000000e+30                   6.000000e+09                      15.000000
                2233828.797625                    1250.000000                   1.000000e+30                   6.000000e+09                      15.000000
                2230752.102919                    1250.000000                   1.000000e+30                   6.000000e+09                      15.000000
                2227675.408214                    1250.000000                   1.000000e+30                   6.000000e+09                      15.000000
                2224598.713508                    1250.000000                   1.000000e+30                   6.000000e+09                      15.000000
                2221522.018803                    1250.000000                   1.000000e+30                   6.000000e+09                      15.000000
                2218445.324097                    1250.000000                   1.000000e+30                   6.000000e+09                      15.000000
                2215368.629391                    1250.000000                   1.000000e+30                   6.000000e+09                      15.000000
                2212291.934686                    1250.000000                   1.000000e+30                   6.000000e+09                      15.000000
                2209215.239980                    1250.000000                   1.000000e+30                   6.000000e+09                      15.000000
                2206138.545275                    1250.000000                   1.000000e+30                   6.000000e+09                      15.000000
                2203061.850569                    1250.000000                   1.000000e+30                   6.000000e+09                      15.000000
                2199985.155863                    1250.000000                   1.000000e+30                   6.000000e+09                      15.000000
                2196908.461158                    1250.000000                   1.000000e+30                   6.000000e+09                      15.000000
                2193831.766452                    1250.000000                   1.000000e+30                   6.000000e+09                      15.000000
                2190755.071747                    1250.000000                   1.000000e+30                   6.000000e+09                      15.000000
                2187678.377041                    1250.000000                   1.000000e+30                   6.000000e+09                      15.000000
                2184601.682335                    1250.000000                   1.000000e+30                   6.000000e+09                      15.000000
                2181524.987630                    1250.000000                   1.000000e+30                   6.000000e+09                      15.000000
                2178448.292924                    1250.000000                   1.000000e+30                   6.000000e+09                      15.000000
                2175371.598219                    1250.000000                   1.000000e+30                   6.000000e+09                      15.000000
                2172294.903513                    1250.000000                   1.000000e+30                   6.000000e+09                      15.000000
                2169218.208808                    1250.000000                   1.000000e+30                   6.000000e+09                      15.000000
                2166141.514102                    1250.000000                   1.000000e+30                   6.000000e+09                      15.000000
                2163064.819396                    1250.000000                   1.000000e+30                   6.000000e+09                      15.000000
                2159988.124691                    1250.000000                   1.000000e+30                   6.000000e+09                      15.000000
                2156911.429985                    1250.000000                   1.000000e+30                   6.000000e+09                      15.000000
                2153834.735280                    1250.000000                   1.000000e+30                   6.000000e+09                      15.000000
                2150758.040574                    1250.000000                   1.000000e+30                   6.000000e+09                      15.000000
                2147681.345868                    1250.000000                   1.000000e+30                   6.000000e+09                      15.000000
                2144604.651163                    1250.000000                   1.000000e+30                   6.000000e+09                      15.000000
                2141527.956457                    1250.000000                   1.000000e+30                   6.000000e+09                      15.000000
                2138451.261752                    1250.000000                   1.000000e+30                   6.000000e+09                      15.000000
                2135374.567046                    1250.000000                   1.000000e+30                   6.000000e+09                      15.000000
                2132297.872340                    1250.000000                   1.000000e+30                   6.000000e+09                      15.000000
                2129221.177635                    1250.000000                   1.000000e+30                   6.000000e+09                      15.000000
                2126144.482929                    1250.000000                   1.000000e+30                   6.000000e+09                      15.000000
                2123067.788224                    1250.000000                   1.000000e+30                   6.000000e+09                      15.000000
                2119991.093518                    1250.000000                   1.000000e+30                   6.000000e+09                      15.000000
                2116914.398812                    1250.000000                   1.000000e+30                   6.000000e+09                      15.000000
                2113837.704107                    1250.000000                   1.000000e+30                   6.000000e+09                      15.000000
                2110761.009401                    1250.000000                   1.000000e+30                   6.000000e+09                      15.000000
                2107684.314696                    1250.000000                   1.000000e+30                   6.000000e+09                      15.000000
                2104607.619990                    1250.000000                   1.000000e+30                   6.000000e+09                      15.000000
                2101530.925285                    1250.000000                   1.000000e+30                   6.000000e+09                      15.000000
                2098454.230579                    1250.000000                   1.000000e+30                   6.000000e+09                      15.000000
                2095377.535873                    1250.000000                   1.000000e+30                   6.000000e+09                      15.000000
                2092300.841168                    1250.000000                   1.000000e+30                   6.000000e+09                      15.000000
                2089224.146462                    1250.000000                   1.000000e+30                   6.000000e+09                      15.000000
                2086147.451757                    1250.000000                   1.000000e+30                   6.000000e+09                      15.000000
                2083070.757051                    1250.000000                   1.000000e+30                   6.000000e+09                      15.000000
                2079994.062345                    1250.000000                   1.000000e+30                   6.000000e+09                      15.000000
                2076917.367640                    1250.000000                   1.000000e+30                   6.000000e+09                      15.000000
                2073840.672934                    1250.000000                   1.000000e+30                   6.000000e+09                      15.000000
                2070763.978229                    1250.000000                   1.000000e+30                   6.000000e+09                      15.000000
                2067687.283523                    1250.000000                   1.000000e+30                   6.000000e+09                      15.000000
                2064610.588817                    1250.000000                   1.000000e+30                   6.000000e+09                      15.000000
                2061533.894112                    1250.000000                   1.000000e+30                   6.000000e+09                      15.000000
                2058457.199406                    1250.000000                   1.000000e+30                   6.000000e+09                      15.000000
                2055380.504701                    1250.000000                   1.000000e+30                   6.000000e+09                      15.000000
                2052303.809995                    1250.000000                   1.000000e+30                   6.000000e+09                      15.000000
                2049227.115289                    1250.000000                   1.000000e+30                   6.000000e+09                      15.000000
                2046150.420584                    1250.000000                   1.000000e+30                   6.000000e+09                      15.000000
                2043073.725878                    1250.000000                   1.000000e+30                   6.000000e+09                      15.000000
                2039997.031173                    1250.000000                   1.000000e+30                   6.000000e+09                      15.000000
                2036920.336467                    1250.000000                   1.000000e+30                   6.000000e+09                      15.000000
                2033843.641762                    1250.000000                   1.000000e+30                   6.000000e+09                      15.000000
                2030766.947056                    1250.000000                   1.000000e+30                   6.000000e+09                      15.000000
                2027690.252350                    1250.000000                   1.000000e+30                   6.000000e+09                      15.000000
                2024613.557645                    1250.000000                   1.000000e+30                   6.000000e+09                      15.000000
                2021536.862939                    1250.000000                   1.000000e+30                   6.000000e+09                      15.000000
                2018460.168234                    1250.000000                   1.000000e+30                   6.000000e+09                      15.000000
                2015383.473528                    1250.000000                   1.000000e+30                   6.000000e+09                      15.000000
                2012306.778822                    1250.000000                   1.000000e+30                   6.000000e+09                      15.000000
                2009230.084117                    1250.000000                   1.000000e+30                   6.000000e+09                      15.000000
                2006153.389411                    1250.000000                   1.000000e+30                   6.000000e+09                      15.000000
                2003076.694706                    1250.000000                   1.000000e+30                   6.000000e+09                      15.000000
                2000000.000000                    1250.000000                   1.000000e+30                   6.000000e+09                      15.000000
                2000000.000000                    2842.440770                   1.000000e+30                   3.000000e+10                      17.000000
                1978223.031838                    2842.440770                   1.000000e+30                   3.000000e+10                      17.000000
                1956446.063676                    2842.440770                   1.000000e+30                   3.000000e+10                      17.000000
                1934669.095514                    2842.440770                   1.000000e+30                   3.000000e+10                      17.000000
                1912892.127352                    2842.440770                   1.000000e+30                   3.000000e+10                      17.000000
                1891115.159190                    2842.440770                   1.000000e+30                   3.000000e+10                      17.000000
                1869338.191028                    2842.440770                   1.000000e+30                   3.000000e+10                      17.000000
                1847561.222866                    2842.440770                   1.000000e+30                   3.000000e+10                      17.000000
                1825784.254704                    2842.440770                   1.000000e+30                   3.000000e+10                      17.000000
                1804007.286542                    2842.440770                   1.000000e+30                   3.000000e+10                      17.000000
                1782230.318380                    2842.440770                   1.000000e+30                   3.000000e+10                      17.000000
                1760453.350218                    2842.440770                   1.000000e+30                   3.000000e+10                      17.000000
                1738676.382056                    2842.440770                   1.000000e+30                   3.000000e+10                      17.000000
                1716899.413894                    2842.440770                   1.000000e+30                   3.000000e+10                      17.000000
                1695122.445732                    2842.440770                   1.000000e+30                   3.000000e+10                      17.000000
                1673345.477570                    2842.440770                   1.000000e+30                   3.000000e+10                      17.000000
                1651568.509408                    2842.440770                   1.000000e+30                   3.000000e+10                      17.000000
                1629791.541246                    2842.440770                   1.000000e+30                   3.000000e+10                      17.000000
                1608014.573085                    2842.440770                   1.000000e+30                   3.000000e+10                      17.000000
                1586237.604923                    2842.440770                   1.000000e+30                   3.000000e+10                      17.000000
                1564460.636761                    2842.440770                   1.000000e+30                   3.000000e+10                      17.000000
                1542683.668599                    2842.440770                   1.000000e+30                   3.000000e+10                      17.000000
                1520906.700437                    2842.440770                   1.000000e+30                   3.000000e+10                      17.000000
                1499129.732275                    2842.440770                   1.000000e+30                   3.000000e+10                      17.000000
                1477352.764113                    2842.440770                   1.000000e+30                   3.000000e+10                      17.000000
                1455575.795951                    2842.440770                   1.000000e+30                   3.000000e+10                      17.000000
                1433798.827789                    2842.440770                   1.000000e+30                   3.000000e+10                      17.000000
                1412021.859627                    2842.440770                   1.000000e+30                   3.000000e+10                      17.000000
                1390244.891465                    2842.440770                   1.000000e+30                   3.000000e+10                      17.000000
                1368467.923303                    2842.440770                   1.000000e+30                   3.000000e+10                      17.000000
                1346690.955141                    2842.440770                   1.000000e+30                   3.000000e+10                      17.000000
                1324913.986979                    2842.440770                   1.000000e+30                   3.000000e+10                      17.000000
                1303137.018817                    2842.440770                   1.000000e+30                   3.000000e+10                      17.000000
                1281360.050655                    2842.440770                   1.000000e+30                   3.000000e+10                      17.000000
                1259583.082493                    2842.440770                   1.000000e+30                   3.000000e+10                      17.000000
                1237806.114331                    2842.440770                   1.000000e+30                   3.000000e+10                      17.000000
                1216029.146169                    2842.440770                   1.000000e+30                   3.000000e+10                      17.000000
                1194252.178007                    2842.440770                   1.000000e+30                   3.000000e+10                      17.000000
                1172475.209845                    2842.440770                   1.000000e+30                   3.000000e+10                      17.000000
                1150698.241683                    2842.440770                   1.000000e+30                   3.000000e+10                      17.000000
                1128921.273521                    2842.440770                   1.000000e+30                   3.000000e+10                      17.000000
                1107144.305359                    2842.440770                   1.000000e+30                   3.000000e+10                      17.000000
                1085367.337197                    2842.440770                   1.000000e+30                   3.000000e+10                      17.000000
                1063590.369035                    2842.440770                   1.000000e+30                   3.000000e+10                      17.000000
                1041813.400873                    2842.440770                   1.000000e+30                   3.000000e+10                      17.000000
                1020036.432711                    2842.440770                   1.000000e+30                   3.000000e+10                      17.000000
                 998259.464549                    2842.440770                   1.000000e+30                   3.000000e+10                      17.000000
                 976482.496387                    2842.440770                   1.000000e+30                   3.000000e+10                      17.000000
                 954705.528225                    2842.440770                   1.000000e+30                   3.000000e+10                      17.000000
                 932928.560063                    2842.440770                   1.000000e+30                   3.000000e+10                      17.000000
                 911151.591901                    2842.440770                   1.000000e+30                   3.000000e+10                      17.000000
                 889374.623739                    2842.440770                   1.000000e+30                   3.000000e+10                      17.000000
                 867597.655577                    2842.440770                   1.000000e+30                   3.000000e+10                      17.000000
                 845820.687415                    2842.440770                   1.000000e+30                   3.000000e+10                      17.000000
                 824043.719254                    2842.440770                   1.000000e+30                   3.000000e+10                      17.000000
                 802266.751092                    2842.440770                   1.000000e+30                   3.000000e+10                      17.000000
                 780489.782930                    2842.440770                   1.000000e+30                   3.000000e+10                      17.000000
                 758712.814768                    2842.440770                   1.000000e+30                   3.000000e+10                      17.000000
                 736935.846606                    2842.440770                   1.000000e+30                   3.000000e+10                      17.000000
                 715158.878444                    2842.440770                   1.000000e+30                   3.000000e+10                      17.000000
                 693381.910282                    2842.440770                   1.000000e+30                   3.000000e+10                      17.000000
                 671604.942120                    2842.440770                   1.000000e+30                   3.000000e+10                      17.000000
                 649827.973958                    2842.440770                   1.000000e+30                   3.000000e+10                      17.000000
                 628051.005796                    2842.440770                   1.000000e+30                   3.000000e+10                      17.000000
                 606274.037634                    2842.440770                   1.000000e+30                   3.000000e+10                      17.000000
                 584497.069472                    2842.440770                   1.000000e+30                   3.000000e+10                      17.000000
                 562720.101310                    2842.440770                   1.000000e+30                   3.000000e+10                      17.000000
                 540943.133148                    2842.440770                   1.000000e+30                   3.000000e+10                      17.000000
                 519166.164986                    2842.440770                   1.000000e+30                   3.000000e+10                      17.000000
                 497389.196824                    2842.440770                   1.000000e+30                   3.000000e+10                      17.000000
                 475612.228662                    2842.440770                   1.000000e+30                   3.000000e+10                      17.000000
                 453835.260500                    2842.440770                   1.000000e+30                   3.000000e+10                      17.000000
                 432058.292338                    2842.440770                   1.000000e+30                   3.000000e+10                      17.000000
                 410281.324176                    2842.440770                   1.000000e+30                   3.000000e+10                      17.000000
                 388504.356014                    2842.440770                   1.000000e+30                   3.000000e+10                      17.000000
                 366727.387852                    2842.440770                   1.000000e+30                   3.000000e+10                      17.000000
                 344950.419690                    2842.440770                   1.000000e+30                   3.000000e+10                      17.000000
                 323173.451528                    2842.440770                   1.000000e+30                   3.000000e+10                      17.000000
                 301396.483366                    2842.440770                   1.000000e+30                   3.000000e+10                      17.000000
                 279619.515204                    2842.440770                   1.000000e+30                   3.000000e+10                      17.000000
                 257842.547042                    2842.440770                   1.000000e+30                   3.000000e+10                      17.000000
                 236065.578880                    2842.440770                   1.000000e+30                   3.000000e+10                      17.000000
                 214288.610718                    2842.440770                   1.000000e+30                   3.000000e+10                      17.000000
                 192511.642556                    2842.440770                   1.000000e+30                   3.000000e+10                      17.000000
                 170734.674394                    2842.440770                   1.000000e+30                   3.000000e+10                      17.000000
                 148957.706232                    2842.440770                   1.000000e+30                   3.000000e+10                      17.000000
                 127180.738070                    2842.440770                   1.000000e+30                   3.000000e+10                      17.000000
                 105403.769908                    2842.440770                   1.000000e+30                   3.000000e+10                      17.000000
                  83626.801746                    2842.440770                   1.000000e+30                   3.000000e+10                      17.000000
                  61849.833584                    2842.440770                   1.000000e+30                   3.000000e+10                      17.000000
                  40072.865423                    2842.440770                   1.000000e+30                   3.000000e+10                      17.000000
                  18295.897261                    2842.440770                   1.000000e+30                   3.000000e+10                      17.000000
                  -3481.070901                    2842.440770                   1.000000e+30                   3.000000e+10                      17.000000
                 -25258.039063                    2842.440770                   1.000000e+30                   3.000000e+10                      17.000000
                 -47035.007225                    2842.440770                   1.000000e+30                   3.000000e+10                      17.000000
                 -68811.975387                    2842.440770                   1.000000e+30                   3.000000e+10                      17.000000
                 -90588.943549                    2842.440770                   1.000000e+30                   3.000000e+10                      17.000000
                -112365.911711                    2842.440770                   1.000000e+30                   3.000000e+10                      17.000000
                -134142.879873                    2842.440770                   1.000000e+30                   3.000000e+10                      17.000000
                -155919.848035                    2842.440770                   1.000000e+30                   3.000000e+10                      17.000000
                -177696.816197                    2842.440770                   1.000000e+30                   3.000000e+10                      17.000000
                -199473.784359                    2842.440770                   1.000000e+30                   3.000000e+10                      17.000000
                -221250.752521                    2842.440770                   1.000000e+30                   3.000000e+10                      17.000000
                -243027.720683                    2842.440770                   1.000000e+30                   3.000000e+10                      17.000000
                -264804.688845                    2842.440770                   1.000000e+30                   3.000000e+10                      17.000000
                -286581.657007                    2842.440770                   1.000000e+30                   3.000000e+10                      17.000000
                -308358.625169                    2842.440770                   1.000000e+30                   3.000000e+10                      17.000000
                -330135.593331                    2842.440770                   1.000000e+30                   3.000000e+10                      17.000000
                -351912.561493                    2842.440770                   1.000000e+30                   3.000000e+10                      17.000000
                -373689.529655                    2842.440770                   1.000000e+30                   3.000000e+10                      17.000000
                -395466.497817                    2842.440770                   1.000000e+30                   3.000000e+10                      17.000000
                -417243.465979                    2842.440770                   1.000000e+30                   3.000000e+10                      17.000000
                -439020.434141                    2842.440770                   1.000000e+30                   3.000000e+10                      17.000000
                -460797.402303                    2842.440770                   1.000000e+30                   3.000000e+10                      17.000000
                -482574.370465                    2842.440770                   1.000000e+30                   3.000000e+10                      17.000000
                -504351.338627                    2842.440770                   1.000000e+30                   3.000000e+10                      17.000000
                -526128.306789                    2842.440770                   1.000000e+30                   3.000000e+10                      17.000000
                -547905.274951                    2842.440770                   1.000000e+30                   3.000000e+10                      17.000000
                -569682.243113                    2842.440770                   1.000000e+30                   3.000000e+10                      17.000000
                -591459.211275                    2842.440770                   1.000000e+30                   3.000000e+10                      17.000000
                -613236.179437                    2842.440770                   1.000000e+30                   3.000000e+10                      17.000000
                -635013.147599                    2842.440770                   1.000000e+30                   3.000000e+10                      17.000000
                -656790.115761                    2842.440770                   1.000000e+30                   3.000000e+10                      17.000000
                -678567.083923                    2842.440770                   1.000000e+30                   3.000000e+10                      17.000000
                -700344.052085                    2842.440770                   1.000000e+30                   3.000000e+10                      17.000000
                -722121.020247                    2842.440770                   1.000000e+30                   3.000000e+10                      17.000000
                -743897.988408                    2842.440770                   1.000000e+30                   3.000000e+10                      17.000000
                -765674.956570                    2842.440770                   1.000000e+30                   3.000000e+10                      17.000000
                -787451.924732                    2842.440770                   1.000000e+30                   3.000000e+10                      17.000000
                -809228.892894                    2842.440770                   1.000000e+30                   3.000000e+10                      17.000000
                -809228.892894                    3300.000000                   1.000000e+30                   5.000000e+10                      22.000000
                -802955.723182                    3300.000000                   1.000000e+30                   5.000000e+10                      22.000000
                -796682.553470                    3300.000000                   1.000000e+30                   5.000000e+10                      22.000000
                -790409.383757                    3300.000000                   1.000000e+30                   5.000000e+10                      22.000000
                -784136.214045                    3300.000000                   1.000000e+30                   5.000000e+10                      22.000000
                -777863.044333                    3300.000000                   1.000000e+30                   5.000000e+10                      22.000000
                -771589.874620                    3300.000000                   1.000000e+30                   5.000000e+10                      22.000000
                -765316.704908                    3300.000000                   1.000000e+30                   5.000000e+10                      22.000000
                -759043.535196                    3300.000000                   1.000000e+30                   5.000000e+10                      22.000000
                -752770.365483                    3300.000000                   1.000000e+30                   5.000000e+10                      22.000000
                -746497.195771                    3300.000000                   1.000000e+30                   5.000000e+10                      22.000000
                -740224.026058                    3300.000000                   1.000000e+30                   5.000000e+10                      22.000000
                -733950.856346                    3300.000000                   1.000000e+30                   5.000000e+10                      22.000000
                -727677.686634                    3300.000000                   1.000000e+30                   5.000000e+10                      22.000000
                -721404.516921                    3300.000000                   1.000000e+30                   5.000000e+10                      22.000000
                -715131.347209                    3300.000000                   1.000000e+30                   5.000000e+10                      22.000000
                -708858.177497                    3300.000000                   1.000000e+30                   5.000000e+10                      22.000000
                -702585.007784                    3300.000000                   1.000000e+30                   5.000000e+10                      22.000000
                -696311.838072                    3300.000000                   1.000000e+30                   5.000000e+10                      22.000000
                -690038.668360                    3300.000000                   1.000000e+30                   5.000000e+10                      22.000000
                -683765.498647                    3300.000000                   1.000000e+30                   5.000000e+10                      22.000000
                -677492.328935                    3300.000000                   1.000000e+30                   5.000000e+10                      22.000000
                -671219.159222                    3300.000000                   1.000000e+30                   5.000000e+10                      22.000000
                -664945.989510                    3300.000000                   1.000000e+30                   5.000000e+10                      22.000000
                -658672.819798                    3300.000000                   1.000000e+30                   5.000000e+10                      22.000000
                -652399.650085                    3300.000000                   1.000000e+30                   5.000000e+10                      22.000000
                -646126.480373                    3300.000000                   1.000000e+30                   5.000000e+10                      22.000000
                -639853.310661                    3300.000000                   1.000000e+30                   5.000000e+10                      22.000000
                -633580.140948                    3300.000000                   1.000000e+30                   5.000000e+10                      22.000000
                -627306.971236                    3300.000000                   1.000000e+30                   5.000000e+10                      22.000000
                -621033.801524                    3300.000000                   1.000000e+30                   5.000000e+10                      22.000000
                -614760.631811                    3300.000000                   1.000000e+30                   5.000000e+10                      22.000000
                -608487.462099                    3300.000000                   1.000000e+30                   5.000000e+10                      22.000000
                -602214.292387                    3300.000000                   1.000000e+30                   5.000000e+10                      22.000000
                -595941.122674                    3300.000000                   1.000000e+30                   5.000000e+10                      22.000000
                -589667.952962                    3300.000000                   1.000000e+30                   5.000000e+10                      22.000000
                -583394.783249                    3300.000000                   1.000000e+30                   5.000000e+10                      22.000000
                -577121.613537                    3300.000000                   1.000000e+30                   5.000000e+10                      22.000000
                -570848.443825                    3300.000000                   1.000000e+30                   5.000000e+10                      22.000000
                -564575.274112                    3300.000000                   1.000000e+30                   5.000000e+10                      22.000000
                -558302.104400                    3300.000000                   1.000000e+30                   5.000000e+10                      22.000000
                -552028.934688                    3300.000000                   1.000000e+30                   5.000000e+10                      22.000000
                -545755.764975                    3300.000000                   1.000000e+30                   5.000000e+10                      22.000000
                -539482.595263                    3300.000000                   1.000000e+30                   5.000000e+10                      22.000000
                -533209.425551                    3300.000000                   1.000000e+30                   5.000000e+10                      22.000000
                -526936.255838                    3300.000000                   1.000000e+30                   5.000000e+10                      22.000000
                -520663.086126                    3300.000000                   1.000000e+30                   5.000000e+10                      22.000000
                -514389.916413                    3300.000000                   1.000000e+30                   5.000000e+10                      22.000000
                -508116.746701                    3300.000000                   1.000000e+30                   5.000000e+10                      22.000000
                -501843.576989                    3300.000000                   1.000000e+30                   5.000000e+10                      22.000000
                -495570.407276                    3300.000000                   1.000000e+30                   5.000000e+10                      22.000000
                -489297.237564                    3300.000000                   1.000000e+30                   5.000000e+10                      22.000000
                -483024.067852                    3300.000000                   1.000000e+30                   5.000000e+10                      22.000000
                -476750.898139                    3300.000000                   1.000000e+30                   5.000000e+10                      22.000000
                -470477.728427                    3300.000000                   1.000000e+30                   5.000000e+10                      22.000000
                -464204.558715                    3300.000000                   1.000000e+30                   5.000000e+10                      22.000000
                -457931.389002                    3300.000000                   1.000000e+30                   5.000000e+10                      22.000000
                -451658.219290                    3300.000000                   1.000000e+30                   5.000000e+10                      22.000000
                -445385.049578                    3300.000000                   1.000000e+30                   5.000000e+10                      22.000000
                -439111.879865                    3300.000000                   1.000000e+30                   5.000000e+10                      22.000000
                -432838.710153                    3300.000000                   1.000000e+30                   5.000000e+10                      22.000000
                -426565.540440                    3300.000000                   1.000000e+30                   5.000000e+10                      22.000000
                -420292.370728                    3300.000000                   1.000000e+30                   5.000000e+10                      22.000000
                -414019.201016                    3300.000000                   1.000000e+30                   5.000000e+10                      22.000000
                -407746.031303                    3300.000000                   1.000000e+30                   5.000000e+10                      22.000000
                -401472.861591                    3300.000000                   1.000000e+30                   5.000000e+10                      22.000000
                -395199.691879                    3300.000000                   1.000000e+30                   5.000000e+10                      22.000000
                -388926.522166                    3300.000000                   1.000000e+30                   5.000000e+10                      22.000000
                -382653.352454                    3300.000000                   1.000000e+30                   5.000000e+10                      22.000000
                -376380.182742                    3300.000000                   1.000000e+30                   5.000000e+10                      22.000000
                -370107.013029                    3300.000000                   1.000000e+30                   5.000000e+10                      22.000000
                -363833.843317                    3300.000000                   1.000000e+30                   5.000000e+10                      22.000000
                -357560.673605                    3300.000000                   1.000000e+30                   5.000000e+10                      22.000000
                -351287.503892                    3300.000000                   1.000000e+30                   5.000000e+10                      22.000000
                -345014.334180                    3300.000000                   1.000000e+30                   5.000000e+10                      22.000000
                -338741.164467                    3300.000000                   1.000000e+30                   5.000000e+10                      22.000000
                -332467.994755                    3300.000000                   1.000000e+30                   5.000000e+10                      22.000000
                -326194.825043                    3300.000000                   1.000000e+30                   5.000000e+10                      22.000000
                -319921.655330                    3300.000000                   1.000000e+30                   5.000000e+10                      22.000000
                -313648.485618                    3300.000000                   1.000000e+30                   5.000000e+10                      22.000000
                -307375.315906                    3300.000000                   1.000000e+30                   5.000000e+10                      22.000000
                -301102.146193                    3300.000000                   1.000000e+30                   5.000000e+10                      22.000000
                -294828.976481                    3300.000000                   1.000000e+30                   5.000000e+10                      22.000000
                -288555.806769                    3300.000000                   1.000000e+30                   5.000000e+10                      22.000000
                -282282.637056                    3300.000000                   1.000000e+30                   5.000000e+10                      22.000000
                -276009.467344                    3300.000000                   1.000000e+30                   5.000000e+10                      22.000000
                -269736.297631                    3300.000000                   1.000000e+30                   5.000000e+10                      22.000000
                -263463.127919                    3300.000000                   1.000000e+30                   5.000000e+10                      22.000000
                -257189.958207                    3300.000000                   1.000000e+30                   5.000000e+10                      22.000000
                -250916.788494                    3300.000000                   1.000000e+30                   5.000000e+10                      22.000000
                -244643.618782                    3300.000000                   1.000000e+30                   5.000000e+10                      22.000000
                -238370.449070                    3300.000000                   1.000000e+30                   5.000000e+10                      22.000000
                -232097.279357                    3300.000000                   1.000000e+30                   5.000000e+10                      22.000000
                -225824.109645                    3300.000000                   1.000000e+30                   5.000000e+10                      22.000000
                -219550.939933                    3300.000000                   1.000000e+30                   5.000000e+10                      22.000000
                -213277.770220                    3300.000000                   1.000000e+30                   5.000000e+10                      22.000000
                -207004.600508                    3300.000000                   1.000000e+30                   5.000000e+10                      22.000000
                -200731.430796                    3300.000000                   1.000000e+30                   5.000000e+10                      22.000000
                -194458.261083                    3300.000000                   1.000000e+30                   5.000000e+10                      22.000000
                -188185.091371                    3300.000000                   1.000000e+30                   5.000000e+10                      22.000000
                -181911.921658                    3300.000000                   1.000000e+30                   5.000000e+10                      22.000000
                -175638.751946                    3300.000000                   1.000000e+30                   5.000000e+10                      22.000000
                -169365.582234                    3300.000000                   1.000000e+30                   5.000000e+10                      22.000000
                -163092.412521                    3300.000000                   1.000000e+30                   5.000000e+10                      22.000000
                -156819.242809                    3300.000000                   1.000000e+30                   5.000000e+10                      22.000000
                -150546.073097                    3300.000000                   1.000000e+30                   5.000000e+10                      22.000000
                -144272.903384                    3300.000000                   1.000000e+30                   5.000000e+10                      22.000000
                -137999.733672                    3300.000000                   1.000000e+30                   5.000000e+10                      22.000000
                -131726.563960                    3300.000000                   1.000000e+30                   5.000000e+10                      22.000000
                -125453.394247                    3300.000000                   1.000000e+30                   5.000000e+10                      22.000000
                -119180.224535                    3300.000000                   1.000000e+30                   5.000000e+10                      22.000000
                -112907.054822                    3300.000000                   1.000000e+30                   5.000000e+10                      22.000000
                -106633.885110                    3300.000000                   1.000000e+30                   5.000000e+10                      22.000000
                -100360.715398                    3300.000000                   1.000000e+30                   5.000000e+10                      22.000000
                 -94087.545685                    3300.000000                   1.000000e+30                   5.000000e+10                      22.000000
                 -87814.375973                    3300.000000                   1.000000e+30                   5.000000e+10                      22.000000
                 -81541.206261                    3300.000000                   1.000000e+30                   5.000000e+10                      22.000000
                 -75268.036548                    3300.000000                   1.000000e+30                   5.000000e+10                      22.000000
                 -68994.866836                    3300.000000                   1.000000e+30                   5.000000e+10                      22.000000
                 -62721.697124                    3300.000000                   1.000000e+30                   5.000000e+10                      22.000000
                 -56448.527411                    3300.000000                   1.000000e+30                   5.000000e+10                      22.000000
                 -50175.357699                    3300.000000                   1.000000e+30                   5.000000e+10                      22.000000
                 -43902.187987                    3300.000000                   1.000000e+30                   5.000000e+10                      22.000000
                 -37629.018274                    3300.000000                   1.000000e+30                   5.000000e+10                      22.000000
                 -31355.848562                    3300.000000                   1.000000e+30                   5.000000e+10                      22.000000
                 -25082.678849                    3300.000000                   1.000000e+30                   5.000000e+10                      22.000000
                 -18809.509137                    3300.000000                   1.000000e+30                   5.000000e+10                      22.000000
                 -12536.339425                    3300.000000                   1.000000e+30                   5.000000e+10                      22.000000
                  -6263.169712                    3300.000000                   1.000000e+30                   5.000000e+10                      22.000000
                     10.000000                    3300.000000                   1.000000e+30                   5.000000e+10                      22.000000
