                   #Radius (m)               Density (kg/m^3)              Bulk modulus (Pa)             Shear modulus (Pa)               Viscosity (Pa.s)
                2575000.000000                     930.000000                   1.000000e+30                   3.500000e+09                      24.000000
                2574999.710145                     930.000000                   1.000000e+30                   3.500000e+09                      24.000000
                2574999.420290                     930.000000                   1.000000e+30                   3.500000e+09                      24.000000
                2574999.130435                     930.000000                   1.000000e+30                   3.500000e+09                      24.000000
                2574998.840580                     930.000000                   1.000000e+30                   3.500000e+09                      24.000000
                2574998.550725                     930.000000                   1.000000e+30                   3.500000e+09                      24.000000
                2574998.260870                     930.000000                   1.000000e+30                   3.500000e+09                      24.000000
                2574997.971014                     930.000000                   1.000000e+30                   3.500000e+09                      24.000000
                2574997.681159                     930.000000                   1.000000e+30                   3.500000e+09                      24.000000
                2574997.391304                     930.000000                   1.000000e+30                   3.500000e+09                      24.000000
                2574997.101449                     930.000000                   1.000000e+30                   3.500000e+09                      24.000000
                2574996.811594                     930.000000                   1.000000e+30                   3.500000e+09                      24.000000
                2574996.521739                     930.000000                   1.000000e+30                   3.500000e+09                      24.000000
                2574996.231884                     930.000000                   1.000000e+30                   3.500000e+09                      24.000000
                2574995.942029                     930.000000                   1.000000e+30                   3.500000e+09                      24.000000
                2574995.652174                     930.000000                   1.000000e+30                   3.500000e+09                      24.000000
                2574995.362319                     930.000000                   1.000000e+30                   3.500000e+09                      24.000000
                2574995.072464                     930.000000                   1.000000e+30                   3.500000e+09                      24.000000
                2574994.782609                     930.000000                   1.000000e+30                   3.500000e+09                      24.000000
                2574994.492754                     930.000000                   1.000000e+30                   3.500000e+09                      24.000000
                2574994.202899                     930.000000                   1.000000e+30                   3.500000e+09                      24.000000
                2574993.913043                     930.000000                   1.000000e+30                   3.500000e+09                      24.000000
                2574993.623188                     930.000000                   1.000000e+30                   3.500000e+09                      24.000000
                2574993.333333                     930.000000                   1.000000e+30                   3.500000e+09                      24.000000
                2574993.043478                     930.000000                   1.000000e+30                   3.500000e+09                      24.000000
                2574992.753623                     930.000000                   1.000000e+30                   3.500000e+09                      24.000000
                2574992.463768                     930.000000                   1.000000e+30                   3.500000e+09                      24.000000
                2574992.173913                     930.000000                   1.000000e+30                   3.500000e+09                      24.000000
                2574991.884058                     930.000000                   1.000000e+30                   3.500000e+09                      24.000000
                2574991.594203                     930.000000                   1.000000e+30                   3.500000e+09                      24.000000
                2574991.304348                     930.000000                   1.000000e+30                   3.500000e+09                      24.000000
                2574991.014493                     930.000000                   1.000000e+30                   3.500000e+09                      24.000000
                2574990.724638                     930.000000                   1.000000e+30                   3.500000e+09                      24.000000
                2574990.434783                     930.000000                   1.000000e+30                   3.500000e+09                      24.000000
                2574990.144928                     930.000000                   1.000000e+30                   3.500000e+09                      24.000000
                2574989.855072                     930.000000                   1.000000e+30                   3.500000e+09                      24.000000
                2574989.565217                     930.000000                   1.000000e+30                   3.500000e+09                      24.000000
                2574989.275362                     930.000000                   1.000000e+30                   3.500000e+09                      24.000000
                2574988.985507                     930.000000                   1.000000e+30                   3.500000e+09                      24.000000
                2574988.695652                     930.000000                   1.000000e+30                   3.500000e+09                      24.000000
                2574988.405797                     930.000000                   1.000000e+30                   3.500000e+09                      24.000000
                2574988.115942                     930.000000                   1.000000e+30                   3.500000e+09                      24.000000
                2574987.826087                     930.000000                   1.000000e+30                   3.500000e+09                      24.000000
                2574987.536232                     930.000000                   1.000000e+30                   3.500000e+09                      24.000000
                2574987.246377                     930.000000                   1.000000e+30                   3.500000e+09                      24.000000
                2574986.956522                     930.000000                   1.000000e+30                   3.500000e+09                      24.000000
                2574986.666667                     930.000000                   1.000000e+30                   3.500000e+09                      24.000000
                2574986.376812                     930.000000                   1.000000e+30                   3.500000e+09                      24.000000
                2574986.086957                     930.000000                   1.000000e+30                   3.500000e+09                      24.000000
                2574985.797101                     930.000000                   1.000000e+30                   3.500000e+09                      24.000000
                2574985.507246                     930.000000                   1.000000e+30                   3.500000e+09                      24.000000
                2574985.217391                     930.000000                   1.000000e+30                   3.500000e+09                      24.000000
                2574984.927536                     930.000000                   1.000000e+30                   3.500000e+09                      24.000000
                2574984.637681                     930.000000                   1.000000e+30                   3.500000e+09                      24.000000
                2574984.347826                     930.000000                   1.000000e+30                   3.500000e+09                      24.000000
                2574984.057971                     930.000000                   1.000000e+30                   3.500000e+09                      24.000000
                2574983.768116                     930.000000                   1.000000e+30                   3.500000e+09                      24.000000
                2574983.478261                     930.000000                   1.000000e+30                   3.500000e+09                      24.000000
                2574983.188406                     930.000000                   1.000000e+30                   3.500000e+09                      24.000000
                2574982.898551                     930.000000                   1.000000e+30                   3.500000e+09                      24.000000
                2574982.608696                     930.000000                   1.000000e+30                   3.500000e+09                      24.000000
                2574982.318841                     930.000000                   1.000000e+30                   3.500000e+09                      24.000000
                2574982.028986                     930.000000                   1.000000e+30                   3.500000e+09                      24.000000
                2574981.739130                     930.000000                   1.000000e+30                   3.500000e+09                      24.000000
                2574981.449275                     930.000000                   1.000000e+30                   3.500000e+09                      24.000000
                2574981.159420                     930.000000                   1.000000e+30                   3.500000e+09                      24.000000
                2574980.869565                     930.000000                   1.000000e+30                   3.500000e+09                      24.000000
                2574980.579710                     930.000000                   1.000000e+30                   3.500000e+09                      24.000000
                2574980.289855                     930.000000                   1.000000e+30                   3.500000e+09                      24.000000
                2574980.000000                     930.000000                   1.000000e+30                   3.500000e+09                      24.000000
                2574980.000000                     930.000000                   1.000000e+30                   3.500000e+09                      15.000000
                2573685.581395                     930.000000                   1.000000e+30                   3.500000e+09                      15.000000
                2572391.162791                     930.000000                   1.000000e+30                   3.500000e+09                      15.000000
                2571096.744186                     930.000000                   1.000000e+30                   3.500000e+09                      15.000000
                2569802.325581                     930.000000                   1.000000e+30                   3.500000e+09                      15.000000
                2568507.906977                     930.000000                   1.000000e+30                   3.500000e+09                      15.000000
                2567213.488372                     930.000000                   1.000000e+30                   3.500000e+09                      15.000000
                2565919.069767                     930.000000                   1.000000e+30                   3.500000e+09                      15.000000
                2564624.651163                     930.000000                   1.000000e+30                   3.500000e+09                      15.000000
                2563330.232558                     930.000000                   1.000000e+30                   3.500000e+09                      15.000000
                2562035.813953                     930.000000                   1.000000e+30                   3.500000e+09                      15.000000
                2560741.395349                     930.000000                   1.000000e+30                   3.500000e+09                      15.000000
                2559446.976744                     930.000000                   1.000000e+30                   3.500000e+09                      15.000000
                2558152.558140                     930.000000                   1.000000e+30                   3.500000e+09                      15.000000
                2556858.139535                     930.000000                   1.000000e+30                   3.500000e+09                      15.000000
                2555563.720930                     930.000000                   1.000000e+30                   3.500000e+09                      15.000000
                2554269.302326                     930.000000                   1.000000e+30                   3.500000e+09                      15.000000
                2552974.883721                     930.000000                   1.000000e+30                   3.500000e+09                      15.000000
                2551680.465116                     930.000000                   1.000000e+30                   3.500000e+09                      15.000000
                2550386.046512                     930.000000                   1.000000e+30                   3.500000e+09                      15.000000
                2549091.627907                     930.000000                   1.000000e+30                   3.500000e+09                      15.000000
                2547797.209302                     930.000000                   1.000000e+30                   3.500000e+09                      15.000000
                2546502.790698                     930.000000                   1.000000e+30                   3.500000e+09                      15.000000
                2545208.372093                     930.000000                   1.000000e+30                   3.500000e+09                      15.000000
                2543913.953488                     930.000000                   1.000000e+30                   3.500000e+09                      15.000000
                2542619.534884                     930.000000                   1.000000e+30                   3.500000e+09                      15.000000
                2541325.116279                     930.000000                   1.000000e+30                   3.500000e+09                      15.000000
                2540030.697674                     930.000000                   1.000000e+30                   3.500000e+09                      15.000000
                2538736.279070                     930.000000                   1.000000e+30                   3.500000e+09                      15.000000
                2537441.860465                     930.000000                   1.000000e+30                   3.500000e+09                      15.000000
                2536147.441860                     930.000000                   1.000000e+30                   3.500000e+09                      15.000000
                2534853.023256                     930.000000                   1.000000e+30                   3.500000e+09                      15.000000
                2533558.604651                     930.000000                   1.000000e+30                   3.500000e+09                      15.000000
                2532264.186047                     930.000000                   1.000000e+30                   3.500000e+09                      15.000000
                2530969.767442                     930.000000                   1.000000e+30                   3.500000e+09                      15.000000
                2529675.348837                     930.000000                   1.000000e+30                   3.500000e+09                      15.000000
                2528380.930233                     930.000000                   1.000000e+30                   3.500000e+09                      15.000000
                2527086.511628                     930.000000                   1.000000e+30                   3.500000e+09                      15.000000
                2525792.093023                     930.000000                   1.000000e+30                   3.500000e+09                      15.000000
                2524497.674419                     930.000000                   1.000000e+30                   3.500000e+09                      15.000000
                2523203.255814                     930.000000                   1.000000e+30                   3.500000e+09                      15.000000
                2521908.837209                     930.000000                   1.000000e+30                   3.500000e+09                      15.000000
                2520614.418605                     930.000000                   1.000000e+30                   3.500000e+09                      15.000000
                2519320.000000                     930.000000                   1.000000e+30                   3.500000e+09                      15.000000
                2518025.581395                     930.000000                   1.000000e+30                   3.500000e+09                      15.000000
                2516731.162791                     930.000000                   1.000000e+30                   3.500000e+09                      15.000000
                2515436.744186                     930.000000                   1.000000e+30                   3.500000e+09                      15.000000
                2514142.325581                     930.000000                   1.000000e+30                   3.500000e+09                      15.000000
                2512847.906977                     930.000000                   1.000000e+30                   3.500000e+09                      15.000000
                2511553.488372                     930.000000                   1.000000e+30                   3.500000e+09                      15.000000
                2510259.069767                     930.000000                   1.000000e+30                   3.500000e+09                      15.000000
                2508964.651163                     930.000000                   1.000000e+30                   3.500000e+09                      15.000000
                2507670.232558                     930.000000                   1.000000e+30                   3.500000e+09                      15.000000
                2506375.813953                     930.000000                   1.000000e+30                   3.500000e+09                      15.000000
                2505081.395349                     930.000000                   1.000000e+30                   3.500000e+09                      15.000000
                2503786.976744                     930.000000                   1.000000e+30                   3.500000e+09                      15.000000
                2502492.558140                     930.000000                   1.000000e+30                   3.500000e+09                      15.000000
                2501198.139535                     930.000000                   1.000000e+30                   3.500000e+09                      15.000000
                2499903.720930                     930.000000                   1.000000e+30                   3.500000e+09                      15.000000
                2498609.302326                     930.000000                   1.000000e+30                   3.500000e+09                      15.000000
                2497314.883721                     930.000000                   1.000000e+30                   3.500000e+09                      15.000000
                2496020.465116                     930.000000                   1.000000e+30                   3.500000e+09                      15.000000
                2494726.046512                     930.000000                   1.000000e+30                   3.500000e+09                      15.000000
                2493431.627907                     930.000000                   1.000000e+30                   3.500000e+09                      15.000000
                2492137.209302                     930.000000                   1.000000e+30                   3.500000e+09                      15.000000
                2490842.790698                     930.000000                   1.000000e+30                   3.500000e+09                      15.000000
                2489548.372093                     930.000000                   1.000000e+30                   3.500000e+09                      15.000000
                2488253.953488                     930.000000                   1.000000e+30                   3.500000e+09                      15.000000
                2486959.534884                     930.000000                   1.000000e+30                   3.500000e+09                      15.000000
                2485665.116279                     930.000000                   1.000000e+30                   3.500000e+09                      15.000000
                2484370.697674                     930.000000                   1.000000e+30                   3.500000e+09                      15.000000
                2483076.279070                     930.000000                   1.000000e+30                   3.500000e+09                      15.000000
                2481781.860465                     930.000000                   1.000000e+30                   3.500000e+09                      15.000000
                2480487.441860                     930.000000                   1.000000e+30                   3.500000e+09                      15.000000
                2479193.023256                     930.000000                   1.000000e+30                   3.500000e+09                      15.000000
                2477898.604651                     930.000000                   1.000000e+30                   3.500000e+09                      15.000000
                2476604.186047                     930.000000                   1.000000e+30                   3.500000e+09                      15.000000
                2475309.767442                     930.000000                   1.000000e+30                   3.500000e+09                      15.000000
                2474015.348837                     930.000000                   1.000000e+30                   3.500000e+09                      15.000000
                2472720.930233                     930.000000                   1.000000e+30                   3.500000e+09                      15.000000
                2471426.511628                     930.000000                   1.000000e+30                   3.500000e+09                      15.000000
                2470132.093023                     930.000000                   1.000000e+30                   3.500000e+09                      15.000000
                2468837.674419                     930.000000                   1.000000e+30                   3.500000e+09                      15.000000
                2467543.255814                     930.000000                   1.000000e+30                   3.500000e+09                      15.000000
                2466248.837209                     930.000000                   1.000000e+30                   3.500000e+09                      15.000000
                2464954.418605                     930.000000                   1.000000e+30                   3.500000e+09                      15.000000
                2463660.000000                     930.000000                   1.000000e+30                   3.500000e+09                      15.000000
                2462365.581395                     930.000000                   1.000000e+30                   3.500000e+09                      15.000000
                2461071.162791                     930.000000                   1.000000e+30                   3.500000e+09                      15.000000
                2459776.744186                     930.000000                   1.000000e+30                   3.500000e+09                      15.000000
                2458482.325581                     930.000000                   1.000000e+30                   3.500000e+09                      15.000000
                2457187.906977                     930.000000                   1.000000e+30                   3.500000e+09                      15.000000
                2455893.488372                     930.000000                   1.000000e+30                   3.500000e+09                      15.000000
                2454599.069767                     930.000000                   1.000000e+30                   3.500000e+09                      15.000000
                2453304.651163                     930.000000                   1.000000e+30                   3.500000e+09                      15.000000
                2452010.232558                     930.000000                   1.000000e+30                   3.500000e+09                      15.000000
                2450715.813953                     930.000000                   1.000000e+30                   3.500000e+09                      15.000000
                2449421.395349                     930.000000                   1.000000e+30                   3.500000e+09                      15.000000
                2448126.976744                     930.000000                   1.000000e+30                   3.500000e+09                      15.000000
                2446832.558140                     930.000000                   1.000000e+30                   3.500000e+09                      15.000000
                2445538.139535                     930.000000                   1.000000e+30                   3.500000e+09                      15.000000
                2444243.720930                     930.000000                   1.000000e+30                   3.500000e+09                      15.000000
                2442949.302326                     930.000000                   1.000000e+30                   3.500000e+09                      15.000000
                2441654.883721                     930.000000                   1.000000e+30                   3.500000e+09                      15.000000
                2440360.465116                     930.000000                   1.000000e+30                   3.500000e+09                      15.000000
                2439066.046512                     930.000000                   1.000000e+30                   3.500000e+09                      15.000000
                2437771.627907                     930.000000                   1.000000e+30                   3.500000e+09                      15.000000
                2436477.209302                     930.000000                   1.000000e+30                   3.500000e+09                      15.000000
                2435182.790698                     930.000000                   1.000000e+30                   3.500000e+09                      15.000000
                2433888.372093                     930.000000                   1.000000e+30                   3.500000e+09                      15.000000
                2432593.953488                     930.000000                   1.000000e+30                   3.500000e+09                      15.000000
                2431299.534884                     930.000000                   1.000000e+30                   3.500000e+09                      15.000000
                2430005.116279                     930.000000                   1.000000e+30                   3.500000e+09                      15.000000
                2428710.697674                     930.000000                   1.000000e+30                   3.500000e+09                      15.000000
                2427416.279070                     930.000000                   1.000000e+30                   3.500000e+09                      15.000000
                2426121.860465                     930.000000                   1.000000e+30                   3.500000e+09                      15.000000
                2424827.441860                     930.000000                   1.000000e+30                   3.500000e+09                      15.000000
                2423533.023256                     930.000000                   1.000000e+30                   3.500000e+09                      15.000000
                2422238.604651                     930.000000                   1.000000e+30                   3.500000e+09                      15.000000
                2420944.186047                     930.000000                   1.000000e+30                   3.500000e+09                      15.000000
                2419649.767442                     930.000000                   1.000000e+30                   3.500000e+09                      15.000000
                2418355.348837                     930.000000                   1.000000e+30                   3.500000e+09                      15.000000
                2417060.930233                     930.000000                   1.000000e+30                   3.500000e+09                      15.000000
                2415766.511628                     930.000000                   1.000000e+30                   3.500000e+09                      15.000000
                2414472.093023                     930.000000                   1.000000e+30                   3.500000e+09                      15.000000
                2413177.674419                     930.000000                   1.000000e+30                   3.500000e+09                      15.000000
                2411883.255814                     930.000000                   1.000000e+30                   3.500000e+09                      15.000000
                2410588.837209                     930.000000                   1.000000e+30                   3.500000e+09                      15.000000
                2409294.418605                     930.000000                   1.000000e+30                   3.500000e+09                      15.000000
                2408000.000000                     930.000000                   1.000000e+30                   3.500000e+09                      15.000000
                2408000.000000                    1100.000000                   1.000000e+30                   0.000000e+00                       2.000000
                2407997.239128                    1100.000000                   1.000000e+30                   0.000000e+00                       2.000000
                2407992.332427                    1100.000000                   1.000000e+30                   0.000000e+00                       2.000000
                2407984.976013                    1100.000000                   1.000000e+30                   0.000000e+00                       2.000000
                2407975.174249                    1100.000000                   1.000000e+30                   0.000000e+00                       2.000000
                2407962.932947                    1100.000000                   1.000000e+30                   0.000000e+00                       2.000000
                2407948.259369                    1100.000000                   1.000000e+30                   0.000000e+00                       2.000000
                2407931.162216                    1100.000000                   1.000000e+30                   0.000000e+00                       2.000000
                2407911.651627                    1100.000000                   1.000000e+30                   0.000000e+00                       2.000000
                2407889.739174                    1100.000000                   1.000000e+30                   0.000000e+00                       2.000000
                2407865.437853                    1100.000000                   1.000000e+30                   0.000000e+00                       2.000000
                2407838.762074                    1100.000000                   1.000000e+30                   0.000000e+00                       2.000000
                2407809.727659                    1100.000000                   1.000000e+30                   0.000000e+00                       2.000000
                2407778.351827                    1100.000000                   1.000000e+30                   0.000000e+00                       2.000000
                2407744.653186                    1100.000000                   1.000000e+30                   0.000000e+00                       2.000000
                2407708.651720                    1100.000000                   1.000000e+30                   0.000000e+00                       2.000000
                2407670.368781                    1100.000000                   1.000000e+30                   0.000000e+00                       2.000000
                2407629.827073                    1100.000000                   1.000000e+30                   0.000000e+00                       2.000000
                2407587.050640                    1100.000000                   1.000000e+30                   0.000000e+00                       2.000000
                2407542.064850                    1100.000000                   1.000000e+30                   0.000000e+00                       2.000000
                2407494.896384                    1100.000000                   1.000000e+30                   0.000000e+00                       2.000000
                2407445.573214                    1100.000000                   1.000000e+30                   0.000000e+00                       2.000000
                2407394.124592                    1100.000000                   1.000000e+30                   0.000000e+00                       2.000000
                2407340.581031                    1100.000000                   1.000000e+30                   0.000000e+00                       2.000000
                2407284.974284                    1100.000000                   1.000000e+30                   0.000000e+00                       2.000000
                2407227.337331                    1100.000000                   1.000000e+30                   0.000000e+00                       2.000000
                2407167.704354                    1100.000000                   1.000000e+30                   0.000000e+00                       2.000000
                2407106.110717                    1100.000000                   1.000000e+30                   0.000000e+00                       2.000000
                2407042.592951                    1100.000000                   1.000000e+30                   0.000000e+00                       2.000000
                2406977.188724                    1100.000000                   1.000000e+30                   0.000000e+00                       2.000000
                2406909.936826                    1100.000000                   1.000000e+30                   0.000000e+00                       2.000000
                2406840.877141                    1100.000000                   1.000000e+30                   0.000000e+00                       2.000000
                2406770.050626                    1100.000000                   1.000000e+30                   0.000000e+00                       2.000000
                2406697.499285                    1100.000000                   1.000000e+30                   0.000000e+00                       2.000000
                2406623.266144                    1100.000000                   1.000000e+30                   0.000000e+00                       2.000000
                2406547.395230                    1100.000000                   1.000000e+30                   0.000000e+00                       2.000000
                2406469.931538                    1100.000000                   1.000000e+30                   0.000000e+00                       2.000000
                2406390.921008                    1100.000000                   1.000000e+30                   0.000000e+00                       2.000000
                2406310.410499                    1100.000000                   1.000000e+30                   0.000000e+00                       2.000000
                2406228.447759                    1100.000000                   1.000000e+30                   0.000000e+00                       2.000000
                2406145.081395                    1100.000000                   1.000000e+30                   0.000000e+00                       2.000000
                2406060.360850                    1100.000000                   1.000000e+30                   0.000000e+00                       2.000000
                2405974.336368                    1100.000000                   1.000000e+30                   0.000000e+00                       2.000000
                2405887.058966                    1100.000000                   1.000000e+30                   0.000000e+00                       2.000000
                2405798.580405                    1100.000000                   1.000000e+30                   0.000000e+00                       2.000000
                2405708.953159                    1100.000000                   1.000000e+30                   0.000000e+00                       2.000000
                2405618.230382                    1100.000000                   1.000000e+30                   0.000000e+00                       2.000000
                2405526.465877                    1100.000000                   1.000000e+30                   0.000000e+00                       2.000000
                2405433.714067                    1100.000000                   1.000000e+30                   0.000000e+00                       2.000000
                2405340.029959                    1100.000000                   1.000000e+30                   0.000000e+00                       2.000000
                2405245.469113                    1100.000000                   1.000000e+30                   0.000000e+00                       2.000000
                2405150.087611                    1100.000000                   1.000000e+30                   0.000000e+00                       2.000000
                2405053.942018                    1100.000000                   1.000000e+30                   0.000000e+00                       2.000000
                2404957.089354                    1100.000000                   1.000000e+30                   0.000000e+00                       2.000000
                2404859.587060                    1100.000000                   1.000000e+30                   0.000000e+00                       2.000000
                2404761.492961                    1100.000000                   1.000000e+30                   0.000000e+00                       2.000000
                2404662.865231                    1100.000000                   1.000000e+30                   0.000000e+00                       2.000000
                2404563.762362                    1100.000000                   1.000000e+30                   0.000000e+00                       2.000000
                2404464.243130                    1100.000000                   1.000000e+30                   0.000000e+00                       2.000000
                2404364.366555                    1100.000000                   1.000000e+30                   0.000000e+00                       2.000000
                2404264.191869                    1100.000000                   1.000000e+30                   0.000000e+00                       2.000000
                2404163.778483                    1100.000000                   1.000000e+30                   0.000000e+00                       2.000000
                2404063.185947                    1100.000000                   1.000000e+30                   0.000000e+00                       2.000000
                2403962.473919                    1100.000000                   1.000000e+30                   0.000000e+00                       2.000000
                2403861.702128                    1100.000000                   1.000000e+30                   0.000000e+00                       2.000000
                2403760.930336                    1100.000000                   1.000000e+30                   0.000000e+00                       2.000000
                2403660.218308                    1100.000000                   1.000000e+30                   0.000000e+00                       2.000000
                2403559.625772                    1100.000000                   1.000000e+30                   0.000000e+00                       2.000000
                2403459.212386                    1100.000000                   1.000000e+30                   0.000000e+00                       2.000000
                2403359.037700                    1100.000000                   1.000000e+30                   0.000000e+00                       2.000000
                2403259.161125                    1100.000000                   1.000000e+30                   0.000000e+00                       2.000000
                2403159.641893                    1100.000000                   1.000000e+30                   0.000000e+00                       2.000000
                2403060.539025                    1100.000000                   1.000000e+30                   0.000000e+00                       2.000000
                2402961.911295                    1100.000000                   1.000000e+30                   0.000000e+00                       2.000000
                2402863.817195                    1100.000000                   1.000000e+30                   0.000000e+00                       2.000000
                2402766.314901                    1100.000000                   1.000000e+30                   0.000000e+00                       2.000000
                2402669.462238                    1100.000000                   1.000000e+30                   0.000000e+00                       2.000000
                2402573.316645                    1100.000000                   1.000000e+30                   0.000000e+00                       2.000000
                2402477.935142                    1100.000000                   1.000000e+30                   0.000000e+00                       2.000000
                2402383.374296                    1100.000000                   1.000000e+30                   0.000000e+00                       2.000000
                2402289.690189                    1100.000000                   1.000000e+30                   0.000000e+00                       2.000000
                2402196.938379                    1100.000000                   1.000000e+30                   0.000000e+00                       2.000000
                2402105.173874                    1100.000000                   1.000000e+30                   0.000000e+00                       2.000000
                2402014.451096                    1100.000000                   1.000000e+30                   0.000000e+00                       2.000000
                2401924.823850                    1100.000000                   1.000000e+30                   0.000000e+00                       2.000000
                2401836.345289                    1100.000000                   1.000000e+30                   0.000000e+00                       2.000000
                2401749.067888                    1100.000000                   1.000000e+30                   0.000000e+00                       2.000000
                2401663.043405                    1100.000000                   1.000000e+30                   0.000000e+00                       2.000000
                2401578.322860                    1100.000000                   1.000000e+30                   0.000000e+00                       2.000000
                2401494.956496                    1100.000000                   1.000000e+30                   0.000000e+00                       2.000000
                2401412.993756                    1100.000000                   1.000000e+30                   0.000000e+00                       2.000000
                2401332.483247                    1100.000000                   1.000000e+30                   0.000000e+00                       2.000000
                2401253.472717                    1100.000000                   1.000000e+30                   0.000000e+00                       2.000000
                2401176.009025                    1100.000000                   1.000000e+30                   0.000000e+00                       2.000000
                2401100.138111                    1100.000000                   1.000000e+30                   0.000000e+00                       2.000000
                2401025.904971                    1100.000000                   1.000000e+30                   0.000000e+00                       2.000000
                2400953.353629                    1100.000000                   1.000000e+30                   0.000000e+00                       2.000000
                2400882.527114                    1100.000000                   1.000000e+30                   0.000000e+00                       2.000000
                2400813.467429                    1100.000000                   1.000000e+30                   0.000000e+00                       2.000000
                2400746.215531                    1100.000000                   1.000000e+30                   0.000000e+00                       2.000000
                2400680.811305                    1100.000000                   1.000000e+30                   0.000000e+00                       2.000000
                2400617.293538                    1100.000000                   1.000000e+30                   0.000000e+00                       2.000000
                2400555.699902                    1100.000000                   1.000000e+30                   0.000000e+00                       2.000000
                2400496.066924                    1100.000000                   1.000000e+30                   0.000000e+00                       2.000000
                2400438.429971                    1100.000000                   1.000000e+30                   0.000000e+00                       2.000000
                2400382.823225                    1100.000000                   1.000000e+30                   0.000000e+00                       2.000000
                2400329.279663                    1100.000000                   1.000000e+30                   0.000000e+00                       2.000000
                2400277.831042                    1100.000000                   1.000000e+30                   0.000000e+00                       2.000000
                2400228.507872                    1100.000000                   1.000000e+30                   0.000000e+00                       2.000000
                2400181.339405                    1100.000000                   1.000000e+30                   0.000000e+00                       2.000000
                2400136.353616                    1100.000000                   1.000000e+30                   0.000000e+00                       2.000000
                2400093.577182                    1100.000000                   1.000000e+30                   0.000000e+00                       2.000000
                2400053.035474                    1100.000000                   1.000000e+30                   0.000000e+00                       2.000000
                2400014.752535                    1100.000000                   1.000000e+30                   0.000000e+00                       2.000000
                2399978.751070                    1100.000000                   1.000000e+30                   0.000000e+00                       2.000000
                2399945.052428                    1100.000000                   1.000000e+30                   0.000000e+00                       2.000000
                2399913.676596                    1100.000000                   1.000000e+30                   0.000000e+00                       2.000000
                2399884.642181                    1100.000000                   1.000000e+30                   0.000000e+00                       2.000000
                2399857.966403                    1100.000000                   1.000000e+30                   0.000000e+00                       2.000000
                2399833.665081                    1100.000000                   1.000000e+30                   0.000000e+00                       2.000000
                2399811.752628                    1100.000000                   1.000000e+30                   0.000000e+00                       2.000000
                2399792.242040                    1100.000000                   1.000000e+30                   0.000000e+00                       2.000000
                2399775.144886                    1100.000000                   1.000000e+30                   0.000000e+00                       2.000000
                2399760.471308                    1100.000000                   1.000000e+30                   0.000000e+00                       2.000000
                2399748.230007                    1100.000000                   1.000000e+30                   0.000000e+00                       2.000000
                2399738.428243                    1100.000000                   1.000000e+30                   0.000000e+00                       2.000000
                2399731.071829                    1100.000000                   1.000000e+30                   0.000000e+00                       2.000000
                2399726.165127                    1100.000000                   1.000000e+30                   0.000000e+00                       2.000000
                2399723.711049                    1100.000000                   1.000000e+30                   0.000000e+00                       2.000000
                2399723.404255                    1100.000000                   1.000000e+30                   0.000000e+00                       2.000000
                2399723.404255                    1250.000000                   1.000000e+30                   6.000000e+09                      15.000000
                2396624.773215                    1250.000000                   1.000000e+30                   6.000000e+09                      15.000000
                2393526.142174                    1250.000000                   1.000000e+30                   6.000000e+09                      15.000000
                2390427.511133                    1250.000000                   1.000000e+30                   6.000000e+09                      15.000000
                2387328.880092                    1250.000000                   1.000000e+30                   6.000000e+09                      15.000000
                2384230.249052                    1250.000000                   1.000000e+30                   6.000000e+09                      15.000000
                2381131.618011                    1250.000000                   1.000000e+30                   6.000000e+09                      15.000000
                2378032.986970                    1250.000000                   1.000000e+30                   6.000000e+09                      15.000000
                2374934.355929                    1250.000000                   1.000000e+30                   6.000000e+09                      15.000000
                2371835.724889                    1250.000000                   1.000000e+30                   6.000000e+09                      15.000000
                2368737.093848                    1250.000000                   1.000000e+30                   6.000000e+09                      15.000000
                2365638.462807                    1250.000000                   1.000000e+30                   6.000000e+09                      15.000000
                2362539.831766                    1250.000000                   1.000000e+30                   6.000000e+09                      15.000000
                2359441.200726                    1250.000000                   1.000000e+30                   6.000000e+09                      15.000000
                2356342.569685                    1250.000000                   1.000000e+30                   6.000000e+09                      15.000000
                2353243.938644                    1250.000000                   1.000000e+30                   6.000000e+09                      15.000000
                2350145.307603                    1250.000000                   1.000000e+30                   6.000000e+09                      15.000000
                2347046.676563                    1250.000000                   1.000000e+30                   6.000000e+09                      15.000000
                2343948.045522                    1250.000000                   1.000000e+30                   6.000000e+09                      15.000000
                2340849.414481                    1250.000000                   1.000000e+30                   6.000000e+09                      15.000000
                2337750.783441                    1250.000000                   1.000000e+30                   6.000000e+09                      15.000000
                2334652.152400                    1250.000000                   1.000000e+30                   6.000000e+09                      15.000000
                2331553.521359                    1250.000000                   1.000000e+30                   6.000000e+09                      15.000000
                2328454.890318                    1250.000000                   1.000000e+30                   6.000000e+09                      15.000000
                2325356.259278                    1250.000000                   1.000000e+30                   6.000000e+09                      15.000000
                2322257.628237                    1250.000000                   1.000000e+30                   6.000000e+09                      15.000000
                2319158.997196                    1250.000000                   1.000000e+30                   6.000000e+09                      15.000000
                2316060.366155                    1250.000000                   1.000000e+30                   6.000000e+09                      15.000000
                2312961.735115                    1250.000000                   1.000000e+30                   6.000000e+09                      15.000000
                2309863.104074                    1250.000000                   1.000000e+30                   6.000000e+09                      15.000000
                2306764.473033                    1250.000000                   1.000000e+30                   6.000000e+09                      15.000000
                2303665.841992                    1250.000000                   1.000000e+30                   6.000000e+09                      15.000000
                2300567.210952                    1250.000000                   1.000000e+30                   6.000000e+09                      15.000000
                2297468.579911                    1250.000000                   1.000000e+30                   6.000000e+09                      15.000000
                2294369.948870                    1250.000000                   1.000000e+30                   6.000000e+09                      15.000000
                2291271.317829                    1250.000000                   1.000000e+30                   6.000000e+09                      15.000000
                2288172.686789                    1250.000000                   1.000000e+30                   6.000000e+09                      15.000000
                2285074.055748                    1250.000000                   1.000000e+30                   6.000000e+09                      15.000000
                2281975.424707                    1250.000000                   1.000000e+30                   6.000000e+09                      15.000000
                2278876.793667                    1250.000000                   1.000000e+30                   6.000000e+09                      15.000000
                2275778.162626                    1250.000000                   1.000000e+30                   6.000000e+09                      15.000000
                2272679.531585                    1250.000000                   1.000000e+30                   6.000000e+09                      15.000000
                2269580.900544                    1250.000000                   1.000000e+30                   6.000000e+09                      15.000000
                2266482.269504                    1250.000000                   1.000000e+30                   6.000000e+09                      15.000000
                2263383.638463                    1250.000000                   1.000000e+30                   6.000000e+09                      15.000000
                2260285.007422                    1250.000000                   1.000000e+30                   6.000000e+09                      15.000000
                2257186.376381                    1250.000000                   1.000000e+30                   6.000000e+09                      15.000000
                2254087.745341                    1250.000000                   1.000000e+30                   6.000000e+09                      15.000000
                2250989.114300                    1250.000000                   1.000000e+30                   6.000000e+09                      15.000000
                2247890.483259                    1250.000000                   1.000000e+30                   6.000000e+09                      15.000000
                2244791.852218                    1250.000000                   1.000000e+30                   6.000000e+09                      15.000000
                2241693.221178                    1250.000000                   1.000000e+30                   6.000000e+09                      15.000000
                2238594.590137                    1250.000000                   1.000000e+30                   6.000000e+09                      15.000000
                2235495.959096                    1250.000000                   1.000000e+30                   6.000000e+09                      15.000000
                2232397.328055                    1250.000000                   1.000000e+30                   6.000000e+09                      15.000000
                2229298.697015                    1250.000000                   1.000000e+30                   6.000000e+09                      15.000000
                2226200.065974                    1250.000000                   1.000000e+30                   6.000000e+09                      15.000000
                2223101.434933                    1250.000000                   1.000000e+30                   6.000000e+09                      15.000000
                2220002.803892                    1250.000000                   1.000000e+30                   6.000000e+09                      15.000000
                2216904.172852                    1250.000000                   1.000000e+30                   6.000000e+09                      15.000000
                2213805.541811                    1250.000000                   1.000000e+30                   6.000000e+09                      15.000000
                2210706.910770                    1250.000000                   1.000000e+30                   6.000000e+09                      15.000000
                2207608.279730                    1250.000000                   1.000000e+30                   6.000000e+09                      15.000000
                2204509.648689                    1250.000000                   1.000000e+30                   6.000000e+09                      15.000000
                2201411.017648                    1250.000000                   1.000000e+30                   6.000000e+09                      15.000000
                2198312.386607                    1250.000000                   1.000000e+30                   6.000000e+09                      15.000000
                2195213.755567                    1250.000000                   1.000000e+30                   6.000000e+09                      15.000000
                2192115.124526                    1250.000000                   1.000000e+30                   6.000000e+09                      15.000000
                2189016.493485                    1250.000000                   1.000000e+30                   6.000000e+09                      15.000000
                2185917.862444                    1250.000000                   1.000000e+30                   6.000000e+09                      15.000000
                2182819.231404                    1250.000000                   1.000000e+30                   6.000000e+09                      15.000000
                2179720.600363                    1250.000000                   1.000000e+30                   6.000000e+09                      15.000000
                2176621.969322                    1250.000000                   1.000000e+30                   6.000000e+09                      15.000000
                2173523.338281                    1250.000000                   1.000000e+30                   6.000000e+09                      15.000000
                2170424.707241                    1250.000000                   1.000000e+30                   6.000000e+09                      15.000000
                2167326.076200                    1250.000000                   1.000000e+30                   6.000000e+09                      15.000000
                2164227.445159                    1250.000000                   1.000000e+30                   6.000000e+09                      15.000000
                2161128.814118                    1250.000000                   1.000000e+30                   6.000000e+09                      15.000000
                2158030.183078                    1250.000000                   1.000000e+30                   6.000000e+09                      15.000000
                2154931.552037                    1250.000000                   1.000000e+30                   6.000000e+09                      15.000000
                2151832.920996                    1250.000000                   1.000000e+30                   6.000000e+09                      15.000000
                2148734.289955                    1250.000000                   1.000000e+30                   6.000000e+09                      15.000000
                2145635.658915                    1250.000000                   1.000000e+30                   6.000000e+09                      15.000000
                2142537.027874                    1250.000000                   1.000000e+30                   6.000000e+09                      15.000000
                2139438.396833                    1250.000000                   1.000000e+30                   6.000000e+09                      15.000000
                2136339.765793                    1250.000000                   1.000000e+30                   6.000000e+09                      15.000000
                2133241.134752                    1250.000000                   1.000000e+30                   6.000000e+09                      15.000000
                2130142.503711                    1250.000000                   1.000000e+30                   6.000000e+09                      15.000000
                2127043.872670                    1250.000000                   1.000000e+30                   6.000000e+09                      15.000000
                2123945.241630                    1250.000000                   1.000000e+30                   6.000000e+09                      15.000000
                2120846.610589                    1250.000000                   1.000000e+30                   6.000000e+09                      15.000000
                2117747.979548                    1250.000000                   1.000000e+30                   6.000000e+09                      15.000000
                2114649.348507                    1250.000000                   1.000000e+30                   6.000000e+09                      15.000000
                2111550.717467                    1250.000000                   1.000000e+30                   6.000000e+09                      15.000000
                2108452.086426                    1250.000000                   1.000000e+30                   6.000000e+09                      15.000000
                2105353.455385                    1250.000000                   1.000000e+30                   6.000000e+09                      15.000000
                2102254.824344                    1250.000000                   1.000000e+30                   6.000000e+09                      15.000000
                2099156.193304                    1250.000000                   1.000000e+30                   6.000000e+09                      15.000000
                2096057.562263                    1250.000000                   1.000000e+30                   6.000000e+09                      15.000000
                2092958.931222                    1250.000000                   1.000000e+30                   6.000000e+09                      15.000000
                2089860.300181                    1250.000000                   1.000000e+30                   6.000000e+09                      15.000000
                2086761.669141                    1250.000000                   1.000000e+30                   6.000000e+09                      15.000000
                2083663.038100                    1250.000000                   1.000000e+30                   6.000000e+09                      15.000000
                2080564.407059                    1250.000000                   1.000000e+30                   6.000000e+09                      15.000000
                2077465.776018                    1250.000000                   1.000000e+30                   6.000000e+09                      15.000000
                2074367.144978                    1250.000000                   1.000000e+30                   6.000000e+09                      15.000000
                2071268.513937                    1250.000000                   1.000000e+30                   6.000000e+09                      15.000000
                2068169.882896                    1250.000000                   1.000000e+30                   6.000000e+09                      15.000000
                2065071.251856                    1250.000000                   1.000000e+30                   6.000000e+09                      15.000000
                2061972.620815                    1250.000000                   1.000000e+30                   6.000000e+09                      15.000000
                2058873.989774                    1250.000000                   1.000000e+30                   6.000000e+09                      15.000000
                2055775.358733                    1250.000000                   1.000000e+30                   6.000000e+09                      15.000000
                2052676.727693                    1250.000000                   1.000000e+30                   6.000000e+09                      15.000000
                2049578.096652                    1250.000000                   1.000000e+30                   6.000000e+09                      15.000000
                2046479.465611                    1250.000000                   1.000000e+30                   6.000000e+09                      15.000000
                2043380.834570                    1250.000000                   1.000000e+30                   6.000000e+09                      15.000000
                2040282.203530                    1250.000000                   1.000000e+30                   6.000000e+09                      15.000000
                2037183.572489                    1250.000000                   1.000000e+30                   6.000000e+09                      15.000000
                2034084.941448                    1250.000000                   1.000000e+30                   6.000000e+09                      15.000000
                2030986.310407                    1250.000000                   1.000000e+30                   6.000000e+09                      15.000000
                2027887.679367                    1250.000000                   1.000000e+30                   6.000000e+09                      15.000000
                2024789.048326                    1250.000000                   1.000000e+30                   6.000000e+09                      15.000000
                2021690.417285                    1250.000000                   1.000000e+30                   6.000000e+09                      15.000000
                2018591.786244                    1250.000000                   1.000000e+30                   6.000000e+09                      15.000000
                2015493.155204                    1250.000000                   1.000000e+30                   6.000000e+09                      15.000000
                2012394.524163                    1250.000000                   1.000000e+30                   6.000000e+09                      15.000000
                2009295.893122                    1250.000000                   1.000000e+30                   6.000000e+09                      15.000000
                2006197.262081                    1250.000000                   1.000000e+30                   6.000000e+09                      15.000000
                2003098.631041                    1250.000000                   1.000000e+30                   6.000000e+09                      15.000000
                2000000.000000                    1250.000000                   1.000000e+30                   6.000000e+09                      15.000000
                2000000.000000                    2843.354413                   1.000000e+30                   3.000000e+10                      17.000000
                1977579.444495                    2843.354413                   1.000000e+30                   3.000000e+10                      17.000000
                1955158.888991                    2843.354413                   1.000000e+30                   3.000000e+10                      17.000000
                1932738.333486                    2843.354413                   1.000000e+30                   3.000000e+10                      17.000000
                1910317.777982                    2843.354413                   1.000000e+30                   3.000000e+10                      17.000000
                1887897.222477                    2843.354413                   1.000000e+30                   3.000000e+10                      17.000000
                1865476.666973                    2843.354413                   1.000000e+30                   3.000000e+10                      17.000000
                1843056.111468                    2843.354413                   1.000000e+30                   3.000000e+10                      17.000000
                1820635.555964                    2843.354413                   1.000000e+30                   3.000000e+10                      17.000000
                1798215.000459                    2843.354413                   1.000000e+30                   3.000000e+10                      17.000000
                1775794.444954                    2843.354413                   1.000000e+30                   3.000000e+10                      17.000000
                1753373.889450                    2843.354413                   1.000000e+30                   3.000000e+10                      17.000000
                1730953.333945                    2843.354413                   1.000000e+30                   3.000000e+10                      17.000000
                1708532.778441                    2843.354413                   1.000000e+30                   3.000000e+10                      17.000000
                1686112.222936                    2843.354413                   1.000000e+30                   3.000000e+10                      17.000000
                1663691.667432                    2843.354413                   1.000000e+30                   3.000000e+10                      17.000000
                1641271.111927                    2843.354413                   1.000000e+30                   3.000000e+10                      17.000000
                1618850.556423                    2843.354413                   1.000000e+30                   3.000000e+10                      17.000000
                1596430.000918                    2843.354413                   1.000000e+30                   3.000000e+10                      17.000000
                1574009.445414                    2843.354413                   1.000000e+30                   3.000000e+10                      17.000000
                1551588.889909                    2843.354413                   1.000000e+30                   3.000000e+10                      17.000000
                1529168.334404                    2843.354413                   1.000000e+30                   3.000000e+10                      17.000000
                1506747.778900                    2843.354413                   1.000000e+30                   3.000000e+10                      17.000000
                1484327.223395                    2843.354413                   1.000000e+30                   3.000000e+10                      17.000000
                1461906.667891                    2843.354413                   1.000000e+30                   3.000000e+10                      17.000000
                1439486.112386                    2843.354413                   1.000000e+30                   3.000000e+10                      17.000000
                1417065.556882                    2843.354413                   1.000000e+30                   3.000000e+10                      17.000000
                1394645.001377                    2843.354413                   1.000000e+30                   3.000000e+10                      17.000000
                1372224.445873                    2843.354413                   1.000000e+30                   3.000000e+10                      17.000000
                1349803.890368                    2843.354413                   1.000000e+30                   3.000000e+10                      17.000000
                1327383.334863                    2843.354413                   1.000000e+30                   3.000000e+10                      17.000000
                1304962.779359                    2843.354413                   1.000000e+30                   3.000000e+10                      17.000000
                1282542.223854                    2843.354413                   1.000000e+30                   3.000000e+10                      17.000000
                1260121.668350                    2843.354413                   1.000000e+30                   3.000000e+10                      17.000000
                1237701.112845                    2843.354413                   1.000000e+30                   3.000000e+10                      17.000000
                1215280.557341                    2843.354413                   1.000000e+30                   3.000000e+10                      17.000000
                1192860.001836                    2843.354413                   1.000000e+30                   3.000000e+10                      17.000000
                1170439.446332                    2843.354413                   1.000000e+30                   3.000000e+10                      17.000000
                1148018.890827                    2843.354413                   1.000000e+30                   3.000000e+10                      17.000000
                1125598.335323                    2843.354413                   1.000000e+30                   3.000000e+10                      17.000000
                1103177.779818                    2843.354413                   1.000000e+30                   3.000000e+10                      17.000000
                1080757.224313                    2843.354413                   1.000000e+30                   3.000000e+10                      17.000000
                1058336.668809                    2843.354413                   1.000000e+30                   3.000000e+10                      17.000000
                1035916.113304                    2843.354413                   1.000000e+30                   3.000000e+10                      17.000000
                1013495.557800                    2843.354413                   1.000000e+30                   3.000000e+10                      17.000000
                 991075.002295                    2843.354413                   1.000000e+30                   3.000000e+10                      17.000000
                 968654.446791                    2843.354413                   1.000000e+30                   3.000000e+10                      17.000000
                 946233.891286                    2843.354413                   1.000000e+30                   3.000000e+10                      17.000000
                 923813.335782                    2843.354413                   1.000000e+30                   3.000000e+10                      17.000000
                 901392.780277                    2843.354413                   1.000000e+30                   3.000000e+10                      17.000000
                 878972.224772                    2843.354413                   1.000000e+30                   3.000000e+10                      17.000000
                 856551.669268                    2843.354413                   1.000000e+30                   3.000000e+10                      17.000000
                 834131.113763                    2843.354413                   1.000000e+30                   3.000000e+10                      17.000000
                 811710.558259                    2843.354413                   1.000000e+30                   3.000000e+10                      17.000000
                 789290.002754                    2843.354413                   1.000000e+30                   3.000000e+10                      17.000000
                 766869.447250                    2843.354413                   1.000000e+30                   3.000000e+10                      17.000000
                 744448.891745                    2843.354413                   1.000000e+30                   3.000000e+10                      17.000000
                 722028.336241                    2843.354413                   1.000000e+30                   3.000000e+10                      17.000000
                 699607.780736                    2843.354413                   1.000000e+30                   3.000000e+10                      17.000000
                 677187.225232                    2843.354413                   1.000000e+30                   3.000000e+10                      17.000000
                 654766.669727                    2843.354413                   1.000000e+30                   3.000000e+10                      17.000000
                 632346.114222                    2843.354413                   1.000000e+30                   3.000000e+10                      17.000000
                 609925.558718                    2843.354413                   1.000000e+30                   3.000000e+10                      17.000000
                 587505.003213                    2843.354413                   1.000000e+30                   3.000000e+10                      17.000000
                 565084.447709                    2843.354413                   1.000000e+30                   3.000000e+10                      17.000000
                 542663.892204                    2843.354413                   1.000000e+30                   3.000000e+10                      17.000000
                 520243.336700                    2843.354413                   1.000000e+30                   3.000000e+10                      17.000000
                 497822.781195                    2843.354413                   1.000000e+30                   3.000000e+10                      17.000000
                 475402.225691                    2843.354413                   1.000000e+30                   3.000000e+10                      17.000000
                 452981.670186                    2843.354413                   1.000000e+30                   3.000000e+10                      17.000000
                 430561.114681                    2843.354413                   1.000000e+30                   3.000000e+10                      17.000000
                 408140.559177                    2843.354413                   1.000000e+30                   3.000000e+10                      17.000000
                 385720.003672                    2843.354413                   1.000000e+30                   3.000000e+10                      17.000000
                 363299.448168                    2843.354413                   1.000000e+30                   3.000000e+10                      17.000000
                 340878.892663                    2843.354413                   1.000000e+30                   3.000000e+10                      17.000000
                 318458.337159                    2843.354413                   1.000000e+30                   3.000000e+10                      17.000000
                 296037.781654                    2843.354413                   1.000000e+30                   3.000000e+10                      17.000000
                 273617.226150                    2843.354413                   1.000000e+30                   3.000000e+10                      17.000000
                 251196.670645                    2843.354413                   1.000000e+30                   3.000000e+10                      17.000000
                 228776.115141                    2843.354413                   1.000000e+30                   3.000000e+10                      17.000000
                 206355.559636                    2843.354413                   1.000000e+30                   3.000000e+10                      17.000000
                 183935.004131                    2843.354413                   1.000000e+30                   3.000000e+10                      17.000000
                 161514.448627                    2843.354413                   1.000000e+30                   3.000000e+10                      17.000000
                 139093.893122                    2843.354413                   1.000000e+30                   3.000000e+10                      17.000000
                 116673.337618                    2843.354413                   1.000000e+30                   3.000000e+10                      17.000000
                  94252.782113                    2843.354413                   1.000000e+30                   3.000000e+10                      17.000000
                  71832.226609                    2843.354413                   1.000000e+30                   3.000000e+10                      17.000000
                  49411.671104                    2843.354413                   1.000000e+30                   3.000000e+10                      17.000000
                  26991.115600                    2843.354413                   1.000000e+30                   3.000000e+10                      17.000000
                   4570.560095                    2843.354413                   1.000000e+30                   3.000000e+10                      17.000000
                 -17849.995410                    2843.354413                   1.000000e+30                   3.000000e+10                      17.000000
                 -40270.550914                    2843.354413                   1.000000e+30                   3.000000e+10                      17.000000
                 -62691.106419                    2843.354413                   1.000000e+30                   3.000000e+10                      17.000000
                 -85111.661923                    2843.354413                   1.000000e+30                   3.000000e+10                      17.000000
                -107532.217428                    2843.354413                   1.000000e+30                   3.000000e+10                      17.000000
                -129952.772932                    2843.354413                   1.000000e+30                   3.000000e+10                      17.000000
                -152373.328437                    2843.354413                   1.000000e+30                   3.000000e+10                      17.000000
                -174793.883941                    2843.354413                   1.000000e+30                   3.000000e+10                      17.000000
                -197214.439446                    2843.354413                   1.000000e+30                   3.000000e+10                      17.000000
                -219634.994950                    2843.354413                   1.000000e+30                   3.000000e+10                      17.000000
                -242055.550455                    2843.354413                   1.000000e+30                   3.000000e+10                      17.000000
                -264476.105960                    2843.354413                   1.000000e+30                   3.000000e+10                      17.000000
                -286896.661464                    2843.354413                   1.000000e+30                   3.000000e+10                      17.000000
                -309317.216969                    2843.354413                   1.000000e+30                   3.000000e+10                      17.000000
                -331737.772473                    2843.354413                   1.000000e+30                   3.000000e+10                      17.000000
                -354158.327978                    2843.354413                   1.000000e+30                   3.000000e+10                      17.000000
                -376578.883482                    2843.354413                   1.000000e+30                   3.000000e+10                      17.000000
                -398999.438987                    2843.354413                   1.000000e+30                   3.000000e+10                      17.000000
                -421419.994491                    2843.354413                   1.000000e+30                   3.000000e+10                      17.000000
                -443840.549996                    2843.354413                   1.000000e+30                   3.000000e+10                      17.000000
                -466261.105501                    2843.354413                   1.000000e+30                   3.000000e+10                      17.000000
                -488681.661005                    2843.354413                   1.000000e+30                   3.000000e+10                      17.000000
                -511102.216510                    2843.354413                   1.000000e+30                   3.000000e+10                      17.000000
                -533522.772014                    2843.354413                   1.000000e+30                   3.000000e+10                      17.000000
                -555943.327519                    2843.354413                   1.000000e+30                   3.000000e+10                      17.000000
                -578363.883023                    2843.354413                   1.000000e+30                   3.000000e+10                      17.000000
                -600784.438528                    2843.354413                   1.000000e+30                   3.000000e+10                      17.000000
                -623204.994032                    2843.354413                   1.000000e+30                   3.000000e+10                      17.000000
                -645625.549537                    2843.354413                   1.000000e+30                   3.000000e+10                      17.000000
                -668046.105041                    2843.354413                   1.000000e+30                   3.000000e+10                      17.000000
                -690466.660546                    2843.354413                   1.000000e+30                   3.000000e+10                      17.000000
                -712887.216051                    2843.354413                   1.000000e+30                   3.000000e+10                      17.000000
                -735307.771555                    2843.354413                   1.000000e+30                   3.000000e+10                      17.000000
                -757728.327060                    2843.354413                   1.000000e+30                   3.000000e+10                      17.000000
                -780148.882564                    2843.354413                   1.000000e+30                   3.000000e+10                      17.000000
                -802569.438069                    2843.354413                   1.000000e+30                   3.000000e+10                      17.000000
                -824989.993573                    2843.354413                   1.000000e+30                   3.000000e+10                      17.000000
                -847410.549078                    2843.354413                   1.000000e+30                   3.000000e+10                      17.000000
                -869831.104582                    2843.354413                   1.000000e+30                   3.000000e+10                      17.000000
                -892251.660087                    2843.354413                   1.000000e+30                   3.000000e+10                      17.000000
                -892251.660087                    3300.000000                   1.000000e+30                   5.000000e+10                      22.000000
                -885334.903032                    3300.000000                   1.000000e+30                   5.000000e+10                      22.000000
                -878418.145977                    3300.000000                   1.000000e+30                   5.000000e+10                      22.000000
                -871501.388922                    3300.000000                   1.000000e+30                   5.000000e+10                      22.000000
                -864584.631867                    3300.000000                   1.000000e+30                   5.000000e+10                      22.000000
                -857667.874812                    3300.000000                   1.000000e+30                   5.000000e+10                      22.000000
                -850751.117757                    3300.000000                   1.000000e+30                   5.000000e+10                      22.000000
                -843834.360702                    3300.000000                   1.000000e+30                   5.000000e+10                      22.000000
                -836917.603647                    3300.000000                   1.000000e+30                   5.000000e+10                      22.000000
                -830000.846593                    3300.000000                   1.000000e+30                   5.000000e+10                      22.000000
                -823084.089538                    3300.000000                   1.000000e+30                   5.000000e+10                      22.000000
                -816167.332483                    3300.000000                   1.000000e+30                   5.000000e+10                      22.000000
                -809250.575428                    3300.000000                   1.000000e+30                   5.000000e+10                      22.000000
                -802333.818373                    3300.000000                   1.000000e+30                   5.000000e+10                      22.000000
                -795417.061318                    3300.000000                   1.000000e+30                   5.000000e+10                      22.000000
                -788500.304263                    3300.000000                   1.000000e+30                   5.000000e+10                      22.000000
                -781583.547208                    3300.000000                   1.000000e+30                   5.000000e+10                      22.000000
                -774666.790153                    3300.000000                   1.000000e+30                   5.000000e+10                      22.000000
                -767750.033098                    3300.000000                   1.000000e+30                   5.000000e+10                      22.000000
                -760833.276043                    3300.000000                   1.000000e+30                   5.000000e+10                      22.000000
                -753916.518988                    3300.000000                   1.000000e+30                   5.000000e+10                      22.000000
                -746999.761933                    3300.000000                   1.000000e+30                   5.000000e+10                      22.000000
                -740083.004878                    3300.000000                   1.000000e+30                   5.000000e+10                      22.000000
                -733166.247823                    3300.000000                   1.000000e+30                   5.000000e+10                      22.000000
                -726249.490768                    3300.000000                   1.000000e+30                   5.000000e+10                      22.000000
                -719332.733714                    3300.000000                   1.000000e+30                   5.000000e+10                      22.000000
                -712415.976659                    3300.000000                   1.000000e+30                   5.000000e+10                      22.000000
                -705499.219604                    3300.000000                   1.000000e+30                   5.000000e+10                      22.000000
                -698582.462549                    3300.000000                   1.000000e+30                   5.000000e+10                      22.000000
                -691665.705494                    3300.000000                   1.000000e+30                   5.000000e+10                      22.000000
                -684748.948439                    3300.000000                   1.000000e+30                   5.000000e+10                      22.000000
                -677832.191384                    3300.000000                   1.000000e+30                   5.000000e+10                      22.000000
                -670915.434329                    3300.000000                   1.000000e+30                   5.000000e+10                      22.000000
                -663998.677274                    3300.000000                   1.000000e+30                   5.000000e+10                      22.000000
                -657081.920219                    3300.000000                   1.000000e+30                   5.000000e+10                      22.000000
                -650165.163164                    3300.000000                   1.000000e+30                   5.000000e+10                      22.000000
                -643248.406109                    3300.000000                   1.000000e+30                   5.000000e+10                      22.000000
                -636331.649054                    3300.000000                   1.000000e+30                   5.000000e+10                      22.000000
                -629414.891999                    3300.000000                   1.000000e+30                   5.000000e+10                      22.000000
                -622498.134944                    3300.000000                   1.000000e+30                   5.000000e+10                      22.000000
                -615581.377889                    3300.000000                   1.000000e+30                   5.000000e+10                      22.000000
                -608664.620835                    3300.000000                   1.000000e+30                   5.000000e+10                      22.000000
                -601747.863780                    3300.000000                   1.000000e+30                   5.000000e+10                      22.000000
                -594831.106725                    3300.000000                   1.000000e+30                   5.000000e+10                      22.000000
                -587914.349670                    3300.000000                   1.000000e+30                   5.000000e+10                      22.000000
                -580997.592615                    3300.000000                   1.000000e+30                   5.000000e+10                      22.000000
                -574080.835560                    3300.000000                   1.000000e+30                   5.000000e+10                      22.000000
                -567164.078505                    3300.000000                   1.000000e+30                   5.000000e+10                      22.000000
                -560247.321450                    3300.000000                   1.000000e+30                   5.000000e+10                      22.000000
                -553330.564395                    3300.000000                   1.000000e+30                   5.000000e+10                      22.000000
                -546413.807340                    3300.000000                   1.000000e+30                   5.000000e+10                      22.000000
                -539497.050285                    3300.000000                   1.000000e+30                   5.000000e+10                      22.000000
                -532580.293230                    3300.000000                   1.000000e+30                   5.000000e+10                      22.000000
                -525663.536175                    3300.000000                   1.000000e+30                   5.000000e+10                      22.000000
                -518746.779120                    3300.000000                   1.000000e+30                   5.000000e+10                      22.000000
                -511830.022065                    3300.000000                   1.000000e+30                   5.000000e+10                      22.000000
                -504913.265010                    3300.000000                   1.000000e+30                   5.000000e+10                      22.000000
                -497996.507956                    3300.000000                   1.000000e+30                   5.000000e+10                      22.000000
                -491079.750901                    3300.000000                   1.000000e+30                   5.000000e+10                      22.000000
                -484162.993846                    3300.000000                   1.000000e+30                   5.000000e+10                      22.000000
                -477246.236791                    3300.000000                   1.000000e+30                   5.000000e+10                      22.000000
                -470329.479736                    3300.000000                   1.000000e+30                   5.000000e+10                      22.000000
                -463412.722681                    3300.000000                   1.000000e+30                   5.000000e+10                      22.000000
                -456495.965626                    3300.000000                   1.000000e+30                   5.000000e+10                      22.000000
                -449579.208571                    3300.000000                   1.000000e+30                   5.000000e+10                      22.000000
                -442662.451516                    3300.000000                   1.000000e+30                   5.000000e+10                      22.000000
                -435745.694461                    3300.000000                   1.000000e+30                   5.000000e+10                      22.000000
                -428828.937406                    3300.000000                   1.000000e+30                   5.000000e+10                      22.000000
                -421912.180351                    3300.000000                   1.000000e+30                   5.000000e+10                      22.000000
                -414995.423296                    3300.000000                   1.000000e+30                   5.000000e+10                      22.000000
                -408078.666241                    3300.000000                   1.000000e+30                   5.000000e+10                      22.000000
                -401161.909186                    3300.000000                   1.000000e+30                   5.000000e+10                      22.000000
                -394245.152131                    3300.000000                   1.000000e+30                   5.000000e+10                      22.000000
                -387328.395077                    3300.000000                   1.000000e+30                   5.000000e+10                      22.000000
                -380411.638022                    3300.000000                   1.000000e+30                   5.000000e+10                      22.000000
                -373494.880967                    3300.000000                   1.000000e+30                   5.000000e+10                      22.000000
                -366578.123912                    3300.000000                   1.000000e+30                   5.000000e+10                      22.000000
                -359661.366857                    3300.000000                   1.000000e+30                   5.000000e+10                      22.000000
                -352744.609802                    3300.000000                   1.000000e+30                   5.000000e+10                      22.000000
                -345827.852747                    3300.000000                   1.000000e+30                   5.000000e+10                      22.000000
                -338911.095692                    3300.000000                   1.000000e+30                   5.000000e+10                      22.000000
                -331994.338637                    3300.000000                   1.000000e+30                   5.000000e+10                      22.000000
                -325077.581582                    3300.000000                   1.000000e+30                   5.000000e+10                      22.000000
                -318160.824527                    3300.000000                   1.000000e+30                   5.000000e+10                      22.000000
                -311244.067472                    3300.000000                   1.000000e+30                   5.000000e+10                      22.000000
                -304327.310417                    3300.000000                   1.000000e+30                   5.000000e+10                      22.000000
                -297410.553362                    3300.000000                   1.000000e+30                   5.000000e+10                      22.000000
                -290493.796307                    3300.000000                   1.000000e+30                   5.000000e+10                      22.000000
                -283577.039252                    3300.000000                   1.000000e+30                   5.000000e+10                      22.000000
                -276660.282198                    3300.000000                   1.000000e+30                   5.000000e+10                      22.000000
                -269743.525143                    3300.000000                   1.000000e+30                   5.000000e+10                      22.000000
                -262826.768088                    3300.000000                   1.000000e+30                   5.000000e+10                      22.000000
                -255910.011033                    3300.000000                   1.000000e+30                   5.000000e+10                      22.000000
                -248993.253978                    3300.000000                   1.000000e+30                   5.000000e+10                      22.000000
                -242076.496923                    3300.000000                   1.000000e+30                   5.000000e+10                      22.000000
                -235159.739868                    3300.000000                   1.000000e+30                   5.000000e+10                      22.000000
                -228242.982813                    3300.000000                   1.000000e+30                   5.000000e+10                      22.000000
                -221326.225758                    3300.000000                   1.000000e+30                   5.000000e+10                      22.000000
                -214409.468703                    3300.000000                   1.000000e+30                   5.000000e+10                      22.000000
                -207492.711648                    3300.000000                   1.000000e+30                   5.000000e+10                      22.000000
                -200575.954593                    3300.000000                   1.000000e+30                   5.000000e+10                      22.000000
                -193659.197538                    3300.000000                   1.000000e+30                   5.000000e+10                      22.000000
                -186742.440483                    3300.000000                   1.000000e+30                   5.000000e+10                      22.000000
                -179825.683428                    3300.000000                   1.000000e+30                   5.000000e+10                      22.000000
                -172908.926373                    3300.000000                   1.000000e+30                   5.000000e+10                      22.000000
                -165992.169319                    3300.000000                   1.000000e+30                   5.000000e+10                      22.000000
                -159075.412264                    3300.000000                   1.000000e+30                   5.000000e+10                      22.000000
                -152158.655209                    3300.000000                   1.000000e+30                   5.000000e+10                      22.000000
                -145241.898154                    3300.000000                   1.000000e+30                   5.000000e+10                      22.000000
                -138325.141099                    3300.000000                   1.000000e+30                   5.000000e+10                      22.000000
                -131408.384044                    3300.000000                   1.000000e+30                   5.000000e+10                      22.000000
                -124491.626989                    3300.000000                   1.000000e+30                   5.000000e+10                      22.000000
                -117574.869934                    3300.000000                   1.000000e+30                   5.000000e+10                      22.000000
                -110658.112879                    3300.000000                   1.000000e+30                   5.000000e+10                      22.000000
                -103741.355824                    3300.000000                   1.000000e+30                   5.000000e+10                      22.000000
                 -96824.598769                    3300.000000                   1.000000e+30                   5.000000e+10                      22.000000
                 -89907.841714                    3300.000000                   1.000000e+30                   5.000000e+10                      22.000000
                 -82991.084659                    3300.000000                   1.000000e+30                   5.000000e+10                      22.000000
                 -76074.327604                    3300.000000                   1.000000e+30                   5.000000e+10                      22.000000
                 -69157.570549                    3300.000000                   1.000000e+30                   5.000000e+10                      22.000000
                 -62240.813494                    3300.000000                   1.000000e+30                   5.000000e+10                      22.000000
                 -55324.056440                    3300.000000                   1.000000e+30                   5.000000e+10                      22.000000
                 -48407.299385                    3300.000000                   1.000000e+30                   5.000000e+10                      22.000000
                 -41490.542330                    3300.000000                   1.000000e+30                   5.000000e+10                      22.000000
                 -34573.785275                    3300.000000                   1.000000e+30                   5.000000e+10                      22.000000
                 -27657.028220                    3300.000000                   1.000000e+30                   5.000000e+10                      22.000000
                 -20740.271165                    3300.000000                   1.000000e+30                   5.000000e+10                      22.000000
                 -13823.514110                    3300.000000                   1.000000e+30                   5.000000e+10                      22.000000
                  -6906.757055                    3300.000000                   1.000000e+30                   5.000000e+10                      22.000000
                     10.000000                    3300.000000                   1.000000e+30                   5.000000e+10                      22.000000
