                   #Radius (m)               Density (kg/m^3)              Bulk modulus (Pa)             Shear modulus (Pa)               Viscosity (Pa.s)
                2575000.000000                     930.000000                   1.000000e+30                   3.500000e+09                      24.000000
                2574999.710145                     930.000000                   1.000000e+30                   3.500000e+09                      24.000000
                2574999.420290                     930.000000                   1.000000e+30                   3.500000e+09                      24.000000
                2574999.130435                     930.000000                   1.000000e+30                   3.500000e+09                      24.000000
                2574998.840580                     930.000000                   1.000000e+30                   3.500000e+09                      24.000000
                2574998.550725                     930.000000                   1.000000e+30                   3.500000e+09                      24.000000
                2574998.260870                     930.000000                   1.000000e+30                   3.500000e+09                      24.000000
                2574997.971014                     930.000000                   1.000000e+30                   3.500000e+09                      24.000000
                2574997.681159                     930.000000                   1.000000e+30                   3.500000e+09                      24.000000
                2574997.391304                     930.000000                   1.000000e+30                   3.500000e+09                      24.000000
                2574997.101449                     930.000000                   1.000000e+30                   3.500000e+09                      24.000000
                2574996.811594                     930.000000                   1.000000e+30                   3.500000e+09                      24.000000
                2574996.521739                     930.000000                   1.000000e+30                   3.500000e+09                      24.000000
                2574996.231884                     930.000000                   1.000000e+30                   3.500000e+09                      24.000000
                2574995.942029                     930.000000                   1.000000e+30                   3.500000e+09                      24.000000
                2574995.652174                     930.000000                   1.000000e+30                   3.500000e+09                      24.000000
                2574995.362319                     930.000000                   1.000000e+30                   3.500000e+09                      24.000000
                2574995.072464                     930.000000                   1.000000e+30                   3.500000e+09                      24.000000
                2574994.782609                     930.000000                   1.000000e+30                   3.500000e+09                      24.000000
                2574994.492754                     930.000000                   1.000000e+30                   3.500000e+09                      24.000000
                2574994.202899                     930.000000                   1.000000e+30                   3.500000e+09                      24.000000
                2574993.913043                     930.000000                   1.000000e+30                   3.500000e+09                      24.000000
                2574993.623188                     930.000000                   1.000000e+30                   3.500000e+09                      24.000000
                2574993.333333                     930.000000                   1.000000e+30                   3.500000e+09                      24.000000
                2574993.043478                     930.000000                   1.000000e+30                   3.500000e+09                      24.000000
                2574992.753623                     930.000000                   1.000000e+30                   3.500000e+09                      24.000000
                2574992.463768                     930.000000                   1.000000e+30                   3.500000e+09                      24.000000
                2574992.173913                     930.000000                   1.000000e+30                   3.500000e+09                      24.000000
                2574991.884058                     930.000000                   1.000000e+30                   3.500000e+09                      24.000000
                2574991.594203                     930.000000                   1.000000e+30                   3.500000e+09                      24.000000
                2574991.304348                     930.000000                   1.000000e+30                   3.500000e+09                      24.000000
                2574991.014493                     930.000000                   1.000000e+30                   3.500000e+09                      24.000000
                2574990.724638                     930.000000                   1.000000e+30                   3.500000e+09                      24.000000
                2574990.434783                     930.000000                   1.000000e+30                   3.500000e+09                      24.000000
                2574990.144928                     930.000000                   1.000000e+30                   3.500000e+09                      24.000000
                2574989.855072                     930.000000                   1.000000e+30                   3.500000e+09                      24.000000
                2574989.565217                     930.000000                   1.000000e+30                   3.500000e+09                      24.000000
                2574989.275362                     930.000000                   1.000000e+30                   3.500000e+09                      24.000000
                2574988.985507                     930.000000                   1.000000e+30                   3.500000e+09                      24.000000
                2574988.695652                     930.000000                   1.000000e+30                   3.500000e+09                      24.000000
                2574988.405797                     930.000000                   1.000000e+30                   3.500000e+09                      24.000000
                2574988.115942                     930.000000                   1.000000e+30                   3.500000e+09                      24.000000
                2574987.826087                     930.000000                   1.000000e+30                   3.500000e+09                      24.000000
                2574987.536232                     930.000000                   1.000000e+30                   3.500000e+09                      24.000000
                2574987.246377                     930.000000                   1.000000e+30                   3.500000e+09                      24.000000
                2574986.956522                     930.000000                   1.000000e+30                   3.500000e+09                      24.000000
                2574986.666667                     930.000000                   1.000000e+30                   3.500000e+09                      24.000000
                2574986.376812                     930.000000                   1.000000e+30                   3.500000e+09                      24.000000
                2574986.086957                     930.000000                   1.000000e+30                   3.500000e+09                      24.000000
                2574985.797101                     930.000000                   1.000000e+30                   3.500000e+09                      24.000000
                2574985.507246                     930.000000                   1.000000e+30                   3.500000e+09                      24.000000
                2574985.217391                     930.000000                   1.000000e+30                   3.500000e+09                      24.000000
                2574984.927536                     930.000000                   1.000000e+30                   3.500000e+09                      24.000000
                2574984.637681                     930.000000                   1.000000e+30                   3.500000e+09                      24.000000
                2574984.347826                     930.000000                   1.000000e+30                   3.500000e+09                      24.000000
                2574984.057971                     930.000000                   1.000000e+30                   3.500000e+09                      24.000000
                2574983.768116                     930.000000                   1.000000e+30                   3.500000e+09                      24.000000
                2574983.478261                     930.000000                   1.000000e+30                   3.500000e+09                      24.000000
                2574983.188406                     930.000000                   1.000000e+30                   3.500000e+09                      24.000000
                2574982.898551                     930.000000                   1.000000e+30                   3.500000e+09                      24.000000
                2574982.608696                     930.000000                   1.000000e+30                   3.500000e+09                      24.000000
                2574982.318841                     930.000000                   1.000000e+30                   3.500000e+09                      24.000000
                2574982.028986                     930.000000                   1.000000e+30                   3.500000e+09                      24.000000
                2574981.739130                     930.000000                   1.000000e+30                   3.500000e+09                      24.000000
                2574981.449275                     930.000000                   1.000000e+30                   3.500000e+09                      24.000000
                2574981.159420                     930.000000                   1.000000e+30                   3.500000e+09                      24.000000
                2574980.869565                     930.000000                   1.000000e+30                   3.500000e+09                      24.000000
                2574980.579710                     930.000000                   1.000000e+30                   3.500000e+09                      24.000000
                2574980.289855                     930.000000                   1.000000e+30                   3.500000e+09                      24.000000
                2574980.000000                     930.000000                   1.000000e+30                   3.500000e+09                      24.000000
                2574980.000000                     930.000000                   1.000000e+30                   3.500000e+09                      15.000000
                2573685.581395                     930.000000                   1.000000e+30                   3.500000e+09                      15.000000
                2572391.162791                     930.000000                   1.000000e+30                   3.500000e+09                      15.000000
                2571096.744186                     930.000000                   1.000000e+30                   3.500000e+09                      15.000000
                2569802.325581                     930.000000                   1.000000e+30                   3.500000e+09                      15.000000
                2568507.906977                     930.000000                   1.000000e+30                   3.500000e+09                      15.000000
                2567213.488372                     930.000000                   1.000000e+30                   3.500000e+09                      15.000000
                2565919.069767                     930.000000                   1.000000e+30                   3.500000e+09                      15.000000
                2564624.651163                     930.000000                   1.000000e+30                   3.500000e+09                      15.000000
                2563330.232558                     930.000000                   1.000000e+30                   3.500000e+09                      15.000000
                2562035.813953                     930.000000                   1.000000e+30                   3.500000e+09                      15.000000
                2560741.395349                     930.000000                   1.000000e+30                   3.500000e+09                      15.000000
                2559446.976744                     930.000000                   1.000000e+30                   3.500000e+09                      15.000000
                2558152.558140                     930.000000                   1.000000e+30                   3.500000e+09                      15.000000
                2556858.139535                     930.000000                   1.000000e+30                   3.500000e+09                      15.000000
                2555563.720930                     930.000000                   1.000000e+30                   3.500000e+09                      15.000000
                2554269.302326                     930.000000                   1.000000e+30                   3.500000e+09                      15.000000
                2552974.883721                     930.000000                   1.000000e+30                   3.500000e+09                      15.000000
                2551680.465116                     930.000000                   1.000000e+30                   3.500000e+09                      15.000000
                2550386.046512                     930.000000                   1.000000e+30                   3.500000e+09                      15.000000
                2549091.627907                     930.000000                   1.000000e+30                   3.500000e+09                      15.000000
                2547797.209302                     930.000000                   1.000000e+30                   3.500000e+09                      15.000000
                2546502.790698                     930.000000                   1.000000e+30                   3.500000e+09                      15.000000
                2545208.372093                     930.000000                   1.000000e+30                   3.500000e+09                      15.000000
                2543913.953488                     930.000000                   1.000000e+30                   3.500000e+09                      15.000000
                2542619.534884                     930.000000                   1.000000e+30                   3.500000e+09                      15.000000
                2541325.116279                     930.000000                   1.000000e+30                   3.500000e+09                      15.000000
                2540030.697674                     930.000000                   1.000000e+30                   3.500000e+09                      15.000000
                2538736.279070                     930.000000                   1.000000e+30                   3.500000e+09                      15.000000
                2537441.860465                     930.000000                   1.000000e+30                   3.500000e+09                      15.000000
                2536147.441860                     930.000000                   1.000000e+30                   3.500000e+09                      15.000000
                2534853.023256                     930.000000                   1.000000e+30                   3.500000e+09                      15.000000
                2533558.604651                     930.000000                   1.000000e+30                   3.500000e+09                      15.000000
                2532264.186047                     930.000000                   1.000000e+30                   3.500000e+09                      15.000000
                2530969.767442                     930.000000                   1.000000e+30                   3.500000e+09                      15.000000
                2529675.348837                     930.000000                   1.000000e+30                   3.500000e+09                      15.000000
                2528380.930233                     930.000000                   1.000000e+30                   3.500000e+09                      15.000000
                2527086.511628                     930.000000                   1.000000e+30                   3.500000e+09                      15.000000
                2525792.093023                     930.000000                   1.000000e+30                   3.500000e+09                      15.000000
                2524497.674419                     930.000000                   1.000000e+30                   3.500000e+09                      15.000000
                2523203.255814                     930.000000                   1.000000e+30                   3.500000e+09                      15.000000
                2521908.837209                     930.000000                   1.000000e+30                   3.500000e+09                      15.000000
                2520614.418605                     930.000000                   1.000000e+30                   3.500000e+09                      15.000000
                2519320.000000                     930.000000                   1.000000e+30                   3.500000e+09                      15.000000
                2518025.581395                     930.000000                   1.000000e+30                   3.500000e+09                      15.000000
                2516731.162791                     930.000000                   1.000000e+30                   3.500000e+09                      15.000000
                2515436.744186                     930.000000                   1.000000e+30                   3.500000e+09                      15.000000
                2514142.325581                     930.000000                   1.000000e+30                   3.500000e+09                      15.000000
                2512847.906977                     930.000000                   1.000000e+30                   3.500000e+09                      15.000000
                2511553.488372                     930.000000                   1.000000e+30                   3.500000e+09                      15.000000
                2510259.069767                     930.000000                   1.000000e+30                   3.500000e+09                      15.000000
                2508964.651163                     930.000000                   1.000000e+30                   3.500000e+09                      15.000000
                2507670.232558                     930.000000                   1.000000e+30                   3.500000e+09                      15.000000
                2506375.813953                     930.000000                   1.000000e+30                   3.500000e+09                      15.000000
                2505081.395349                     930.000000                   1.000000e+30                   3.500000e+09                      15.000000
                2503786.976744                     930.000000                   1.000000e+30                   3.500000e+09                      15.000000
                2502492.558140                     930.000000                   1.000000e+30                   3.500000e+09                      15.000000
                2501198.139535                     930.000000                   1.000000e+30                   3.500000e+09                      15.000000
                2499903.720930                     930.000000                   1.000000e+30                   3.500000e+09                      15.000000
                2498609.302326                     930.000000                   1.000000e+30                   3.500000e+09                      15.000000
                2497314.883721                     930.000000                   1.000000e+30                   3.500000e+09                      15.000000
                2496020.465116                     930.000000                   1.000000e+30                   3.500000e+09                      15.000000
                2494726.046512                     930.000000                   1.000000e+30                   3.500000e+09                      15.000000
                2493431.627907                     930.000000                   1.000000e+30                   3.500000e+09                      15.000000
                2492137.209302                     930.000000                   1.000000e+30                   3.500000e+09                      15.000000
                2490842.790698                     930.000000                   1.000000e+30                   3.500000e+09                      15.000000
                2489548.372093                     930.000000                   1.000000e+30                   3.500000e+09                      15.000000
                2488253.953488                     930.000000                   1.000000e+30                   3.500000e+09                      15.000000
                2486959.534884                     930.000000                   1.000000e+30                   3.500000e+09                      15.000000
                2485665.116279                     930.000000                   1.000000e+30                   3.500000e+09                      15.000000
                2484370.697674                     930.000000                   1.000000e+30                   3.500000e+09                      15.000000
                2483076.279070                     930.000000                   1.000000e+30                   3.500000e+09                      15.000000
                2481781.860465                     930.000000                   1.000000e+30                   3.500000e+09                      15.000000
                2480487.441860                     930.000000                   1.000000e+30                   3.500000e+09                      15.000000
                2479193.023256                     930.000000                   1.000000e+30                   3.500000e+09                      15.000000
                2477898.604651                     930.000000                   1.000000e+30                   3.500000e+09                      15.000000
                2476604.186047                     930.000000                   1.000000e+30                   3.500000e+09                      15.000000
                2475309.767442                     930.000000                   1.000000e+30                   3.500000e+09                      15.000000
                2474015.348837                     930.000000                   1.000000e+30                   3.500000e+09                      15.000000
                2472720.930233                     930.000000                   1.000000e+30                   3.500000e+09                      15.000000
                2471426.511628                     930.000000                   1.000000e+30                   3.500000e+09                      15.000000
                2470132.093023                     930.000000                   1.000000e+30                   3.500000e+09                      15.000000
                2468837.674419                     930.000000                   1.000000e+30                   3.500000e+09                      15.000000
                2467543.255814                     930.000000                   1.000000e+30                   3.500000e+09                      15.000000
                2466248.837209                     930.000000                   1.000000e+30                   3.500000e+09                      15.000000
                2464954.418605                     930.000000                   1.000000e+30                   3.500000e+09                      15.000000
                2463660.000000                     930.000000                   1.000000e+30                   3.500000e+09                      15.000000
                2462365.581395                     930.000000                   1.000000e+30                   3.500000e+09                      15.000000
                2461071.162791                     930.000000                   1.000000e+30                   3.500000e+09                      15.000000
                2459776.744186                     930.000000                   1.000000e+30                   3.500000e+09                      15.000000
                2458482.325581                     930.000000                   1.000000e+30                   3.500000e+09                      15.000000
                2457187.906977                     930.000000                   1.000000e+30                   3.500000e+09                      15.000000
                2455893.488372                     930.000000                   1.000000e+30                   3.500000e+09                      15.000000
                2454599.069767                     930.000000                   1.000000e+30                   3.500000e+09                      15.000000
                2453304.651163                     930.000000                   1.000000e+30                   3.500000e+09                      15.000000
                2452010.232558                     930.000000                   1.000000e+30                   3.500000e+09                      15.000000
                2450715.813953                     930.000000                   1.000000e+30                   3.500000e+09                      15.000000
                2449421.395349                     930.000000                   1.000000e+30                   3.500000e+09                      15.000000
                2448126.976744                     930.000000                   1.000000e+30                   3.500000e+09                      15.000000
                2446832.558140                     930.000000                   1.000000e+30                   3.500000e+09                      15.000000
                2445538.139535                     930.000000                   1.000000e+30                   3.500000e+09                      15.000000
                2444243.720930                     930.000000                   1.000000e+30                   3.500000e+09                      15.000000
                2442949.302326                     930.000000                   1.000000e+30                   3.500000e+09                      15.000000
                2441654.883721                     930.000000                   1.000000e+30                   3.500000e+09                      15.000000
                2440360.465116                     930.000000                   1.000000e+30                   3.500000e+09                      15.000000
                2439066.046512                     930.000000                   1.000000e+30                   3.500000e+09                      15.000000
                2437771.627907                     930.000000                   1.000000e+30                   3.500000e+09                      15.000000
                2436477.209302                     930.000000                   1.000000e+30                   3.500000e+09                      15.000000
                2435182.790698                     930.000000                   1.000000e+30                   3.500000e+09                      15.000000
                2433888.372093                     930.000000                   1.000000e+30                   3.500000e+09                      15.000000
                2432593.953488                     930.000000                   1.000000e+30                   3.500000e+09                      15.000000
                2431299.534884                     930.000000                   1.000000e+30                   3.500000e+09                      15.000000
                2430005.116279                     930.000000                   1.000000e+30                   3.500000e+09                      15.000000
                2428710.697674                     930.000000                   1.000000e+30                   3.500000e+09                      15.000000
                2427416.279070                     930.000000                   1.000000e+30                   3.500000e+09                      15.000000
                2426121.860465                     930.000000                   1.000000e+30                   3.500000e+09                      15.000000
                2424827.441860                     930.000000                   1.000000e+30                   3.500000e+09                      15.000000
                2423533.023256                     930.000000                   1.000000e+30                   3.500000e+09                      15.000000
                2422238.604651                     930.000000                   1.000000e+30                   3.500000e+09                      15.000000
                2420944.186047                     930.000000                   1.000000e+30                   3.500000e+09                      15.000000
                2419649.767442                     930.000000                   1.000000e+30                   3.500000e+09                      15.000000
                2418355.348837                     930.000000                   1.000000e+30                   3.500000e+09                      15.000000
                2417060.930233                     930.000000                   1.000000e+30                   3.500000e+09                      15.000000
                2415766.511628                     930.000000                   1.000000e+30                   3.500000e+09                      15.000000
                2414472.093023                     930.000000                   1.000000e+30                   3.500000e+09                      15.000000
                2413177.674419                     930.000000                   1.000000e+30                   3.500000e+09                      15.000000
                2411883.255814                     930.000000                   1.000000e+30                   3.500000e+09                      15.000000
                2410588.837209                     930.000000                   1.000000e+30                   3.500000e+09                      15.000000
                2409294.418605                     930.000000                   1.000000e+30                   3.500000e+09                      15.000000
                2408000.000000                     930.000000                   1.000000e+30                   3.500000e+09                      15.000000
                2408000.000000                    1100.000000                   1.000000e+30                   0.000000e+00                       2.000000
                2407999.261875                    1100.000000                   1.000000e+30                   0.000000e+00                       2.000000
                2407997.950058                    1100.000000                   1.000000e+30                   0.000000e+00                       2.000000
                2407995.983304                    1100.000000                   1.000000e+30                   0.000000e+00                       2.000000
                2407993.362781                    1100.000000                   1.000000e+30                   0.000000e+00                       2.000000
                2407990.090043                    1100.000000                   1.000000e+30                   0.000000e+00                       2.000000
                2407986.167029                    1100.000000                   1.000000e+30                   0.000000e+00                       2.000000
                2407981.596068                    1100.000000                   1.000000e+30                   0.000000e+00                       2.000000
                2407976.379870                    1100.000000                   1.000000e+30                   0.000000e+00                       2.000000
                2407970.521527                    1100.000000                   1.000000e+30                   0.000000e+00                       2.000000
                2407964.024516                    1100.000000                   1.000000e+30                   0.000000e+00                       2.000000
                2407956.892688                    1100.000000                   1.000000e+30                   0.000000e+00                       2.000000
                2407949.130274                    1100.000000                   1.000000e+30                   0.000000e+00                       2.000000
                2407940.741877                    1100.000000                   1.000000e+30                   0.000000e+00                       2.000000
                2407931.732471                    1100.000000                   1.000000e+30                   0.000000e+00                       2.000000
                2407922.107401                    1100.000000                   1.000000e+30                   0.000000e+00                       2.000000
                2407911.872373                    1100.000000                   1.000000e+30                   0.000000e+00                       2.000000
                2407901.033459                    1100.000000                   1.000000e+30                   0.000000e+00                       2.000000
                2407889.597086                    1100.000000                   1.000000e+30                   0.000000e+00                       2.000000
                2407877.570037                    1100.000000                   1.000000e+30                   0.000000e+00                       2.000000
                2407864.959444                    1100.000000                   1.000000e+30                   0.000000e+00                       2.000000
                2407851.772787                    1100.000000                   1.000000e+30                   0.000000e+00                       2.000000
                2407838.017886                    1100.000000                   1.000000e+30                   0.000000e+00                       2.000000
                2407823.702898                    1100.000000                   1.000000e+30                   0.000000e+00                       2.000000
                2407808.836313                    1100.000000                   1.000000e+30                   0.000000e+00                       2.000000
                2407793.426947                    1100.000000                   1.000000e+30                   0.000000e+00                       2.000000
                2407777.483940                    1100.000000                   1.000000e+30                   0.000000e+00                       2.000000
                2407761.016747                    1100.000000                   1.000000e+30                   0.000000e+00                       2.000000
                2407744.035133                    1100.000000                   1.000000e+30                   0.000000e+00                       2.000000
                2407726.549171                    1100.000000                   1.000000e+30                   0.000000e+00                       2.000000
                2407708.569229                    1100.000000                   1.000000e+30                   0.000000e+00                       2.000000
                2407690.105971                    1100.000000                   1.000000e+30                   0.000000e+00                       2.000000
                2407671.170347                    1100.000000                   1.000000e+30                   0.000000e+00                       2.000000
                2407651.773588                    1100.000000                   1.000000e+30                   0.000000e+00                       2.000000
                2407631.927195                    1100.000000                   1.000000e+30                   0.000000e+00                       2.000000
                2407611.642941                    1100.000000                   1.000000e+30                   0.000000e+00                       2.000000
                2407590.932853                    1100.000000                   1.000000e+30                   0.000000e+00                       2.000000
                2407569.809216                    1100.000000                   1.000000e+30                   0.000000e+00                       2.000000
                2407548.284555                    1100.000000                   1.000000e+30                   0.000000e+00                       2.000000
                2407526.371637                    1100.000000                   1.000000e+30                   0.000000e+00                       2.000000
                2407504.083458                    1100.000000                   1.000000e+30                   0.000000e+00                       2.000000
                2407481.433235                    1100.000000                   1.000000e+30                   0.000000e+00                       2.000000
                2407458.434402                    1100.000000                   1.000000e+30                   0.000000e+00                       2.000000
                2407435.100598                    1100.000000                   1.000000e+30                   0.000000e+00                       2.000000
                2407411.445661                    1100.000000                   1.000000e+30                   0.000000e+00                       2.000000
                2407387.483621                    1100.000000                   1.000000e+30                   0.000000e+00                       2.000000
                2407363.228688                    1100.000000                   1.000000e+30                   0.000000e+00                       2.000000
                2407338.695247                    1100.000000                   1.000000e+30                   0.000000e+00                       2.000000
                2407313.897848                    1100.000000                   1.000000e+30                   0.000000e+00                       2.000000
                2407288.851197                    1100.000000                   1.000000e+30                   0.000000e+00                       2.000000
                2407263.570149                    1100.000000                   1.000000e+30                   0.000000e+00                       2.000000
                2407238.069695                    1100.000000                   1.000000e+30                   0.000000e+00                       2.000000
                2407212.364961                    1100.000000                   1.000000e+30                   0.000000e+00                       2.000000
                2407186.471190                    1100.000000                   1.000000e+30                   0.000000e+00                       2.000000
                2407160.403739                    1100.000000                   1.000000e+30                   0.000000e+00                       2.000000
                2407134.178067                    1100.000000                   1.000000e+30                   0.000000e+00                       2.000000
                2407107.809727                    1100.000000                   1.000000e+30                   0.000000e+00                       2.000000
                2407081.314359                    1100.000000                   1.000000e+30                   0.000000e+00                       2.000000
                2407054.707675                    1100.000000                   1.000000e+30                   0.000000e+00                       2.000000
                2407028.005454                    1100.000000                   1.000000e+30                   0.000000e+00                       2.000000
                2407001.223533                    1100.000000                   1.000000e+30                   0.000000e+00                       2.000000
                2406974.377795                    1100.000000                   1.000000e+30                   0.000000e+00                       2.000000
                2406947.484161                    1100.000000                   1.000000e+30                   0.000000e+00                       2.000000
                2406920.558580                    1100.000000                   1.000000e+30                   0.000000e+00                       2.000000
                2406893.617021                    1100.000000                   1.000000e+30                   0.000000e+00                       2.000000
                2406866.675463                    1100.000000                   1.000000e+30                   0.000000e+00                       2.000000
                2406839.749882                    1100.000000                   1.000000e+30                   0.000000e+00                       2.000000
                2406812.856248                    1100.000000                   1.000000e+30                   0.000000e+00                       2.000000
                2406786.010509                    1100.000000                   1.000000e+30                   0.000000e+00                       2.000000
                2406759.228588                    1100.000000                   1.000000e+30                   0.000000e+00                       2.000000
                2406732.526368                    1100.000000                   1.000000e+30                   0.000000e+00                       2.000000
                2406705.919683                    1100.000000                   1.000000e+30                   0.000000e+00                       2.000000
                2406679.424315                    1100.000000                   1.000000e+30                   0.000000e+00                       2.000000
                2406653.055976                    1100.000000                   1.000000e+30                   0.000000e+00                       2.000000
                2406626.830304                    1100.000000                   1.000000e+30                   0.000000e+00                       2.000000
                2406600.762853                    1100.000000                   1.000000e+30                   0.000000e+00                       2.000000
                2406574.869082                    1100.000000                   1.000000e+30                   0.000000e+00                       2.000000
                2406549.164347                    1100.000000                   1.000000e+30                   0.000000e+00                       2.000000
                2406523.663894                    1100.000000                   1.000000e+30                   0.000000e+00                       2.000000
                2406498.382845                    1100.000000                   1.000000e+30                   0.000000e+00                       2.000000
                2406473.336194                    1100.000000                   1.000000e+30                   0.000000e+00                       2.000000
                2406448.538795                    1100.000000                   1.000000e+30                   0.000000e+00                       2.000000
                2406424.005354                    1100.000000                   1.000000e+30                   0.000000e+00                       2.000000
                2406399.750422                    1100.000000                   1.000000e+30                   0.000000e+00                       2.000000
                2406375.788381                    1100.000000                   1.000000e+30                   0.000000e+00                       2.000000
                2406352.133445                    1100.000000                   1.000000e+30                   0.000000e+00                       2.000000
                2406328.799641                    1100.000000                   1.000000e+30                   0.000000e+00                       2.000000
                2406305.800808                    1100.000000                   1.000000e+30                   0.000000e+00                       2.000000
                2406283.150585                    1100.000000                   1.000000e+30                   0.000000e+00                       2.000000
                2406260.862405                    1100.000000                   1.000000e+30                   0.000000e+00                       2.000000
                2406238.949487                    1100.000000                   1.000000e+30                   0.000000e+00                       2.000000
                2406217.424827                    1100.000000                   1.000000e+30                   0.000000e+00                       2.000000
                2406196.301189                    1100.000000                   1.000000e+30                   0.000000e+00                       2.000000
                2406175.591102                    1100.000000                   1.000000e+30                   0.000000e+00                       2.000000
                2406155.306847                    1100.000000                   1.000000e+30                   0.000000e+00                       2.000000
                2406135.460455                    1100.000000                   1.000000e+30                   0.000000e+00                       2.000000
                2406116.063695                    1100.000000                   1.000000e+30                   0.000000e+00                       2.000000
                2406097.128072                    1100.000000                   1.000000e+30                   0.000000e+00                       2.000000
                2406078.664814                    1100.000000                   1.000000e+30                   0.000000e+00                       2.000000
                2406060.684872                    1100.000000                   1.000000e+30                   0.000000e+00                       2.000000
                2406043.198909                    1100.000000                   1.000000e+30                   0.000000e+00                       2.000000
                2406026.217296                    1100.000000                   1.000000e+30                   0.000000e+00                       2.000000
                2406009.750102                    1100.000000                   1.000000e+30                   0.000000e+00                       2.000000
                2405993.807095                    1100.000000                   1.000000e+30                   0.000000e+00                       2.000000
                2405978.397730                    1100.000000                   1.000000e+30                   0.000000e+00                       2.000000
                2405963.531145                    1100.000000                   1.000000e+30                   0.000000e+00                       2.000000
                2405949.216157                    1100.000000                   1.000000e+30                   0.000000e+00                       2.000000
                2405935.461255                    1100.000000                   1.000000e+30                   0.000000e+00                       2.000000
                2405922.274598                    1100.000000                   1.000000e+30                   0.000000e+00                       2.000000
                2405909.664005                    1100.000000                   1.000000e+30                   0.000000e+00                       2.000000
                2405897.636956                    1100.000000                   1.000000e+30                   0.000000e+00                       2.000000
                2405886.200583                    1100.000000                   1.000000e+30                   0.000000e+00                       2.000000
                2405875.361669                    1100.000000                   1.000000e+30                   0.000000e+00                       2.000000
                2405865.126642                    1100.000000                   1.000000e+30                   0.000000e+00                       2.000000
                2405855.501571                    1100.000000                   1.000000e+30                   0.000000e+00                       2.000000
                2405846.492166                    1100.000000                   1.000000e+30                   0.000000e+00                       2.000000
                2405838.103769                    1100.000000                   1.000000e+30                   0.000000e+00                       2.000000
                2405830.341354                    1100.000000                   1.000000e+30                   0.000000e+00                       2.000000
                2405823.209527                    1100.000000                   1.000000e+30                   0.000000e+00                       2.000000
                2405816.712515                    1100.000000                   1.000000e+30                   0.000000e+00                       2.000000
                2405810.854173                    1100.000000                   1.000000e+30                   0.000000e+00                       2.000000
                2405805.637975                    1100.000000                   1.000000e+30                   0.000000e+00                       2.000000
                2405801.067013                    1100.000000                   1.000000e+30                   0.000000e+00                       2.000000
                2405797.144000                    1100.000000                   1.000000e+30                   0.000000e+00                       2.000000
                2405793.871261                    1100.000000                   1.000000e+30                   0.000000e+00                       2.000000
                2405791.250738                    1100.000000                   1.000000e+30                   0.000000e+00                       2.000000
                2405789.283985                    1100.000000                   1.000000e+30                   0.000000e+00                       2.000000
                2405787.972168                    1100.000000                   1.000000e+30                   0.000000e+00                       2.000000
                2405787.316065                    1100.000000                   1.000000e+30                   0.000000e+00                       2.000000
                2405787.234043                    1100.000000                   1.000000e+30                   0.000000e+00                       2.000000
                2405787.234043                    1250.000000                   1.000000e+30                   6.000000e+09                      15.000000
                2402641.596569                    1250.000000                   1.000000e+30                   6.000000e+09                      15.000000
                2399495.959096                    1250.000000                   1.000000e+30                   6.000000e+09                      15.000000
                2396350.321623                    1250.000000                   1.000000e+30                   6.000000e+09                      15.000000
                2393204.684150                    1250.000000                   1.000000e+30                   6.000000e+09                      15.000000
                2390059.046677                    1250.000000                   1.000000e+30                   6.000000e+09                      15.000000
                2386913.409203                    1250.000000                   1.000000e+30                   6.000000e+09                      15.000000
                2383767.771730                    1250.000000                   1.000000e+30                   6.000000e+09                      15.000000
                2380622.134257                    1250.000000                   1.000000e+30                   6.000000e+09                      15.000000
                2377476.496784                    1250.000000                   1.000000e+30                   6.000000e+09                      15.000000
                2374330.859311                    1250.000000                   1.000000e+30                   6.000000e+09                      15.000000
                2371185.221837                    1250.000000                   1.000000e+30                   6.000000e+09                      15.000000
                2368039.584364                    1250.000000                   1.000000e+30                   6.000000e+09                      15.000000
                2364893.946891                    1250.000000                   1.000000e+30                   6.000000e+09                      15.000000
                2361748.309418                    1250.000000                   1.000000e+30                   6.000000e+09                      15.000000
                2358602.671945                    1250.000000                   1.000000e+30                   6.000000e+09                      15.000000
                2355457.034471                    1250.000000                   1.000000e+30                   6.000000e+09                      15.000000
                2352311.396998                    1250.000000                   1.000000e+30                   6.000000e+09                      15.000000
                2349165.759525                    1250.000000                   1.000000e+30                   6.000000e+09                      15.000000
                2346020.122052                    1250.000000                   1.000000e+30                   6.000000e+09                      15.000000
                2342874.484579                    1250.000000                   1.000000e+30                   6.000000e+09                      15.000000
                2339728.847105                    1250.000000                   1.000000e+30                   6.000000e+09                      15.000000
                2336583.209632                    1250.000000                   1.000000e+30                   6.000000e+09                      15.000000
                2333437.572159                    1250.000000                   1.000000e+30                   6.000000e+09                      15.000000
                2330291.934686                    1250.000000                   1.000000e+30                   6.000000e+09                      15.000000
                2327146.297213                    1250.000000                   1.000000e+30                   6.000000e+09                      15.000000
                2324000.659739                    1250.000000                   1.000000e+30                   6.000000e+09                      15.000000
                2320855.022266                    1250.000000                   1.000000e+30                   6.000000e+09                      15.000000
                2317709.384793                    1250.000000                   1.000000e+30                   6.000000e+09                      15.000000
                2314563.747320                    1250.000000                   1.000000e+30                   6.000000e+09                      15.000000
                2311418.109847                    1250.000000                   1.000000e+30                   6.000000e+09                      15.000000
                2308272.472373                    1250.000000                   1.000000e+30                   6.000000e+09                      15.000000
                2305126.834900                    1250.000000                   1.000000e+30                   6.000000e+09                      15.000000
                2301981.197427                    1250.000000                   1.000000e+30                   6.000000e+09                      15.000000
                2298835.559954                    1250.000000                   1.000000e+30                   6.000000e+09                      15.000000
                2295689.922481                    1250.000000                   1.000000e+30                   6.000000e+09                      15.000000
                2292544.285007                    1250.000000                   1.000000e+30                   6.000000e+09                      15.000000
                2289398.647534                    1250.000000                   1.000000e+30                   6.000000e+09                      15.000000
                2286253.010061                    1250.000000                   1.000000e+30                   6.000000e+09                      15.000000
                2283107.372588                    1250.000000                   1.000000e+30                   6.000000e+09                      15.000000
                2279961.735115                    1250.000000                   1.000000e+30                   6.000000e+09                      15.000000
                2276816.097641                    1250.000000                   1.000000e+30                   6.000000e+09                      15.000000
                2273670.460168                    1250.000000                   1.000000e+30                   6.000000e+09                      15.000000
                2270524.822695                    1250.000000                   1.000000e+30                   6.000000e+09                      15.000000
                2267379.185222                    1250.000000                   1.000000e+30                   6.000000e+09                      15.000000
                2264233.547749                    1250.000000                   1.000000e+30                   6.000000e+09                      15.000000
                2261087.910275                    1250.000000                   1.000000e+30                   6.000000e+09                      15.000000
                2257942.272802                    1250.000000                   1.000000e+30                   6.000000e+09                      15.000000
                2254796.635329                    1250.000000                   1.000000e+30                   6.000000e+09                      15.000000
                2251650.997856                    1250.000000                   1.000000e+30                   6.000000e+09                      15.000000
                2248505.360383                    1250.000000                   1.000000e+30                   6.000000e+09                      15.000000
                2245359.722909                    1250.000000                   1.000000e+30                   6.000000e+09                      15.000000
                2242214.085436                    1250.000000                   1.000000e+30                   6.000000e+09                      15.000000
                2239068.447963                    1250.000000                   1.000000e+30                   6.000000e+09                      15.000000
                2235922.810490                    1250.000000                   1.000000e+30                   6.000000e+09                      15.000000
                2232777.173017                    1250.000000                   1.000000e+30                   6.000000e+09                      15.000000
                2229631.535543                    1250.000000                   1.000000e+30                   6.000000e+09                      15.000000
                2226485.898070                    1250.000000                   1.000000e+30                   6.000000e+09                      15.000000
                2223340.260597                    1250.000000                   1.000000e+30                   6.000000e+09                      15.000000
                2220194.623124                    1250.000000                   1.000000e+30                   6.000000e+09                      15.000000
                2217048.985651                    1250.000000                   1.000000e+30                   6.000000e+09                      15.000000
                2213903.348177                    1250.000000                   1.000000e+30                   6.000000e+09                      15.000000
                2210757.710704                    1250.000000                   1.000000e+30                   6.000000e+09                      15.000000
                2207612.073231                    1250.000000                   1.000000e+30                   6.000000e+09                      15.000000
                2204466.435758                    1250.000000                   1.000000e+30                   6.000000e+09                      15.000000
                2201320.798285                    1250.000000                   1.000000e+30                   6.000000e+09                      15.000000
                2198175.160811                    1250.000000                   1.000000e+30                   6.000000e+09                      15.000000
                2195029.523338                    1250.000000                   1.000000e+30                   6.000000e+09                      15.000000
                2191883.885865                    1250.000000                   1.000000e+30                   6.000000e+09                      15.000000
                2188738.248392                    1250.000000                   1.000000e+30                   6.000000e+09                      15.000000
                2185592.610919                    1250.000000                   1.000000e+30                   6.000000e+09                      15.000000
                2182446.973445                    1250.000000                   1.000000e+30                   6.000000e+09                      15.000000
                2179301.335972                    1250.000000                   1.000000e+30                   6.000000e+09                      15.000000
                2176155.698499                    1250.000000                   1.000000e+30                   6.000000e+09                      15.000000
                2173010.061026                    1250.000000                   1.000000e+30                   6.000000e+09                      15.000000
                2169864.423553                    1250.000000                   1.000000e+30                   6.000000e+09                      15.000000
                2166718.786079                    1250.000000                   1.000000e+30                   6.000000e+09                      15.000000
                2163573.148606                    1250.000000                   1.000000e+30                   6.000000e+09                      15.000000
                2160427.511133                    1250.000000                   1.000000e+30                   6.000000e+09                      15.000000
                2157281.873660                    1250.000000                   1.000000e+30                   6.000000e+09                      15.000000
                2154136.236187                    1250.000000                   1.000000e+30                   6.000000e+09                      15.000000
                2150990.598714                    1250.000000                   1.000000e+30                   6.000000e+09                      15.000000
                2147844.961240                    1250.000000                   1.000000e+30                   6.000000e+09                      15.000000
                2144699.323767                    1250.000000                   1.000000e+30                   6.000000e+09                      15.000000
                2141553.686294                    1250.000000                   1.000000e+30                   6.000000e+09                      15.000000
                2138408.048821                    1250.000000                   1.000000e+30                   6.000000e+09                      15.000000
                2135262.411348                    1250.000000                   1.000000e+30                   6.000000e+09                      15.000000
                2132116.773874                    1250.000000                   1.000000e+30                   6.000000e+09                      15.000000
                2128971.136401                    1250.000000                   1.000000e+30                   6.000000e+09                      15.000000
                2125825.498928                    1250.000000                   1.000000e+30                   6.000000e+09                      15.000000
                2122679.861455                    1250.000000                   1.000000e+30                   6.000000e+09                      15.000000
                2119534.223982                    1250.000000                   1.000000e+30                   6.000000e+09                      15.000000
                2116388.586508                    1250.000000                   1.000000e+30                   6.000000e+09                      15.000000
                2113242.949035                    1250.000000                   1.000000e+30                   6.000000e+09                      15.000000
                2110097.311562                    1250.000000                   1.000000e+30                   6.000000e+09                      15.000000
                2106951.674089                    1250.000000                   1.000000e+30                   6.000000e+09                      15.000000
                2103806.036616                    1250.000000                   1.000000e+30                   6.000000e+09                      15.000000
                2100660.399142                    1250.000000                   1.000000e+30                   6.000000e+09                      15.000000
                2097514.761669                    1250.000000                   1.000000e+30                   6.000000e+09                      15.000000
                2094369.124196                    1250.000000                   1.000000e+30                   6.000000e+09                      15.000000
                2091223.486723                    1250.000000                   1.000000e+30                   6.000000e+09                      15.000000
                2088077.849250                    1250.000000                   1.000000e+30                   6.000000e+09                      15.000000
                2084932.211776                    1250.000000                   1.000000e+30                   6.000000e+09                      15.000000
                2081786.574303                    1250.000000                   1.000000e+30                   6.000000e+09                      15.000000
                2078640.936830                    1250.000000                   1.000000e+30                   6.000000e+09                      15.000000
                2075495.299357                    1250.000000                   1.000000e+30                   6.000000e+09                      15.000000
                2072349.661884                    1250.000000                   1.000000e+30                   6.000000e+09                      15.000000
                2069204.024410                    1250.000000                   1.000000e+30                   6.000000e+09                      15.000000
                2066058.386937                    1250.000000                   1.000000e+30                   6.000000e+09                      15.000000
                2062912.749464                    1250.000000                   1.000000e+30                   6.000000e+09                      15.000000
                2059767.111991                    1250.000000                   1.000000e+30                   6.000000e+09                      15.000000
                2056621.474518                    1250.000000                   1.000000e+30                   6.000000e+09                      15.000000
                2053475.837044                    1250.000000                   1.000000e+30                   6.000000e+09                      15.000000
                2050330.199571                    1250.000000                   1.000000e+30                   6.000000e+09                      15.000000
                2047184.562098                    1250.000000                   1.000000e+30                   6.000000e+09                      15.000000
                2044038.924625                    1250.000000                   1.000000e+30                   6.000000e+09                      15.000000
                2040893.287152                    1250.000000                   1.000000e+30                   6.000000e+09                      15.000000
                2037747.649678                    1250.000000                   1.000000e+30                   6.000000e+09                      15.000000
                2034602.012205                    1250.000000                   1.000000e+30                   6.000000e+09                      15.000000
                2031456.374732                    1250.000000                   1.000000e+30                   6.000000e+09                      15.000000
                2028310.737259                    1250.000000                   1.000000e+30                   6.000000e+09                      15.000000
                2025165.099786                    1250.000000                   1.000000e+30                   6.000000e+09                      15.000000
                2022019.462312                    1250.000000                   1.000000e+30                   6.000000e+09                      15.000000
                2018873.824839                    1250.000000                   1.000000e+30                   6.000000e+09                      15.000000
                2015728.187366                    1250.000000                   1.000000e+30                   6.000000e+09                      15.000000
                2012582.549893                    1250.000000                   1.000000e+30                   6.000000e+09                      15.000000
                2009436.912420                    1250.000000                   1.000000e+30                   6.000000e+09                      15.000000
                2006291.274946                    1250.000000                   1.000000e+30                   6.000000e+09                      15.000000
                2003145.637473                    1250.000000                   1.000000e+30                   6.000000e+09                      15.000000
                2000000.000000                    1250.000000                   1.000000e+30                   6.000000e+09                      15.000000
                2000000.000000                    2833.064770                   1.000000e+30                   3.000000e+10                      17.000000
                1979041.421311                    2833.064770                   1.000000e+30                   3.000000e+10                      17.000000
                1958082.842623                    2833.064770                   1.000000e+30                   3.000000e+10                      17.000000
                1937124.263934                    2833.064770                   1.000000e+30                   3.000000e+10                      17.000000
                1916165.685246                    2833.064770                   1.000000e+30                   3.000000e+10                      17.000000
                1895207.106557                    2833.064770                   1.000000e+30                   3.000000e+10                      17.000000
                1874248.527868                    2833.064770                   1.000000e+30                   3.000000e+10                      17.000000
                1853289.949180                    2833.064770                   1.000000e+30                   3.000000e+10                      17.000000
                1832331.370491                    2833.064770                   1.000000e+30                   3.000000e+10                      17.000000
                1811372.791803                    2833.064770                   1.000000e+30                   3.000000e+10                      17.000000
                1790414.213114                    2833.064770                   1.000000e+30                   3.000000e+10                      17.000000
                1769455.634425                    2833.064770                   1.000000e+30                   3.000000e+10                      17.000000
                1748497.055737                    2833.064770                   1.000000e+30                   3.000000e+10                      17.000000
                1727538.477048                    2833.064770                   1.000000e+30                   3.000000e+10                      17.000000
                1706579.898360                    2833.064770                   1.000000e+30                   3.000000e+10                      17.000000
                1685621.319671                    2833.064770                   1.000000e+30                   3.000000e+10                      17.000000
                1664662.740982                    2833.064770                   1.000000e+30                   3.000000e+10                      17.000000
                1643704.162294                    2833.064770                   1.000000e+30                   3.000000e+10                      17.000000
                1622745.583605                    2833.064770                   1.000000e+30                   3.000000e+10                      17.000000
                1601787.004917                    2833.064770                   1.000000e+30                   3.000000e+10                      17.000000
                1580828.426228                    2833.064770                   1.000000e+30                   3.000000e+10                      17.000000
                1559869.847539                    2833.064770                   1.000000e+30                   3.000000e+10                      17.000000
                1538911.268851                    2833.064770                   1.000000e+30                   3.000000e+10                      17.000000
                1517952.690162                    2833.064770                   1.000000e+30                   3.000000e+10                      17.000000
                1496994.111474                    2833.064770                   1.000000e+30                   3.000000e+10                      17.000000
                1476035.532785                    2833.064770                   1.000000e+30                   3.000000e+10                      17.000000
                1455076.954096                    2833.064770                   1.000000e+30                   3.000000e+10                      17.000000
                1434118.375408                    2833.064770                   1.000000e+30                   3.000000e+10                      17.000000
                1413159.796719                    2833.064770                   1.000000e+30                   3.000000e+10                      17.000000
                1392201.218031                    2833.064770                   1.000000e+30                   3.000000e+10                      17.000000
                1371242.639342                    2833.064770                   1.000000e+30                   3.000000e+10                      17.000000
                1350284.060653                    2833.064770                   1.000000e+30                   3.000000e+10                      17.000000
                1329325.481965                    2833.064770                   1.000000e+30                   3.000000e+10                      17.000000
                1308366.903276                    2833.064770                   1.000000e+30                   3.000000e+10                      17.000000
                1287408.324588                    2833.064770                   1.000000e+30                   3.000000e+10                      17.000000
                1266449.745899                    2833.064770                   1.000000e+30                   3.000000e+10                      17.000000
                1245491.167210                    2833.064770                   1.000000e+30                   3.000000e+10                      17.000000
                1224532.588522                    2833.064770                   1.000000e+30                   3.000000e+10                      17.000000
                1203574.009833                    2833.064770                   1.000000e+30                   3.000000e+10                      17.000000
                1182615.431145                    2833.064770                   1.000000e+30                   3.000000e+10                      17.000000
                1161656.852456                    2833.064770                   1.000000e+30                   3.000000e+10                      17.000000
                1140698.273767                    2833.064770                   1.000000e+30                   3.000000e+10                      17.000000
                1119739.695079                    2833.064770                   1.000000e+30                   3.000000e+10                      17.000000
                1098781.116390                    2833.064770                   1.000000e+30                   3.000000e+10                      17.000000
                1077822.537702                    2833.064770                   1.000000e+30                   3.000000e+10                      17.000000
                1056863.959013                    2833.064770                   1.000000e+30                   3.000000e+10                      17.000000
                1035905.380324                    2833.064770                   1.000000e+30                   3.000000e+10                      17.000000
                1014946.801636                    2833.064770                   1.000000e+30                   3.000000e+10                      17.000000
                 993988.222947                    2833.064770                   1.000000e+30                   3.000000e+10                      17.000000
                 973029.644259                    2833.064770                   1.000000e+30                   3.000000e+10                      17.000000
                 952071.065570                    2833.064770                   1.000000e+30                   3.000000e+10                      17.000000
                 931112.486881                    2833.064770                   1.000000e+30                   3.000000e+10                      17.000000
                 910153.908193                    2833.064770                   1.000000e+30                   3.000000e+10                      17.000000
                 889195.329504                    2833.064770                   1.000000e+30                   3.000000e+10                      17.000000
                 868236.750816                    2833.064770                   1.000000e+30                   3.000000e+10                      17.000000
                 847278.172127                    2833.064770                   1.000000e+30                   3.000000e+10                      17.000000
                 826319.593438                    2833.064770                   1.000000e+30                   3.000000e+10                      17.000000
                 805361.014750                    2833.064770                   1.000000e+30                   3.000000e+10                      17.000000
                 784402.436061                    2833.064770                   1.000000e+30                   3.000000e+10                      17.000000
                 763443.857373                    2833.064770                   1.000000e+30                   3.000000e+10                      17.000000
                 742485.278684                    2833.064770                   1.000000e+30                   3.000000e+10                      17.000000
                 721526.699996                    2833.064770                   1.000000e+30                   3.000000e+10                      17.000000
                 700568.121307                    2833.064770                   1.000000e+30                   3.000000e+10                      17.000000
                 679609.542618                    2833.064770                   1.000000e+30                   3.000000e+10                      17.000000
                 658650.963930                    2833.064770                   1.000000e+30                   3.000000e+10                      17.000000
                 637692.385241                    2833.064770                   1.000000e+30                   3.000000e+10                      17.000000
                 616733.806553                    2833.064770                   1.000000e+30                   3.000000e+10                      17.000000
                 595775.227864                    2833.064770                   1.000000e+30                   3.000000e+10                      17.000000
                 574816.649175                    2833.064770                   1.000000e+30                   3.000000e+10                      17.000000
                 553858.070487                    2833.064770                   1.000000e+30                   3.000000e+10                      17.000000
                 532899.491798                    2833.064770                   1.000000e+30                   3.000000e+10                      17.000000
                 511940.913110                    2833.064770                   1.000000e+30                   3.000000e+10                      17.000000
                 490982.334421                    2833.064770                   1.000000e+30                   3.000000e+10                      17.000000
                 470023.755732                    2833.064770                   1.000000e+30                   3.000000e+10                      17.000000
                 449065.177044                    2833.064770                   1.000000e+30                   3.000000e+10                      17.000000
                 428106.598355                    2833.064770                   1.000000e+30                   3.000000e+10                      17.000000
                 407148.019667                    2833.064770                   1.000000e+30                   3.000000e+10                      17.000000
                 386189.440978                    2833.064770                   1.000000e+30                   3.000000e+10                      17.000000
                 365230.862289                    2833.064770                   1.000000e+30                   3.000000e+10                      17.000000
                 344272.283601                    2833.064770                   1.000000e+30                   3.000000e+10                      17.000000
                 323313.704912                    2833.064770                   1.000000e+30                   3.000000e+10                      17.000000
                 302355.126224                    2833.064770                   1.000000e+30                   3.000000e+10                      17.000000
                 281396.547535                    2833.064770                   1.000000e+30                   3.000000e+10                      17.000000
                 260437.968846                    2833.064770                   1.000000e+30                   3.000000e+10                      17.000000
                 239479.390158                    2833.064770                   1.000000e+30                   3.000000e+10                      17.000000
                 218520.811469                    2833.064770                   1.000000e+30                   3.000000e+10                      17.000000
                 197562.232781                    2833.064770                   1.000000e+30                   3.000000e+10                      17.000000
                 176603.654092                    2833.064770                   1.000000e+30                   3.000000e+10                      17.000000
                 155645.075403                    2833.064770                   1.000000e+30                   3.000000e+10                      17.000000
                 134686.496715                    2833.064770                   1.000000e+30                   3.000000e+10                      17.000000
                 113727.918026                    2833.064770                   1.000000e+30                   3.000000e+10                      17.000000
                  92769.339338                    2833.064770                   1.000000e+30                   3.000000e+10                      17.000000
                  71810.760649                    2833.064770                   1.000000e+30                   3.000000e+10                      17.000000
                  50852.181960                    2833.064770                   1.000000e+30                   3.000000e+10                      17.000000
                  29893.603272                    2833.064770                   1.000000e+30                   3.000000e+10                      17.000000
                   8935.024583                    2833.064770                   1.000000e+30                   3.000000e+10                      17.000000
                 -12023.554105                    2833.064770                   1.000000e+30                   3.000000e+10                      17.000000
                 -32982.132794                    2833.064770                   1.000000e+30                   3.000000e+10                      17.000000
                 -53940.711483                    2833.064770                   1.000000e+30                   3.000000e+10                      17.000000
                 -74899.290171                    2833.064770                   1.000000e+30                   3.000000e+10                      17.000000
                 -95857.868860                    2833.064770                   1.000000e+30                   3.000000e+10                      17.000000
                -116816.447548                    2833.064770                   1.000000e+30                   3.000000e+10                      17.000000
                -137775.026237                    2833.064770                   1.000000e+30                   3.000000e+10                      17.000000
                -158733.604926                    2833.064770                   1.000000e+30                   3.000000e+10                      17.000000
                -179692.183614                    2833.064770                   1.000000e+30                   3.000000e+10                      17.000000
                -200650.762303                    2833.064770                   1.000000e+30                   3.000000e+10                      17.000000
                -221609.340991                    2833.064770                   1.000000e+30                   3.000000e+10                      17.000000
                -242567.919680                    2833.064770                   1.000000e+30                   3.000000e+10                      17.000000
                -263526.498369                    2833.064770                   1.000000e+30                   3.000000e+10                      17.000000
                -284485.077057                    2833.064770                   1.000000e+30                   3.000000e+10                      17.000000
                -305443.655746                    2833.064770                   1.000000e+30                   3.000000e+10                      17.000000
                -326402.234434                    2833.064770                   1.000000e+30                   3.000000e+10                      17.000000
                -347360.813123                    2833.064770                   1.000000e+30                   3.000000e+10                      17.000000
                -368319.391812                    2833.064770                   1.000000e+30                   3.000000e+10                      17.000000
                -389277.970500                    2833.064770                   1.000000e+30                   3.000000e+10                      17.000000
                -410236.549189                    2833.064770                   1.000000e+30                   3.000000e+10                      17.000000
                -431195.127877                    2833.064770                   1.000000e+30                   3.000000e+10                      17.000000
                -452153.706566                    2833.064770                   1.000000e+30                   3.000000e+10                      17.000000
                -473112.285255                    2833.064770                   1.000000e+30                   3.000000e+10                      17.000000
                -494070.863943                    2833.064770                   1.000000e+30                   3.000000e+10                      17.000000
                -515029.442632                    2833.064770                   1.000000e+30                   3.000000e+10                      17.000000
                -535988.021320                    2833.064770                   1.000000e+30                   3.000000e+10                      17.000000
                -556946.600009                    2833.064770                   1.000000e+30                   3.000000e+10                      17.000000
                -577905.178698                    2833.064770                   1.000000e+30                   3.000000e+10                      17.000000
                -598863.757386                    2833.064770                   1.000000e+30                   3.000000e+10                      17.000000
                -619822.336075                    2833.064770                   1.000000e+30                   3.000000e+10                      17.000000
                -640780.914763                    2833.064770                   1.000000e+30                   3.000000e+10                      17.000000
                -661739.493452                    2833.064770                   1.000000e+30                   3.000000e+10                      17.000000
                -682698.072141                    2833.064770                   1.000000e+30                   3.000000e+10                      17.000000
                -703656.650829                    2833.064770                   1.000000e+30                   3.000000e+10                      17.000000
                -703656.650829                    3300.000000                   1.000000e+30                   5.000000e+10                      22.000000
                -698201.870590                    3300.000000                   1.000000e+30                   5.000000e+10                      22.000000
                -692747.090351                    3300.000000                   1.000000e+30                   5.000000e+10                      22.000000
                -687292.310112                    3300.000000                   1.000000e+30                   5.000000e+10                      22.000000
                -681837.529873                    3300.000000                   1.000000e+30                   5.000000e+10                      22.000000
                -676382.749634                    3300.000000                   1.000000e+30                   5.000000e+10                      22.000000
                -670927.969395                    3300.000000                   1.000000e+30                   5.000000e+10                      22.000000
                -665473.189156                    3300.000000                   1.000000e+30                   5.000000e+10                      22.000000
                -660018.408917                    3300.000000                   1.000000e+30                   5.000000e+10                      22.000000
                -654563.628678                    3300.000000                   1.000000e+30                   5.000000e+10                      22.000000
                -649108.848439                    3300.000000                   1.000000e+30                   5.000000e+10                      22.000000
                -643654.068200                    3300.000000                   1.000000e+30                   5.000000e+10                      22.000000
                -638199.287961                    3300.000000                   1.000000e+30                   5.000000e+10                      22.000000
                -632744.507722                    3300.000000                   1.000000e+30                   5.000000e+10                      22.000000
                -627289.727483                    3300.000000                   1.000000e+30                   5.000000e+10                      22.000000
                -621834.947244                    3300.000000                   1.000000e+30                   5.000000e+10                      22.000000
                -616380.167005                    3300.000000                   1.000000e+30                   5.000000e+10                      22.000000
                -610925.386766                    3300.000000                   1.000000e+30                   5.000000e+10                      22.000000
                -605470.606527                    3300.000000                   1.000000e+30                   5.000000e+10                      22.000000
                -600015.826288                    3300.000000                   1.000000e+30                   5.000000e+10                      22.000000
                -594561.046049                    3300.000000                   1.000000e+30                   5.000000e+10                      22.000000
                -589106.265810                    3300.000000                   1.000000e+30                   5.000000e+10                      22.000000
                -583651.485571                    3300.000000                   1.000000e+30                   5.000000e+10                      22.000000
                -578196.705333                    3300.000000                   1.000000e+30                   5.000000e+10                      22.000000
                -572741.925094                    3300.000000                   1.000000e+30                   5.000000e+10                      22.000000
                -567287.144855                    3300.000000                   1.000000e+30                   5.000000e+10                      22.000000
                -561832.364616                    3300.000000                   1.000000e+30                   5.000000e+10                      22.000000
                -556377.584377                    3300.000000                   1.000000e+30                   5.000000e+10                      22.000000
                -550922.804138                    3300.000000                   1.000000e+30                   5.000000e+10                      22.000000
                -545468.023899                    3300.000000                   1.000000e+30                   5.000000e+10                      22.000000
                -540013.243660                    3300.000000                   1.000000e+30                   5.000000e+10                      22.000000
                -534558.463421                    3300.000000                   1.000000e+30                   5.000000e+10                      22.000000
                -529103.683182                    3300.000000                   1.000000e+30                   5.000000e+10                      22.000000
                -523648.902943                    3300.000000                   1.000000e+30                   5.000000e+10                      22.000000
                -518194.122704                    3300.000000                   1.000000e+30                   5.000000e+10                      22.000000
                -512739.342465                    3300.000000                   1.000000e+30                   5.000000e+10                      22.000000
                -507284.562226                    3300.000000                   1.000000e+30                   5.000000e+10                      22.000000
                -501829.781987                    3300.000000                   1.000000e+30                   5.000000e+10                      22.000000
                -496375.001748                    3300.000000                   1.000000e+30                   5.000000e+10                      22.000000
                -490920.221509                    3300.000000                   1.000000e+30                   5.000000e+10                      22.000000
                -485465.441270                    3300.000000                   1.000000e+30                   5.000000e+10                      22.000000
                -480010.661031                    3300.000000                   1.000000e+30                   5.000000e+10                      22.000000
                -474555.880792                    3300.000000                   1.000000e+30                   5.000000e+10                      22.000000
                -469101.100553                    3300.000000                   1.000000e+30                   5.000000e+10                      22.000000
                -463646.320314                    3300.000000                   1.000000e+30                   5.000000e+10                      22.000000
                -458191.540075                    3300.000000                   1.000000e+30                   5.000000e+10                      22.000000
                -452736.759836                    3300.000000                   1.000000e+30                   5.000000e+10                      22.000000
                -447281.979597                    3300.000000                   1.000000e+30                   5.000000e+10                      22.000000
                -441827.199358                    3300.000000                   1.000000e+30                   5.000000e+10                      22.000000
                -436372.419119                    3300.000000                   1.000000e+30                   5.000000e+10                      22.000000
                -430917.638880                    3300.000000                   1.000000e+30                   5.000000e+10                      22.000000
                -425462.858641                    3300.000000                   1.000000e+30                   5.000000e+10                      22.000000
                -420008.078402                    3300.000000                   1.000000e+30                   5.000000e+10                      22.000000
                -414553.298163                    3300.000000                   1.000000e+30                   5.000000e+10                      22.000000
                -409098.517924                    3300.000000                   1.000000e+30                   5.000000e+10                      22.000000
                -403643.737685                    3300.000000                   1.000000e+30                   5.000000e+10                      22.000000
                -398188.957446                    3300.000000                   1.000000e+30                   5.000000e+10                      22.000000
                -392734.177207                    3300.000000                   1.000000e+30                   5.000000e+10                      22.000000
                -387279.396968                    3300.000000                   1.000000e+30                   5.000000e+10                      22.000000
                -381824.616729                    3300.000000                   1.000000e+30                   5.000000e+10                      22.000000
                -376369.836490                    3300.000000                   1.000000e+30                   5.000000e+10                      22.000000
                -370915.056251                    3300.000000                   1.000000e+30                   5.000000e+10                      22.000000
                -365460.276012                    3300.000000                   1.000000e+30                   5.000000e+10                      22.000000
                -360005.495773                    3300.000000                   1.000000e+30                   5.000000e+10                      22.000000
                -354550.715534                    3300.000000                   1.000000e+30                   5.000000e+10                      22.000000
                -349095.935295                    3300.000000                   1.000000e+30                   5.000000e+10                      22.000000
                -343641.155056                    3300.000000                   1.000000e+30                   5.000000e+10                      22.000000
                -338186.374817                    3300.000000                   1.000000e+30                   5.000000e+10                      22.000000
                -332731.594578                    3300.000000                   1.000000e+30                   5.000000e+10                      22.000000
                -327276.814339                    3300.000000                   1.000000e+30                   5.000000e+10                      22.000000
                -321822.034100                    3300.000000                   1.000000e+30                   5.000000e+10                      22.000000
                -316367.253861                    3300.000000                   1.000000e+30                   5.000000e+10                      22.000000
                -310912.473622                    3300.000000                   1.000000e+30                   5.000000e+10                      22.000000
                -305457.693383                    3300.000000                   1.000000e+30                   5.000000e+10                      22.000000
                -300002.913144                    3300.000000                   1.000000e+30                   5.000000e+10                      22.000000
                -294548.132905                    3300.000000                   1.000000e+30                   5.000000e+10                      22.000000
                -289093.352666                    3300.000000                   1.000000e+30                   5.000000e+10                      22.000000
                -283638.572427                    3300.000000                   1.000000e+30                   5.000000e+10                      22.000000
                -278183.792188                    3300.000000                   1.000000e+30                   5.000000e+10                      22.000000
                -272729.011949                    3300.000000                   1.000000e+30                   5.000000e+10                      22.000000
                -267274.231710                    3300.000000                   1.000000e+30                   5.000000e+10                      22.000000
                -261819.451471                    3300.000000                   1.000000e+30                   5.000000e+10                      22.000000
                -256364.671232                    3300.000000                   1.000000e+30                   5.000000e+10                      22.000000
                -250909.890993                    3300.000000                   1.000000e+30                   5.000000e+10                      22.000000
                -245455.110754                    3300.000000                   1.000000e+30                   5.000000e+10                      22.000000
                -240000.330515                    3300.000000                   1.000000e+30                   5.000000e+10                      22.000000
                -234545.550276                    3300.000000                   1.000000e+30                   5.000000e+10                      22.000000
                -229090.770037                    3300.000000                   1.000000e+30                   5.000000e+10                      22.000000
                -223635.989798                    3300.000000                   1.000000e+30                   5.000000e+10                      22.000000
                -218181.209559                    3300.000000                   1.000000e+30                   5.000000e+10                      22.000000
                -212726.429320                    3300.000000                   1.000000e+30                   5.000000e+10                      22.000000
                -207271.649081                    3300.000000                   1.000000e+30                   5.000000e+10                      22.000000
                -201816.868842                    3300.000000                   1.000000e+30                   5.000000e+10                      22.000000
                -196362.088603                    3300.000000                   1.000000e+30                   5.000000e+10                      22.000000
                -190907.308365                    3300.000000                   1.000000e+30                   5.000000e+10                      22.000000
                -185452.528126                    3300.000000                   1.000000e+30                   5.000000e+10                      22.000000
                -179997.747887                    3300.000000                   1.000000e+30                   5.000000e+10                      22.000000
                -174542.967648                    3300.000000                   1.000000e+30                   5.000000e+10                      22.000000
                -169088.187409                    3300.000000                   1.000000e+30                   5.000000e+10                      22.000000
                -163633.407170                    3300.000000                   1.000000e+30                   5.000000e+10                      22.000000
                -158178.626931                    3300.000000                   1.000000e+30                   5.000000e+10                      22.000000
                -152723.846692                    3300.000000                   1.000000e+30                   5.000000e+10                      22.000000
                -147269.066453                    3300.000000                   1.000000e+30                   5.000000e+10                      22.000000
                -141814.286214                    3300.000000                   1.000000e+30                   5.000000e+10                      22.000000
                -136359.505975                    3300.000000                   1.000000e+30                   5.000000e+10                      22.000000
                -130904.725736                    3300.000000                   1.000000e+30                   5.000000e+10                      22.000000
                -125449.945497                    3300.000000                   1.000000e+30                   5.000000e+10                      22.000000
                -119995.165258                    3300.000000                   1.000000e+30                   5.000000e+10                      22.000000
                -114540.385019                    3300.000000                   1.000000e+30                   5.000000e+10                      22.000000
                -109085.604780                    3300.000000                   1.000000e+30                   5.000000e+10                      22.000000
                -103630.824541                    3300.000000                   1.000000e+30                   5.000000e+10                      22.000000
                 -98176.044302                    3300.000000                   1.000000e+30                   5.000000e+10                      22.000000
                 -92721.264063                    3300.000000                   1.000000e+30                   5.000000e+10                      22.000000
                 -87266.483824                    3300.000000                   1.000000e+30                   5.000000e+10                      22.000000
                 -81811.703585                    3300.000000                   1.000000e+30                   5.000000e+10                      22.000000
                 -76356.923346                    3300.000000                   1.000000e+30                   5.000000e+10                      22.000000
                 -70902.143107                    3300.000000                   1.000000e+30                   5.000000e+10                      22.000000
                 -65447.362868                    3300.000000                   1.000000e+30                   5.000000e+10                      22.000000
                 -59992.582629                    3300.000000                   1.000000e+30                   5.000000e+10                      22.000000
                 -54537.802390                    3300.000000                   1.000000e+30                   5.000000e+10                      22.000000
                 -49083.022151                    3300.000000                   1.000000e+30                   5.000000e+10                      22.000000
                 -43628.241912                    3300.000000                   1.000000e+30                   5.000000e+10                      22.000000
                 -38173.461673                    3300.000000                   1.000000e+30                   5.000000e+10                      22.000000
                 -32718.681434                    3300.000000                   1.000000e+30                   5.000000e+10                      22.000000
                 -27263.901195                    3300.000000                   1.000000e+30                   5.000000e+10                      22.000000
                 -21809.120956                    3300.000000                   1.000000e+30                   5.000000e+10                      22.000000
                 -16354.340717                    3300.000000                   1.000000e+30                   5.000000e+10                      22.000000
                 -10899.560478                    3300.000000                   1.000000e+30                   5.000000e+10                      22.000000
                  -5444.780239                    3300.000000                   1.000000e+30                   5.000000e+10                      22.000000
                     10.000000                    3300.000000                   1.000000e+30                   5.000000e+10                      22.000000
