                   #Radius (m)               Density (kg/m^3)              Bulk modulus (Pa)             Shear modulus (Pa)               Viscosity (Pa.s)
                2575000.000000                     930.000000                   1.000000e+30                   3.500000e+09                      24.000000
                2574999.710145                     930.000000                   1.000000e+30                   3.500000e+09                      24.000000
                2574999.420290                     930.000000                   1.000000e+30                   3.500000e+09                      24.000000
                2574999.130435                     930.000000                   1.000000e+30                   3.500000e+09                      24.000000
                2574998.840580                     930.000000                   1.000000e+30                   3.500000e+09                      24.000000
                2574998.550725                     930.000000                   1.000000e+30                   3.500000e+09                      24.000000
                2574998.260870                     930.000000                   1.000000e+30                   3.500000e+09                      24.000000
                2574997.971014                     930.000000                   1.000000e+30                   3.500000e+09                      24.000000
                2574997.681159                     930.000000                   1.000000e+30                   3.500000e+09                      24.000000
                2574997.391304                     930.000000                   1.000000e+30                   3.500000e+09                      24.000000
                2574997.101449                     930.000000                   1.000000e+30                   3.500000e+09                      24.000000
                2574996.811594                     930.000000                   1.000000e+30                   3.500000e+09                      24.000000
                2574996.521739                     930.000000                   1.000000e+30                   3.500000e+09                      24.000000
                2574996.231884                     930.000000                   1.000000e+30                   3.500000e+09                      24.000000
                2574995.942029                     930.000000                   1.000000e+30                   3.500000e+09                      24.000000
                2574995.652174                     930.000000                   1.000000e+30                   3.500000e+09                      24.000000
                2574995.362319                     930.000000                   1.000000e+30                   3.500000e+09                      24.000000
                2574995.072464                     930.000000                   1.000000e+30                   3.500000e+09                      24.000000
                2574994.782609                     930.000000                   1.000000e+30                   3.500000e+09                      24.000000
                2574994.492754                     930.000000                   1.000000e+30                   3.500000e+09                      24.000000
                2574994.202899                     930.000000                   1.000000e+30                   3.500000e+09                      24.000000
                2574993.913043                     930.000000                   1.000000e+30                   3.500000e+09                      24.000000
                2574993.623188                     930.000000                   1.000000e+30                   3.500000e+09                      24.000000
                2574993.333333                     930.000000                   1.000000e+30                   3.500000e+09                      24.000000
                2574993.043478                     930.000000                   1.000000e+30                   3.500000e+09                      24.000000
                2574992.753623                     930.000000                   1.000000e+30                   3.500000e+09                      24.000000
                2574992.463768                     930.000000                   1.000000e+30                   3.500000e+09                      24.000000
                2574992.173913                     930.000000                   1.000000e+30                   3.500000e+09                      24.000000
                2574991.884058                     930.000000                   1.000000e+30                   3.500000e+09                      24.000000
                2574991.594203                     930.000000                   1.000000e+30                   3.500000e+09                      24.000000
                2574991.304348                     930.000000                   1.000000e+30                   3.500000e+09                      24.000000
                2574991.014493                     930.000000                   1.000000e+30                   3.500000e+09                      24.000000
                2574990.724638                     930.000000                   1.000000e+30                   3.500000e+09                      24.000000
                2574990.434783                     930.000000                   1.000000e+30                   3.500000e+09                      24.000000
                2574990.144928                     930.000000                   1.000000e+30                   3.500000e+09                      24.000000
                2574989.855072                     930.000000                   1.000000e+30                   3.500000e+09                      24.000000
                2574989.565217                     930.000000                   1.000000e+30                   3.500000e+09                      24.000000
                2574989.275362                     930.000000                   1.000000e+30                   3.500000e+09                      24.000000
                2574988.985507                     930.000000                   1.000000e+30                   3.500000e+09                      24.000000
                2574988.695652                     930.000000                   1.000000e+30                   3.500000e+09                      24.000000
                2574988.405797                     930.000000                   1.000000e+30                   3.500000e+09                      24.000000
                2574988.115942                     930.000000                   1.000000e+30                   3.500000e+09                      24.000000
                2574987.826087                     930.000000                   1.000000e+30                   3.500000e+09                      24.000000
                2574987.536232                     930.000000                   1.000000e+30                   3.500000e+09                      24.000000
                2574987.246377                     930.000000                   1.000000e+30                   3.500000e+09                      24.000000
                2574986.956522                     930.000000                   1.000000e+30                   3.500000e+09                      24.000000
                2574986.666667                     930.000000                   1.000000e+30                   3.500000e+09                      24.000000
                2574986.376812                     930.000000                   1.000000e+30                   3.500000e+09                      24.000000
                2574986.086957                     930.000000                   1.000000e+30                   3.500000e+09                      24.000000
                2574985.797101                     930.000000                   1.000000e+30                   3.500000e+09                      24.000000
                2574985.507246                     930.000000                   1.000000e+30                   3.500000e+09                      24.000000
                2574985.217391                     930.000000                   1.000000e+30                   3.500000e+09                      24.000000
                2574984.927536                     930.000000                   1.000000e+30                   3.500000e+09                      24.000000
                2574984.637681                     930.000000                   1.000000e+30                   3.500000e+09                      24.000000
                2574984.347826                     930.000000                   1.000000e+30                   3.500000e+09                      24.000000
                2574984.057971                     930.000000                   1.000000e+30                   3.500000e+09                      24.000000
                2574983.768116                     930.000000                   1.000000e+30                   3.500000e+09                      24.000000
                2574983.478261                     930.000000                   1.000000e+30                   3.500000e+09                      24.000000
                2574983.188406                     930.000000                   1.000000e+30                   3.500000e+09                      24.000000
                2574982.898551                     930.000000                   1.000000e+30                   3.500000e+09                      24.000000
                2574982.608696                     930.000000                   1.000000e+30                   3.500000e+09                      24.000000
                2574982.318841                     930.000000                   1.000000e+30                   3.500000e+09                      24.000000
                2574982.028986                     930.000000                   1.000000e+30                   3.500000e+09                      24.000000
                2574981.739130                     930.000000                   1.000000e+30                   3.500000e+09                      24.000000
                2574981.449275                     930.000000                   1.000000e+30                   3.500000e+09                      24.000000
                2574981.159420                     930.000000                   1.000000e+30                   3.500000e+09                      24.000000
                2574980.869565                     930.000000                   1.000000e+30                   3.500000e+09                      24.000000
                2574980.579710                     930.000000                   1.000000e+30                   3.500000e+09                      24.000000
                2574980.289855                     930.000000                   1.000000e+30                   3.500000e+09                      24.000000
                2574980.000000                     930.000000                   1.000000e+30                   3.500000e+09                      24.000000
                2574980.000000                     930.000000                   1.000000e+30                   3.500000e+09                      15.000000
                2573685.581395                     930.000000                   1.000000e+30                   3.500000e+09                      15.000000
                2572391.162791                     930.000000                   1.000000e+30                   3.500000e+09                      15.000000
                2571096.744186                     930.000000                   1.000000e+30                   3.500000e+09                      15.000000
                2569802.325581                     930.000000                   1.000000e+30                   3.500000e+09                      15.000000
                2568507.906977                     930.000000                   1.000000e+30                   3.500000e+09                      15.000000
                2567213.488372                     930.000000                   1.000000e+30                   3.500000e+09                      15.000000
                2565919.069767                     930.000000                   1.000000e+30                   3.500000e+09                      15.000000
                2564624.651163                     930.000000                   1.000000e+30                   3.500000e+09                      15.000000
                2563330.232558                     930.000000                   1.000000e+30                   3.500000e+09                      15.000000
                2562035.813953                     930.000000                   1.000000e+30                   3.500000e+09                      15.000000
                2560741.395349                     930.000000                   1.000000e+30                   3.500000e+09                      15.000000
                2559446.976744                     930.000000                   1.000000e+30                   3.500000e+09                      15.000000
                2558152.558140                     930.000000                   1.000000e+30                   3.500000e+09                      15.000000
                2556858.139535                     930.000000                   1.000000e+30                   3.500000e+09                      15.000000
                2555563.720930                     930.000000                   1.000000e+30                   3.500000e+09                      15.000000
                2554269.302326                     930.000000                   1.000000e+30                   3.500000e+09                      15.000000
                2552974.883721                     930.000000                   1.000000e+30                   3.500000e+09                      15.000000
                2551680.465116                     930.000000                   1.000000e+30                   3.500000e+09                      15.000000
                2550386.046512                     930.000000                   1.000000e+30                   3.500000e+09                      15.000000
                2549091.627907                     930.000000                   1.000000e+30                   3.500000e+09                      15.000000
                2547797.209302                     930.000000                   1.000000e+30                   3.500000e+09                      15.000000
                2546502.790698                     930.000000                   1.000000e+30                   3.500000e+09                      15.000000
                2545208.372093                     930.000000                   1.000000e+30                   3.500000e+09                      15.000000
                2543913.953488                     930.000000                   1.000000e+30                   3.500000e+09                      15.000000
                2542619.534884                     930.000000                   1.000000e+30                   3.500000e+09                      15.000000
                2541325.116279                     930.000000                   1.000000e+30                   3.500000e+09                      15.000000
                2540030.697674                     930.000000                   1.000000e+30                   3.500000e+09                      15.000000
                2538736.279070                     930.000000                   1.000000e+30                   3.500000e+09                      15.000000
                2537441.860465                     930.000000                   1.000000e+30                   3.500000e+09                      15.000000
                2536147.441860                     930.000000                   1.000000e+30                   3.500000e+09                      15.000000
                2534853.023256                     930.000000                   1.000000e+30                   3.500000e+09                      15.000000
                2533558.604651                     930.000000                   1.000000e+30                   3.500000e+09                      15.000000
                2532264.186047                     930.000000                   1.000000e+30                   3.500000e+09                      15.000000
                2530969.767442                     930.000000                   1.000000e+30                   3.500000e+09                      15.000000
                2529675.348837                     930.000000                   1.000000e+30                   3.500000e+09                      15.000000
                2528380.930233                     930.000000                   1.000000e+30                   3.500000e+09                      15.000000
                2527086.511628                     930.000000                   1.000000e+30                   3.500000e+09                      15.000000
                2525792.093023                     930.000000                   1.000000e+30                   3.500000e+09                      15.000000
                2524497.674419                     930.000000                   1.000000e+30                   3.500000e+09                      15.000000
                2523203.255814                     930.000000                   1.000000e+30                   3.500000e+09                      15.000000
                2521908.837209                     930.000000                   1.000000e+30                   3.500000e+09                      15.000000
                2520614.418605                     930.000000                   1.000000e+30                   3.500000e+09                      15.000000
                2519320.000000                     930.000000                   1.000000e+30                   3.500000e+09                      15.000000
                2518025.581395                     930.000000                   1.000000e+30                   3.500000e+09                      15.000000
                2516731.162791                     930.000000                   1.000000e+30                   3.500000e+09                      15.000000
                2515436.744186                     930.000000                   1.000000e+30                   3.500000e+09                      15.000000
                2514142.325581                     930.000000                   1.000000e+30                   3.500000e+09                      15.000000
                2512847.906977                     930.000000                   1.000000e+30                   3.500000e+09                      15.000000
                2511553.488372                     930.000000                   1.000000e+30                   3.500000e+09                      15.000000
                2510259.069767                     930.000000                   1.000000e+30                   3.500000e+09                      15.000000
                2508964.651163                     930.000000                   1.000000e+30                   3.500000e+09                      15.000000
                2507670.232558                     930.000000                   1.000000e+30                   3.500000e+09                      15.000000
                2506375.813953                     930.000000                   1.000000e+30                   3.500000e+09                      15.000000
                2505081.395349                     930.000000                   1.000000e+30                   3.500000e+09                      15.000000
                2503786.976744                     930.000000                   1.000000e+30                   3.500000e+09                      15.000000
                2502492.558140                     930.000000                   1.000000e+30                   3.500000e+09                      15.000000
                2501198.139535                     930.000000                   1.000000e+30                   3.500000e+09                      15.000000
                2499903.720930                     930.000000                   1.000000e+30                   3.500000e+09                      15.000000
                2498609.302326                     930.000000                   1.000000e+30                   3.500000e+09                      15.000000
                2497314.883721                     930.000000                   1.000000e+30                   3.500000e+09                      15.000000
                2496020.465116                     930.000000                   1.000000e+30                   3.500000e+09                      15.000000
                2494726.046512                     930.000000                   1.000000e+30                   3.500000e+09                      15.000000
                2493431.627907                     930.000000                   1.000000e+30                   3.500000e+09                      15.000000
                2492137.209302                     930.000000                   1.000000e+30                   3.500000e+09                      15.000000
                2490842.790698                     930.000000                   1.000000e+30                   3.500000e+09                      15.000000
                2489548.372093                     930.000000                   1.000000e+30                   3.500000e+09                      15.000000
                2488253.953488                     930.000000                   1.000000e+30                   3.500000e+09                      15.000000
                2486959.534884                     930.000000                   1.000000e+30                   3.500000e+09                      15.000000
                2485665.116279                     930.000000                   1.000000e+30                   3.500000e+09                      15.000000
                2484370.697674                     930.000000                   1.000000e+30                   3.500000e+09                      15.000000
                2483076.279070                     930.000000                   1.000000e+30                   3.500000e+09                      15.000000
                2481781.860465                     930.000000                   1.000000e+30                   3.500000e+09                      15.000000
                2480487.441860                     930.000000                   1.000000e+30                   3.500000e+09                      15.000000
                2479193.023256                     930.000000                   1.000000e+30                   3.500000e+09                      15.000000
                2477898.604651                     930.000000                   1.000000e+30                   3.500000e+09                      15.000000
                2476604.186047                     930.000000                   1.000000e+30                   3.500000e+09                      15.000000
                2475309.767442                     930.000000                   1.000000e+30                   3.500000e+09                      15.000000
                2474015.348837                     930.000000                   1.000000e+30                   3.500000e+09                      15.000000
                2472720.930233                     930.000000                   1.000000e+30                   3.500000e+09                      15.000000
                2471426.511628                     930.000000                   1.000000e+30                   3.500000e+09                      15.000000
                2470132.093023                     930.000000                   1.000000e+30                   3.500000e+09                      15.000000
                2468837.674419                     930.000000                   1.000000e+30                   3.500000e+09                      15.000000
                2467543.255814                     930.000000                   1.000000e+30                   3.500000e+09                      15.000000
                2466248.837209                     930.000000                   1.000000e+30                   3.500000e+09                      15.000000
                2464954.418605                     930.000000                   1.000000e+30                   3.500000e+09                      15.000000
                2463660.000000                     930.000000                   1.000000e+30                   3.500000e+09                      15.000000
                2462365.581395                     930.000000                   1.000000e+30                   3.500000e+09                      15.000000
                2461071.162791                     930.000000                   1.000000e+30                   3.500000e+09                      15.000000
                2459776.744186                     930.000000                   1.000000e+30                   3.500000e+09                      15.000000
                2458482.325581                     930.000000                   1.000000e+30                   3.500000e+09                      15.000000
                2457187.906977                     930.000000                   1.000000e+30                   3.500000e+09                      15.000000
                2455893.488372                     930.000000                   1.000000e+30                   3.500000e+09                      15.000000
                2454599.069767                     930.000000                   1.000000e+30                   3.500000e+09                      15.000000
                2453304.651163                     930.000000                   1.000000e+30                   3.500000e+09                      15.000000
                2452010.232558                     930.000000                   1.000000e+30                   3.500000e+09                      15.000000
                2450715.813953                     930.000000                   1.000000e+30                   3.500000e+09                      15.000000
                2449421.395349                     930.000000                   1.000000e+30                   3.500000e+09                      15.000000
                2448126.976744                     930.000000                   1.000000e+30                   3.500000e+09                      15.000000
                2446832.558140                     930.000000                   1.000000e+30                   3.500000e+09                      15.000000
                2445538.139535                     930.000000                   1.000000e+30                   3.500000e+09                      15.000000
                2444243.720930                     930.000000                   1.000000e+30                   3.500000e+09                      15.000000
                2442949.302326                     930.000000                   1.000000e+30                   3.500000e+09                      15.000000
                2441654.883721                     930.000000                   1.000000e+30                   3.500000e+09                      15.000000
                2440360.465116                     930.000000                   1.000000e+30                   3.500000e+09                      15.000000
                2439066.046512                     930.000000                   1.000000e+30                   3.500000e+09                      15.000000
                2437771.627907                     930.000000                   1.000000e+30                   3.500000e+09                      15.000000
                2436477.209302                     930.000000                   1.000000e+30                   3.500000e+09                      15.000000
                2435182.790698                     930.000000                   1.000000e+30                   3.500000e+09                      15.000000
                2433888.372093                     930.000000                   1.000000e+30                   3.500000e+09                      15.000000
                2432593.953488                     930.000000                   1.000000e+30                   3.500000e+09                      15.000000
                2431299.534884                     930.000000                   1.000000e+30                   3.500000e+09                      15.000000
                2430005.116279                     930.000000                   1.000000e+30                   3.500000e+09                      15.000000
                2428710.697674                     930.000000                   1.000000e+30                   3.500000e+09                      15.000000
                2427416.279070                     930.000000                   1.000000e+30                   3.500000e+09                      15.000000
                2426121.860465                     930.000000                   1.000000e+30                   3.500000e+09                      15.000000
                2424827.441860                     930.000000                   1.000000e+30                   3.500000e+09                      15.000000
                2423533.023256                     930.000000                   1.000000e+30                   3.500000e+09                      15.000000
                2422238.604651                     930.000000                   1.000000e+30                   3.500000e+09                      15.000000
                2420944.186047                     930.000000                   1.000000e+30                   3.500000e+09                      15.000000
                2419649.767442                     930.000000                   1.000000e+30                   3.500000e+09                      15.000000
                2418355.348837                     930.000000                   1.000000e+30                   3.500000e+09                      15.000000
                2417060.930233                     930.000000                   1.000000e+30                   3.500000e+09                      15.000000
                2415766.511628                     930.000000                   1.000000e+30                   3.500000e+09                      15.000000
                2414472.093023                     930.000000                   1.000000e+30                   3.500000e+09                      15.000000
                2413177.674419                     930.000000                   1.000000e+30                   3.500000e+09                      15.000000
                2411883.255814                     930.000000                   1.000000e+30                   3.500000e+09                      15.000000
                2410588.837209                     930.000000                   1.000000e+30                   3.500000e+09                      15.000000
                2409294.418605                     930.000000                   1.000000e+30                   3.500000e+09                      15.000000
                2408000.000000                     930.000000                   1.000000e+30                   3.500000e+09                      15.000000
                2408000.000000                    1100.000000                   1.000000e+30                   0.000000e+00                       2.000000
                2407994.676982                    1100.000000                   1.000000e+30                   0.000000e+00                       2.000000
                2407985.216761                    1100.000000                   1.000000e+30                   0.000000e+00                       2.000000
                2407971.033444                    1100.000000                   1.000000e+30                   0.000000e+00                       2.000000
                2407952.135441                    1100.000000                   1.000000e+30                   0.000000e+00                       2.000000
                2407928.533960                    1100.000000                   1.000000e+30                   0.000000e+00                       2.000000
                2407900.243000                    1100.000000                   1.000000e+30                   0.000000e+00                       2.000000
                2407867.279336                    1100.000000                   1.000000e+30                   0.000000e+00                       2.000000
                2407829.662520                    1100.000000                   1.000000e+30                   0.000000e+00                       2.000000
                2407787.414861                    1100.000000                   1.000000e+30                   0.000000e+00                       2.000000
                2407740.561413                    1100.000000                   1.000000e+30                   0.000000e+00                       2.000000
                2407689.129963                    1100.000000                   1.000000e+30                   0.000000e+00                       2.000000
                2407633.151014                    1100.000000                   1.000000e+30                   0.000000e+00                       2.000000
                2407572.657765                    1100.000000                   1.000000e+30                   0.000000e+00                       2.000000
                2407507.686090                    1100.000000                   1.000000e+30                   0.000000e+00                       2.000000
                2407438.274524                    1100.000000                   1.000000e+30                   0.000000e+00                       2.000000
                2407364.464231                    1100.000000                   1.000000e+30                   0.000000e+00                       2.000000
                2407286.298984                    1100.000000                   1.000000e+30                   0.000000e+00                       2.000000
                2407203.825141                    1100.000000                   1.000000e+30                   0.000000e+00                       2.000000
                2407117.091613                    1100.000000                   1.000000e+30                   0.000000e+00                       2.000000
                2407026.149840                    1100.000000                   1.000000e+30                   0.000000e+00                       2.000000
                2406931.053754                    1100.000000                   1.000000e+30                   0.000000e+00                       2.000000
                2406831.859753                    1100.000000                   1.000000e+30                   0.000000e+00                       2.000000
                2406728.626666                    1100.000000                   1.000000e+30                   0.000000e+00                       2.000000
                2406621.415715                    1100.000000                   1.000000e+30                   0.000000e+00                       2.000000
                2406510.290485                    1100.000000                   1.000000e+30                   0.000000e+00                       2.000000
                2406395.316877                    1100.000000                   1.000000e+30                   0.000000e+00                       2.000000
                2406276.563079                    1100.000000                   1.000000e+30                   0.000000e+00                       2.000000
                2406154.099520                    1100.000000                   1.000000e+30                   0.000000e+00                       2.000000
                2406027.998826                    1100.000000                   1.000000e+30                   0.000000e+00                       2.000000
                2405898.335783                    1100.000000                   1.000000e+30                   0.000000e+00                       2.000000
                2405765.187291                    1100.000000                   1.000000e+30                   0.000000e+00                       2.000000
                2405628.632312                    1100.000000                   1.000000e+30                   0.000000e+00                       2.000000
                2405488.751834                    1100.000000                   1.000000e+30                   0.000000e+00                       2.000000
                2405345.628813                    1100.000000                   1.000000e+30                   0.000000e+00                       2.000000
                2405199.348130                    1100.000000                   1.000000e+30                   0.000000e+00                       2.000000
                2405049.996538                    1100.000000                   1.000000e+30                   0.000000e+00                       2.000000
                2404897.662612                    1100.000000                   1.000000e+30                   0.000000e+00                       2.000000
                2404742.436696                    1100.000000                   1.000000e+30                   0.000000e+00                       2.000000
                2404584.410846                    1100.000000                   1.000000e+30                   0.000000e+00                       2.000000
                2404423.678783                    1100.000000                   1.000000e+30                   0.000000e+00                       2.000000
                2404260.335829                    1100.000000                   1.000000e+30                   0.000000e+00                       2.000000
                2404094.478858                    1100.000000                   1.000000e+30                   0.000000e+00                       2.000000
                2403926.206233                    1100.000000                   1.000000e+30                   0.000000e+00                       2.000000
                2403755.617748                    1100.000000                   1.000000e+30                   0.000000e+00                       2.000000
                2403582.814574                    1100.000000                   1.000000e+30                   0.000000e+00                       2.000000
                2403407.899193                    1100.000000                   1.000000e+30                   0.000000e+00                       2.000000
                2403230.975341                    1100.000000                   1.000000e+30                   0.000000e+00                       2.000000
                2403052.147944                    1100.000000                   1.000000e+30                   0.000000e+00                       2.000000
                2402871.523057                    1100.000000                   1.000000e+30                   0.000000e+00                       2.000000
                2402689.207802                    1100.000000                   1.000000e+30                   0.000000e+00                       2.000000
                2402505.310303                    1100.000000                   1.000000e+30                   0.000000e+00                       2.000000
                2402319.939623                    1100.000000                   1.000000e+30                   0.000000e+00                       2.000000
                2402133.205696                    1100.000000                   1.000000e+30                   0.000000e+00                       2.000000
                2401945.219268                    1100.000000                   1.000000e+30                   0.000000e+00                       2.000000
                2401756.091826                    1100.000000                   1.000000e+30                   0.000000e+00                       2.000000
                2401565.935535                    1100.000000                   1.000000e+30                   0.000000e+00                       2.000000
                2401374.863167                    1100.000000                   1.000000e+30                   0.000000e+00                       2.000000
                2401182.988040                    1100.000000                   1.000000e+30                   0.000000e+00                       2.000000
                2400990.423949                    1100.000000                   1.000000e+30                   0.000000e+00                       2.000000
                2400797.285095                    1100.000000                   1.000000e+30                   0.000000e+00                       2.000000
                2400603.686021                    1100.000000                   1.000000e+30                   0.000000e+00                       2.000000
                2400409.741543                    1100.000000                   1.000000e+30                   0.000000e+00                       2.000000
                2400215.566682                    1100.000000                   1.000000e+30                   0.000000e+00                       2.000000
                2400021.276596                    1100.000000                   1.000000e+30                   0.000000e+00                       2.000000
                2399826.986509                    1100.000000                   1.000000e+30                   0.000000e+00                       2.000000
                2399632.811648                    1100.000000                   1.000000e+30                   0.000000e+00                       2.000000
                2399438.867170                    1100.000000                   1.000000e+30                   0.000000e+00                       2.000000
                2399245.268096                    1100.000000                   1.000000e+30                   0.000000e+00                       2.000000
                2399052.129242                    1100.000000                   1.000000e+30                   0.000000e+00                       2.000000
                2398859.565151                    1100.000000                   1.000000e+30                   0.000000e+00                       2.000000
                2398667.690025                    1100.000000                   1.000000e+30                   0.000000e+00                       2.000000
                2398476.617657                    1100.000000                   1.000000e+30                   0.000000e+00                       2.000000
                2398286.461365                    1100.000000                   1.000000e+30                   0.000000e+00                       2.000000
                2398097.333923                    1100.000000                   1.000000e+30                   0.000000e+00                       2.000000
                2397909.347495                    1100.000000                   1.000000e+30                   0.000000e+00                       2.000000
                2397722.613569                    1100.000000                   1.000000e+30                   0.000000e+00                       2.000000
                2397537.242888                    1100.000000                   1.000000e+30                   0.000000e+00                       2.000000
                2397353.345389                    1100.000000                   1.000000e+30                   0.000000e+00                       2.000000
                2397171.030135                    1100.000000                   1.000000e+30                   0.000000e+00                       2.000000
                2396990.405248                    1100.000000                   1.000000e+30                   0.000000e+00                       2.000000
                2396811.577851                    1100.000000                   1.000000e+30                   0.000000e+00                       2.000000
                2396634.653998                    1100.000000                   1.000000e+30                   0.000000e+00                       2.000000
                2396459.738617                    1100.000000                   1.000000e+30                   0.000000e+00                       2.000000
                2396286.935443                    1100.000000                   1.000000e+30                   0.000000e+00                       2.000000
                2396116.346959                    1100.000000                   1.000000e+30                   0.000000e+00                       2.000000
                2395948.074333                    1100.000000                   1.000000e+30                   0.000000e+00                       2.000000
                2395782.217362                    1100.000000                   1.000000e+30                   0.000000e+00                       2.000000
                2395618.874409                    1100.000000                   1.000000e+30                   0.000000e+00                       2.000000
                2395458.142345                    1100.000000                   1.000000e+30                   0.000000e+00                       2.000000
                2395300.116496                    1100.000000                   1.000000e+30                   0.000000e+00                       2.000000
                2395144.890579                    1100.000000                   1.000000e+30                   0.000000e+00                       2.000000
                2394992.556653                    1100.000000                   1.000000e+30                   0.000000e+00                       2.000000
                2394843.205061                    1100.000000                   1.000000e+30                   0.000000e+00                       2.000000
                2394696.924379                    1100.000000                   1.000000e+30                   0.000000e+00                       2.000000
                2394553.801358                    1100.000000                   1.000000e+30                   0.000000e+00                       2.000000
                2394413.920879                    1100.000000                   1.000000e+30                   0.000000e+00                       2.000000
                2394277.365901                    1100.000000                   1.000000e+30                   0.000000e+00                       2.000000
                2394144.217408                    1100.000000                   1.000000e+30                   0.000000e+00                       2.000000
                2394014.554366                    1100.000000                   1.000000e+30                   0.000000e+00                       2.000000
                2393888.453672                    1100.000000                   1.000000e+30                   0.000000e+00                       2.000000
                2393765.990112                    1100.000000                   1.000000e+30                   0.000000e+00                       2.000000
                2393647.236314                    1100.000000                   1.000000e+30                   0.000000e+00                       2.000000
                2393532.262707                    1100.000000                   1.000000e+30                   0.000000e+00                       2.000000
                2393421.137476                    1100.000000                   1.000000e+30                   0.000000e+00                       2.000000
                2393313.926526                    1100.000000                   1.000000e+30                   0.000000e+00                       2.000000
                2393210.693439                    1100.000000                   1.000000e+30                   0.000000e+00                       2.000000
                2393111.499438                    1100.000000                   1.000000e+30                   0.000000e+00                       2.000000
                2393016.403352                    1100.000000                   1.000000e+30                   0.000000e+00                       2.000000
                2392925.461578                    1100.000000                   1.000000e+30                   0.000000e+00                       2.000000
                2392838.728051                    1100.000000                   1.000000e+30                   0.000000e+00                       2.000000
                2392756.254208                    1100.000000                   1.000000e+30                   0.000000e+00                       2.000000
                2392678.088961                    1100.000000                   1.000000e+30                   0.000000e+00                       2.000000
                2392604.278667                    1100.000000                   1.000000e+30                   0.000000e+00                       2.000000
                2392534.867101                    1100.000000                   1.000000e+30                   0.000000e+00                       2.000000
                2392469.895427                    1100.000000                   1.000000e+30                   0.000000e+00                       2.000000
                2392409.402177                    1100.000000                   1.000000e+30                   0.000000e+00                       2.000000
                2392353.423228                    1100.000000                   1.000000e+30                   0.000000e+00                       2.000000
                2392301.991779                    1100.000000                   1.000000e+30                   0.000000e+00                       2.000000
                2392255.138331                    1100.000000                   1.000000e+30                   0.000000e+00                       2.000000
                2392212.890671                    1100.000000                   1.000000e+30                   0.000000e+00                       2.000000
                2392175.273855                    1100.000000                   1.000000e+30                   0.000000e+00                       2.000000
                2392142.310192                    1100.000000                   1.000000e+30                   0.000000e+00                       2.000000
                2392114.019231                    1100.000000                   1.000000e+30                   0.000000e+00                       2.000000
                2392090.417751                    1100.000000                   1.000000e+30                   0.000000e+00                       2.000000
                2392071.519748                    1100.000000                   1.000000e+30                   0.000000e+00                       2.000000
                2392057.336430                    1100.000000                   1.000000e+30                   0.000000e+00                       2.000000
                2392047.876210                    1100.000000                   1.000000e+30                   0.000000e+00                       2.000000
                2392043.144696                    1100.000000                   1.000000e+30                   0.000000e+00                       2.000000
                2392042.553191                    1100.000000                   1.000000e+30                   0.000000e+00                       2.000000
                2392042.553191                    1250.000000                   1.000000e+30                   6.000000e+09                      15.000000
                2389003.463632                    1250.000000                   1.000000e+30                   6.000000e+09                      15.000000
                2385964.374072                    1250.000000                   1.000000e+30                   6.000000e+09                      15.000000
                2382925.284513                    1250.000000                   1.000000e+30                   6.000000e+09                      15.000000
                2379886.194953                    1250.000000                   1.000000e+30                   6.000000e+09                      15.000000
                2376847.105393                    1250.000000                   1.000000e+30                   6.000000e+09                      15.000000
                2373808.015834                    1250.000000                   1.000000e+30                   6.000000e+09                      15.000000
                2370768.926274                    1250.000000                   1.000000e+30                   6.000000e+09                      15.000000
                2367729.836714                    1250.000000                   1.000000e+30                   6.000000e+09                      15.000000
                2364690.747155                    1250.000000                   1.000000e+30                   6.000000e+09                      15.000000
                2361651.657595                    1250.000000                   1.000000e+30                   6.000000e+09                      15.000000
                2358612.568036                    1250.000000                   1.000000e+30                   6.000000e+09                      15.000000
                2355573.478476                    1250.000000                   1.000000e+30                   6.000000e+09                      15.000000
                2352534.388916                    1250.000000                   1.000000e+30                   6.000000e+09                      15.000000
                2349495.299357                    1250.000000                   1.000000e+30                   6.000000e+09                      15.000000
                2346456.209797                    1250.000000                   1.000000e+30                   6.000000e+09                      15.000000
                2343417.120238                    1250.000000                   1.000000e+30                   6.000000e+09                      15.000000
                2340378.030678                    1250.000000                   1.000000e+30                   6.000000e+09                      15.000000
                2337338.941118                    1250.000000                   1.000000e+30                   6.000000e+09                      15.000000
                2334299.851559                    1250.000000                   1.000000e+30                   6.000000e+09                      15.000000
                2331260.761999                    1250.000000                   1.000000e+30                   6.000000e+09                      15.000000
                2328221.672439                    1250.000000                   1.000000e+30                   6.000000e+09                      15.000000
                2325182.582880                    1250.000000                   1.000000e+30                   6.000000e+09                      15.000000
                2322143.493320                    1250.000000                   1.000000e+30                   6.000000e+09                      15.000000
                2319104.403761                    1250.000000                   1.000000e+30                   6.000000e+09                      15.000000
                2316065.314201                    1250.000000                   1.000000e+30                   6.000000e+09                      15.000000
                2313026.224641                    1250.000000                   1.000000e+30                   6.000000e+09                      15.000000
                2309987.135082                    1250.000000                   1.000000e+30                   6.000000e+09                      15.000000
                2306948.045522                    1250.000000                   1.000000e+30                   6.000000e+09                      15.000000
                2303908.955962                    1250.000000                   1.000000e+30                   6.000000e+09                      15.000000
                2300869.866403                    1250.000000                   1.000000e+30                   6.000000e+09                      15.000000
                2297830.776843                    1250.000000                   1.000000e+30                   6.000000e+09                      15.000000
                2294791.687284                    1250.000000                   1.000000e+30                   6.000000e+09                      15.000000
                2291752.597724                    1250.000000                   1.000000e+30                   6.000000e+09                      15.000000
                2288713.508164                    1250.000000                   1.000000e+30                   6.000000e+09                      15.000000
                2285674.418605                    1250.000000                   1.000000e+30                   6.000000e+09                      15.000000
                2282635.329045                    1250.000000                   1.000000e+30                   6.000000e+09                      15.000000
                2279596.239485                    1250.000000                   1.000000e+30                   6.000000e+09                      15.000000
                2276557.149926                    1250.000000                   1.000000e+30                   6.000000e+09                      15.000000
                2273518.060366                    1250.000000                   1.000000e+30                   6.000000e+09                      15.000000
                2270478.970807                    1250.000000                   1.000000e+30                   6.000000e+09                      15.000000
                2267439.881247                    1250.000000                   1.000000e+30                   6.000000e+09                      15.000000
                2264400.791687                    1250.000000                   1.000000e+30                   6.000000e+09                      15.000000
                2261361.702128                    1250.000000                   1.000000e+30                   6.000000e+09                      15.000000
                2258322.612568                    1250.000000                   1.000000e+30                   6.000000e+09                      15.000000
                2255283.523008                    1250.000000                   1.000000e+30                   6.000000e+09                      15.000000
                2252244.433449                    1250.000000                   1.000000e+30                   6.000000e+09                      15.000000
                2249205.343889                    1250.000000                   1.000000e+30                   6.000000e+09                      15.000000
                2246166.254330                    1250.000000                   1.000000e+30                   6.000000e+09                      15.000000
                2243127.164770                    1250.000000                   1.000000e+30                   6.000000e+09                      15.000000
                2240088.075210                    1250.000000                   1.000000e+30                   6.000000e+09                      15.000000
                2237048.985651                    1250.000000                   1.000000e+30                   6.000000e+09                      15.000000
                2234009.896091                    1250.000000                   1.000000e+30                   6.000000e+09                      15.000000
                2230970.806531                    1250.000000                   1.000000e+30                   6.000000e+09                      15.000000
                2227931.716972                    1250.000000                   1.000000e+30                   6.000000e+09                      15.000000
                2224892.627412                    1250.000000                   1.000000e+30                   6.000000e+09                      15.000000
                2221853.537853                    1250.000000                   1.000000e+30                   6.000000e+09                      15.000000
                2218814.448293                    1250.000000                   1.000000e+30                   6.000000e+09                      15.000000
                2215775.358733                    1250.000000                   1.000000e+30                   6.000000e+09                      15.000000
                2212736.269174                    1250.000000                   1.000000e+30                   6.000000e+09                      15.000000
                2209697.179614                    1250.000000                   1.000000e+30                   6.000000e+09                      15.000000
                2206658.090054                    1250.000000                   1.000000e+30                   6.000000e+09                      15.000000
                2203619.000495                    1250.000000                   1.000000e+30                   6.000000e+09                      15.000000
                2200579.910935                    1250.000000                   1.000000e+30                   6.000000e+09                      15.000000
                2197540.821376                    1250.000000                   1.000000e+30                   6.000000e+09                      15.000000
                2194501.731816                    1250.000000                   1.000000e+30                   6.000000e+09                      15.000000
                2191462.642256                    1250.000000                   1.000000e+30                   6.000000e+09                      15.000000
                2188423.552697                    1250.000000                   1.000000e+30                   6.000000e+09                      15.000000
                2185384.463137                    1250.000000                   1.000000e+30                   6.000000e+09                      15.000000
                2182345.373577                    1250.000000                   1.000000e+30                   6.000000e+09                      15.000000
                2179306.284018                    1250.000000                   1.000000e+30                   6.000000e+09                      15.000000
                2176267.194458                    1250.000000                   1.000000e+30                   6.000000e+09                      15.000000
                2173228.104899                    1250.000000                   1.000000e+30                   6.000000e+09                      15.000000
                2170189.015339                    1250.000000                   1.000000e+30                   6.000000e+09                      15.000000
                2167149.925779                    1250.000000                   1.000000e+30                   6.000000e+09                      15.000000
                2164110.836220                    1250.000000                   1.000000e+30                   6.000000e+09                      15.000000
                2161071.746660                    1250.000000                   1.000000e+30                   6.000000e+09                      15.000000
                2158032.657100                    1250.000000                   1.000000e+30                   6.000000e+09                      15.000000
                2154993.567541                    1250.000000                   1.000000e+30                   6.000000e+09                      15.000000
                2151954.477981                    1250.000000                   1.000000e+30                   6.000000e+09                      15.000000
                2148915.388422                    1250.000000                   1.000000e+30                   6.000000e+09                      15.000000
                2145876.298862                    1250.000000                   1.000000e+30                   6.000000e+09                      15.000000
                2142837.209302                    1250.000000                   1.000000e+30                   6.000000e+09                      15.000000
                2139798.119743                    1250.000000                   1.000000e+30                   6.000000e+09                      15.000000
                2136759.030183                    1250.000000                   1.000000e+30                   6.000000e+09                      15.000000
                2133719.940623                    1250.000000                   1.000000e+30                   6.000000e+09                      15.000000
                2130680.851064                    1250.000000                   1.000000e+30                   6.000000e+09                      15.000000
                2127641.761504                    1250.000000                   1.000000e+30                   6.000000e+09                      15.000000
                2124602.671945                    1250.000000                   1.000000e+30                   6.000000e+09                      15.000000
                2121563.582385                    1250.000000                   1.000000e+30                   6.000000e+09                      15.000000
                2118524.492825                    1250.000000                   1.000000e+30                   6.000000e+09                      15.000000
                2115485.403266                    1250.000000                   1.000000e+30                   6.000000e+09                      15.000000
                2112446.313706                    1250.000000                   1.000000e+30                   6.000000e+09                      15.000000
                2109407.224146                    1250.000000                   1.000000e+30                   6.000000e+09                      15.000000
                2106368.134587                    1250.000000                   1.000000e+30                   6.000000e+09                      15.000000
                2103329.045027                    1250.000000                   1.000000e+30                   6.000000e+09                      15.000000
                2100289.955468                    1250.000000                   1.000000e+30                   6.000000e+09                      15.000000
                2097250.865908                    1250.000000                   1.000000e+30                   6.000000e+09                      15.000000
                2094211.776348                    1250.000000                   1.000000e+30                   6.000000e+09                      15.000000
                2091172.686789                    1250.000000                   1.000000e+30                   6.000000e+09                      15.000000
                2088133.597229                    1250.000000                   1.000000e+30                   6.000000e+09                      15.000000
                2085094.507669                    1250.000000                   1.000000e+30                   6.000000e+09                      15.000000
                2082055.418110                    1250.000000                   1.000000e+30                   6.000000e+09                      15.000000
                2079016.328550                    1250.000000                   1.000000e+30                   6.000000e+09                      15.000000
                2075977.238991                    1250.000000                   1.000000e+30                   6.000000e+09                      15.000000
                2072938.149431                    1250.000000                   1.000000e+30                   6.000000e+09                      15.000000
                2069899.059871                    1250.000000                   1.000000e+30                   6.000000e+09                      15.000000
                2066859.970312                    1250.000000                   1.000000e+30                   6.000000e+09                      15.000000
                2063820.880752                    1250.000000                   1.000000e+30                   6.000000e+09                      15.000000
                2060781.791192                    1250.000000                   1.000000e+30                   6.000000e+09                      15.000000
                2057742.701633                    1250.000000                   1.000000e+30                   6.000000e+09                      15.000000
                2054703.612073                    1250.000000                   1.000000e+30                   6.000000e+09                      15.000000
                2051664.522514                    1250.000000                   1.000000e+30                   6.000000e+09                      15.000000
                2048625.432954                    1250.000000                   1.000000e+30                   6.000000e+09                      15.000000
                2045586.343394                    1250.000000                   1.000000e+30                   6.000000e+09                      15.000000
                2042547.253835                    1250.000000                   1.000000e+30                   6.000000e+09                      15.000000
                2039508.164275                    1250.000000                   1.000000e+30                   6.000000e+09                      15.000000
                2036469.074715                    1250.000000                   1.000000e+30                   6.000000e+09                      15.000000
                2033429.985156                    1250.000000                   1.000000e+30                   6.000000e+09                      15.000000
                2030390.895596                    1250.000000                   1.000000e+30                   6.000000e+09                      15.000000
                2027351.806037                    1250.000000                   1.000000e+30                   6.000000e+09                      15.000000
                2024312.716477                    1250.000000                   1.000000e+30                   6.000000e+09                      15.000000
                2021273.626917                    1250.000000                   1.000000e+30                   6.000000e+09                      15.000000
                2018234.537358                    1250.000000                   1.000000e+30                   6.000000e+09                      15.000000
                2015195.447798                    1250.000000                   1.000000e+30                   6.000000e+09                      15.000000
                2012156.358238                    1250.000000                   1.000000e+30                   6.000000e+09                      15.000000
                2009117.268679                    1250.000000                   1.000000e+30                   6.000000e+09                      15.000000
                2006078.179119                    1250.000000                   1.000000e+30                   6.000000e+09                      15.000000
                2003039.089560                    1250.000000                   1.000000e+30                   6.000000e+09                      15.000000
                2000000.000000                    1250.000000                   1.000000e+30                   6.000000e+09                      15.000000
                2000000.000000                    2854.967373                   1.000000e+30                   3.000000e+10                      17.000000
                1976761.681532                    2854.967373                   1.000000e+30                   3.000000e+10                      17.000000
                1953523.363064                    2854.967373                   1.000000e+30                   3.000000e+10                      17.000000
                1930285.044597                    2854.967373                   1.000000e+30                   3.000000e+10                      17.000000
                1907046.726129                    2854.967373                   1.000000e+30                   3.000000e+10                      17.000000
                1883808.407661                    2854.967373                   1.000000e+30                   3.000000e+10                      17.000000
                1860570.089193                    2854.967373                   1.000000e+30                   3.000000e+10                      17.000000
                1837331.770725                    2854.967373                   1.000000e+30                   3.000000e+10                      17.000000
                1814093.452257                    2854.967373                   1.000000e+30                   3.000000e+10                      17.000000
                1790855.133790                    2854.967373                   1.000000e+30                   3.000000e+10                      17.000000
                1767616.815322                    2854.967373                   1.000000e+30                   3.000000e+10                      17.000000
                1744378.496854                    2854.967373                   1.000000e+30                   3.000000e+10                      17.000000
                1721140.178386                    2854.967373                   1.000000e+30                   3.000000e+10                      17.000000
                1697901.859918                    2854.967373                   1.000000e+30                   3.000000e+10                      17.000000
                1674663.541451                    2854.967373                   1.000000e+30                   3.000000e+10                      17.000000
                1651425.222983                    2854.967373                   1.000000e+30                   3.000000e+10                      17.000000
                1628186.904515                    2854.967373                   1.000000e+30                   3.000000e+10                      17.000000
                1604948.586047                    2854.967373                   1.000000e+30                   3.000000e+10                      17.000000
                1581710.267579                    2854.967373                   1.000000e+30                   3.000000e+10                      17.000000
                1558471.949111                    2854.967373                   1.000000e+30                   3.000000e+10                      17.000000
                1535233.630644                    2854.967373                   1.000000e+30                   3.000000e+10                      17.000000
                1511995.312176                    2854.967373                   1.000000e+30                   3.000000e+10                      17.000000
                1488756.993708                    2854.967373                   1.000000e+30                   3.000000e+10                      17.000000
                1465518.675240                    2854.967373                   1.000000e+30                   3.000000e+10                      17.000000
                1442280.356772                    2854.967373                   1.000000e+30                   3.000000e+10                      17.000000
                1419042.038305                    2854.967373                   1.000000e+30                   3.000000e+10                      17.000000
                1395803.719837                    2854.967373                   1.000000e+30                   3.000000e+10                      17.000000
                1372565.401369                    2854.967373                   1.000000e+30                   3.000000e+10                      17.000000
                1349327.082901                    2854.967373                   1.000000e+30                   3.000000e+10                      17.000000
                1326088.764433                    2854.967373                   1.000000e+30                   3.000000e+10                      17.000000
                1302850.445965                    2854.967373                   1.000000e+30                   3.000000e+10                      17.000000
                1279612.127498                    2854.967373                   1.000000e+30                   3.000000e+10                      17.000000
                1256373.809030                    2854.967373                   1.000000e+30                   3.000000e+10                      17.000000
                1233135.490562                    2854.967373                   1.000000e+30                   3.000000e+10                      17.000000
                1209897.172094                    2854.967373                   1.000000e+30                   3.000000e+10                      17.000000
                1186658.853626                    2854.967373                   1.000000e+30                   3.000000e+10                      17.000000
                1163420.535159                    2854.967373                   1.000000e+30                   3.000000e+10                      17.000000
                1140182.216691                    2854.967373                   1.000000e+30                   3.000000e+10                      17.000000
                1116943.898223                    2854.967373                   1.000000e+30                   3.000000e+10                      17.000000
                1093705.579755                    2854.967373                   1.000000e+30                   3.000000e+10                      17.000000
                1070467.261287                    2854.967373                   1.000000e+30                   3.000000e+10                      17.000000
                1047228.942819                    2854.967373                   1.000000e+30                   3.000000e+10                      17.000000
                1023990.624352                    2854.967373                   1.000000e+30                   3.000000e+10                      17.000000
                1000752.305884                    2854.967373                   1.000000e+30                   3.000000e+10                      17.000000
                 977513.987416                    2854.967373                   1.000000e+30                   3.000000e+10                      17.000000
                 954275.668948                    2854.967373                   1.000000e+30                   3.000000e+10                      17.000000
                 931037.350480                    2854.967373                   1.000000e+30                   3.000000e+10                      17.000000
                 907799.032013                    2854.967373                   1.000000e+30                   3.000000e+10                      17.000000
                 884560.713545                    2854.967373                   1.000000e+30                   3.000000e+10                      17.000000
                 861322.395077                    2854.967373                   1.000000e+30                   3.000000e+10                      17.000000
                 838084.076609                    2854.967373                   1.000000e+30                   3.000000e+10                      17.000000
                 814845.758141                    2854.967373                   1.000000e+30                   3.000000e+10                      17.000000
                 791607.439673                    2854.967373                   1.000000e+30                   3.000000e+10                      17.000000
                 768369.121206                    2854.967373                   1.000000e+30                   3.000000e+10                      17.000000
                 745130.802738                    2854.967373                   1.000000e+30                   3.000000e+10                      17.000000
                 721892.484270                    2854.967373                   1.000000e+30                   3.000000e+10                      17.000000
                 698654.165802                    2854.967373                   1.000000e+30                   3.000000e+10                      17.000000
                 675415.847334                    2854.967373                   1.000000e+30                   3.000000e+10                      17.000000
                 652177.528867                    2854.967373                   1.000000e+30                   3.000000e+10                      17.000000
                 628939.210399                    2854.967373                   1.000000e+30                   3.000000e+10                      17.000000
                 605700.891931                    2854.967373                   1.000000e+30                   3.000000e+10                      17.000000
                 582462.573463                    2854.967373                   1.000000e+30                   3.000000e+10                      17.000000
                 559224.254995                    2854.967373                   1.000000e+30                   3.000000e+10                      17.000000
                 535985.936527                    2854.967373                   1.000000e+30                   3.000000e+10                      17.000000
                 512747.618060                    2854.967373                   1.000000e+30                   3.000000e+10                      17.000000
                 489509.299592                    2854.967373                   1.000000e+30                   3.000000e+10                      17.000000
                 466270.981124                    2854.967373                   1.000000e+30                   3.000000e+10                      17.000000
                 443032.662656                    2854.967373                   1.000000e+30                   3.000000e+10                      17.000000
                 419794.344188                    2854.967373                   1.000000e+30                   3.000000e+10                      17.000000
                 396556.025721                    2854.967373                   1.000000e+30                   3.000000e+10                      17.000000
                 373317.707253                    2854.967373                   1.000000e+30                   3.000000e+10                      17.000000
                 350079.388785                    2854.967373                   1.000000e+30                   3.000000e+10                      17.000000
                 326841.070317                    2854.967373                   1.000000e+30                   3.000000e+10                      17.000000
                 303602.751849                    2854.967373                   1.000000e+30                   3.000000e+10                      17.000000
                 280364.433381                    2854.967373                   1.000000e+30                   3.000000e+10                      17.000000
                 257126.114914                    2854.967373                   1.000000e+30                   3.000000e+10                      17.000000
                 233887.796446                    2854.967373                   1.000000e+30                   3.000000e+10                      17.000000
                 210649.477978                    2854.967373                   1.000000e+30                   3.000000e+10                      17.000000
                 187411.159510                    2854.967373                   1.000000e+30                   3.000000e+10                      17.000000
                 164172.841042                    2854.967373                   1.000000e+30                   3.000000e+10                      17.000000
                 140934.522575                    2854.967373                   1.000000e+30                   3.000000e+10                      17.000000
                 117696.204107                    2854.967373                   1.000000e+30                   3.000000e+10                      17.000000
                  94457.885639                    2854.967373                   1.000000e+30                   3.000000e+10                      17.000000
                  71219.567171                    2854.967373                   1.000000e+30                   3.000000e+10                      17.000000
                  47981.248703                    2854.967373                   1.000000e+30                   3.000000e+10                      17.000000
                  24742.930235                    2854.967373                   1.000000e+30                   3.000000e+10                      17.000000
                   1504.611768                    2854.967373                   1.000000e+30                   3.000000e+10                      17.000000
                 -21733.706700                    2854.967373                   1.000000e+30                   3.000000e+10                      17.000000
                 -44972.025168                    2854.967373                   1.000000e+30                   3.000000e+10                      17.000000
                 -68210.343636                    2854.967373                   1.000000e+30                   3.000000e+10                      17.000000
                 -91448.662104                    2854.967373                   1.000000e+30                   3.000000e+10                      17.000000
                -114686.980572                    2854.967373                   1.000000e+30                   3.000000e+10                      17.000000
                -137925.299039                    2854.967373                   1.000000e+30                   3.000000e+10                      17.000000
                -161163.617507                    2854.967373                   1.000000e+30                   3.000000e+10                      17.000000
                -184401.935975                    2854.967373                   1.000000e+30                   3.000000e+10                      17.000000
                -207640.254443                    2854.967373                   1.000000e+30                   3.000000e+10                      17.000000
                -230878.572911                    2854.967373                   1.000000e+30                   3.000000e+10                      17.000000
                -254116.891378                    2854.967373                   1.000000e+30                   3.000000e+10                      17.000000
                -277355.209846                    2854.967373                   1.000000e+30                   3.000000e+10                      17.000000
                -300593.528314                    2854.967373                   1.000000e+30                   3.000000e+10                      17.000000
                -323831.846782                    2854.967373                   1.000000e+30                   3.000000e+10                      17.000000
                -347070.165250                    2854.967373                   1.000000e+30                   3.000000e+10                      17.000000
                -370308.483718                    2854.967373                   1.000000e+30                   3.000000e+10                      17.000000
                -393546.802185                    2854.967373                   1.000000e+30                   3.000000e+10                      17.000000
                -416785.120653                    2854.967373                   1.000000e+30                   3.000000e+10                      17.000000
                -440023.439121                    2854.967373                   1.000000e+30                   3.000000e+10                      17.000000
                -463261.757589                    2854.967373                   1.000000e+30                   3.000000e+10                      17.000000
                -486500.076057                    2854.967373                   1.000000e+30                   3.000000e+10                      17.000000
                -509738.394524                    2854.967373                   1.000000e+30                   3.000000e+10                      17.000000
                -532976.712992                    2854.967373                   1.000000e+30                   3.000000e+10                      17.000000
                -556215.031460                    2854.967373                   1.000000e+30                   3.000000e+10                      17.000000
                -579453.349928                    2854.967373                   1.000000e+30                   3.000000e+10                      17.000000
                -602691.668396                    2854.967373                   1.000000e+30                   3.000000e+10                      17.000000
                -625929.986864                    2854.967373                   1.000000e+30                   3.000000e+10                      17.000000
                -649168.305331                    2854.967373                   1.000000e+30                   3.000000e+10                      17.000000
                -672406.623799                    2854.967373                   1.000000e+30                   3.000000e+10                      17.000000
                -695644.942267                    2854.967373                   1.000000e+30                   3.000000e+10                      17.000000
                -718883.260735                    2854.967373                   1.000000e+30                   3.000000e+10                      17.000000
                -742121.579203                    2854.967373                   1.000000e+30                   3.000000e+10                      17.000000
                -765359.897670                    2854.967373                   1.000000e+30                   3.000000e+10                      17.000000
                -788598.216138                    2854.967373                   1.000000e+30                   3.000000e+10                      17.000000
                -811836.534606                    2854.967373                   1.000000e+30                   3.000000e+10                      17.000000
                -835074.853074                    2854.967373                   1.000000e+30                   3.000000e+10                      17.000000
                -858313.171542                    2854.967373                   1.000000e+30                   3.000000e+10                      17.000000
                -881551.490010                    2854.967373                   1.000000e+30                   3.000000e+10                      17.000000
                -904789.808477                    2854.967373                   1.000000e+30                   3.000000e+10                      17.000000
                -928028.126945                    2854.967373                   1.000000e+30                   3.000000e+10                      17.000000
                -951266.445413                    2854.967373                   1.000000e+30                   3.000000e+10                      17.000000
                -974504.763881                    2854.967373                   1.000000e+30                   3.000000e+10                      17.000000
                -997743.082349                    2854.967373                   1.000000e+30                   3.000000e+10                      17.000000
                -997743.082349                    3300.000000                   1.000000e+30                   5.000000e+10                      22.000000
                -990008.562330                    3300.000000                   1.000000e+30                   5.000000e+10                      22.000000
                -982274.042312                    3300.000000                   1.000000e+30                   5.000000e+10                      22.000000
                -974539.522294                    3300.000000                   1.000000e+30                   5.000000e+10                      22.000000
                -966805.002276                    3300.000000                   1.000000e+30                   5.000000e+10                      22.000000
                -959070.482258                    3300.000000                   1.000000e+30                   5.000000e+10                      22.000000
                -951335.962239                    3300.000000                   1.000000e+30                   5.000000e+10                      22.000000
                -943601.442221                    3300.000000                   1.000000e+30                   5.000000e+10                      22.000000
                -935866.922203                    3300.000000                   1.000000e+30                   5.000000e+10                      22.000000
                -928132.402185                    3300.000000                   1.000000e+30                   5.000000e+10                      22.000000
                -920397.882167                    3300.000000                   1.000000e+30                   5.000000e+10                      22.000000
                -912663.362148                    3300.000000                   1.000000e+30                   5.000000e+10                      22.000000
                -904928.842130                    3300.000000                   1.000000e+30                   5.000000e+10                      22.000000
                -897194.322112                    3300.000000                   1.000000e+30                   5.000000e+10                      22.000000
                -889459.802094                    3300.000000                   1.000000e+30                   5.000000e+10                      22.000000
                -881725.282076                    3300.000000                   1.000000e+30                   5.000000e+10                      22.000000
                -873990.762057                    3300.000000                   1.000000e+30                   5.000000e+10                      22.000000
                -866256.242039                    3300.000000                   1.000000e+30                   5.000000e+10                      22.000000
                -858521.722021                    3300.000000                   1.000000e+30                   5.000000e+10                      22.000000
                -850787.202003                    3300.000000                   1.000000e+30                   5.000000e+10                      22.000000
                -843052.681984                    3300.000000                   1.000000e+30                   5.000000e+10                      22.000000
                -835318.161966                    3300.000000                   1.000000e+30                   5.000000e+10                      22.000000
                -827583.641948                    3300.000000                   1.000000e+30                   5.000000e+10                      22.000000
                -819849.121930                    3300.000000                   1.000000e+30                   5.000000e+10                      22.000000
                -812114.601912                    3300.000000                   1.000000e+30                   5.000000e+10                      22.000000
                -804380.081893                    3300.000000                   1.000000e+30                   5.000000e+10                      22.000000
                -796645.561875                    3300.000000                   1.000000e+30                   5.000000e+10                      22.000000
                -788911.041857                    3300.000000                   1.000000e+30                   5.000000e+10                      22.000000
                -781176.521839                    3300.000000                   1.000000e+30                   5.000000e+10                      22.000000
                -773442.001821                    3300.000000                   1.000000e+30                   5.000000e+10                      22.000000
                -765707.481802                    3300.000000                   1.000000e+30                   5.000000e+10                      22.000000
                -757972.961784                    3300.000000                   1.000000e+30                   5.000000e+10                      22.000000
                -750238.441766                    3300.000000                   1.000000e+30                   5.000000e+10                      22.000000
                -742503.921748                    3300.000000                   1.000000e+30                   5.000000e+10                      22.000000
                -734769.401730                    3300.000000                   1.000000e+30                   5.000000e+10                      22.000000
                -727034.881711                    3300.000000                   1.000000e+30                   5.000000e+10                      22.000000
                -719300.361693                    3300.000000                   1.000000e+30                   5.000000e+10                      22.000000
                -711565.841675                    3300.000000                   1.000000e+30                   5.000000e+10                      22.000000
                -703831.321657                    3300.000000                   1.000000e+30                   5.000000e+10                      22.000000
                -696096.801639                    3300.000000                   1.000000e+30                   5.000000e+10                      22.000000
                -688362.281620                    3300.000000                   1.000000e+30                   5.000000e+10                      22.000000
                -680627.761602                    3300.000000                   1.000000e+30                   5.000000e+10                      22.000000
                -672893.241584                    3300.000000                   1.000000e+30                   5.000000e+10                      22.000000
                -665158.721566                    3300.000000                   1.000000e+30                   5.000000e+10                      22.000000
                -657424.201548                    3300.000000                   1.000000e+30                   5.000000e+10                      22.000000
                -649689.681529                    3300.000000                   1.000000e+30                   5.000000e+10                      22.000000
                -641955.161511                    3300.000000                   1.000000e+30                   5.000000e+10                      22.000000
                -634220.641493                    3300.000000                   1.000000e+30                   5.000000e+10                      22.000000
                -626486.121475                    3300.000000                   1.000000e+30                   5.000000e+10                      22.000000
                -618751.601457                    3300.000000                   1.000000e+30                   5.000000e+10                      22.000000
                -611017.081438                    3300.000000                   1.000000e+30                   5.000000e+10                      22.000000
                -603282.561420                    3300.000000                   1.000000e+30                   5.000000e+10                      22.000000
                -595548.041402                    3300.000000                   1.000000e+30                   5.000000e+10                      22.000000
                -587813.521384                    3300.000000                   1.000000e+30                   5.000000e+10                      22.000000
                -580079.001365                    3300.000000                   1.000000e+30                   5.000000e+10                      22.000000
                -572344.481347                    3300.000000                   1.000000e+30                   5.000000e+10                      22.000000
                -564609.961329                    3300.000000                   1.000000e+30                   5.000000e+10                      22.000000
                -556875.441311                    3300.000000                   1.000000e+30                   5.000000e+10                      22.000000
                -549140.921293                    3300.000000                   1.000000e+30                   5.000000e+10                      22.000000
                -541406.401274                    3300.000000                   1.000000e+30                   5.000000e+10                      22.000000
                -533671.881256                    3300.000000                   1.000000e+30                   5.000000e+10                      22.000000
                -525937.361238                    3300.000000                   1.000000e+30                   5.000000e+10                      22.000000
                -518202.841220                    3300.000000                   1.000000e+30                   5.000000e+10                      22.000000
                -510468.321202                    3300.000000                   1.000000e+30                   5.000000e+10                      22.000000
                -502733.801183                    3300.000000                   1.000000e+30                   5.000000e+10                      22.000000
                -494999.281165                    3300.000000                   1.000000e+30                   5.000000e+10                      22.000000
                -487264.761147                    3300.000000                   1.000000e+30                   5.000000e+10                      22.000000
                -479530.241129                    3300.000000                   1.000000e+30                   5.000000e+10                      22.000000
                -471795.721111                    3300.000000                   1.000000e+30                   5.000000e+10                      22.000000
                -464061.201092                    3300.000000                   1.000000e+30                   5.000000e+10                      22.000000
                -456326.681074                    3300.000000                   1.000000e+30                   5.000000e+10                      22.000000
                -448592.161056                    3300.000000                   1.000000e+30                   5.000000e+10                      22.000000
                -440857.641038                    3300.000000                   1.000000e+30                   5.000000e+10                      22.000000
                -433123.121020                    3300.000000                   1.000000e+30                   5.000000e+10                      22.000000
                -425388.601001                    3300.000000                   1.000000e+30                   5.000000e+10                      22.000000
                -417654.080983                    3300.000000                   1.000000e+30                   5.000000e+10                      22.000000
                -409919.560965                    3300.000000                   1.000000e+30                   5.000000e+10                      22.000000
                -402185.040947                    3300.000000                   1.000000e+30                   5.000000e+10                      22.000000
                -394450.520929                    3300.000000                   1.000000e+30                   5.000000e+10                      22.000000
                -386716.000910                    3300.000000                   1.000000e+30                   5.000000e+10                      22.000000
                -378981.480892                    3300.000000                   1.000000e+30                   5.000000e+10                      22.000000
                -371246.960874                    3300.000000                   1.000000e+30                   5.000000e+10                      22.000000
                -363512.440856                    3300.000000                   1.000000e+30                   5.000000e+10                      22.000000
                -355777.920837                    3300.000000                   1.000000e+30                   5.000000e+10                      22.000000
                -348043.400819                    3300.000000                   1.000000e+30                   5.000000e+10                      22.000000
                -340308.880801                    3300.000000                   1.000000e+30                   5.000000e+10                      22.000000
                -332574.360783                    3300.000000                   1.000000e+30                   5.000000e+10                      22.000000
                -324839.840765                    3300.000000                   1.000000e+30                   5.000000e+10                      22.000000
                -317105.320746                    3300.000000                   1.000000e+30                   5.000000e+10                      22.000000
                -309370.800728                    3300.000000                   1.000000e+30                   5.000000e+10                      22.000000
                -301636.280710                    3300.000000                   1.000000e+30                   5.000000e+10                      22.000000
                -293901.760692                    3300.000000                   1.000000e+30                   5.000000e+10                      22.000000
                -286167.240674                    3300.000000                   1.000000e+30                   5.000000e+10                      22.000000
                -278432.720655                    3300.000000                   1.000000e+30                   5.000000e+10                      22.000000
                -270698.200637                    3300.000000                   1.000000e+30                   5.000000e+10                      22.000000
                -262963.680619                    3300.000000                   1.000000e+30                   5.000000e+10                      22.000000
                -255229.160601                    3300.000000                   1.000000e+30                   5.000000e+10                      22.000000
                -247494.640583                    3300.000000                   1.000000e+30                   5.000000e+10                      22.000000
                -239760.120564                    3300.000000                   1.000000e+30                   5.000000e+10                      22.000000
                -232025.600546                    3300.000000                   1.000000e+30                   5.000000e+10                      22.000000
                -224291.080528                    3300.000000                   1.000000e+30                   5.000000e+10                      22.000000
                -216556.560510                    3300.000000                   1.000000e+30                   5.000000e+10                      22.000000
                -208822.040492                    3300.000000                   1.000000e+30                   5.000000e+10                      22.000000
                -201087.520473                    3300.000000                   1.000000e+30                   5.000000e+10                      22.000000
                -193353.000455                    3300.000000                   1.000000e+30                   5.000000e+10                      22.000000
                -185618.480437                    3300.000000                   1.000000e+30                   5.000000e+10                      22.000000
                -177883.960419                    3300.000000                   1.000000e+30                   5.000000e+10                      22.000000
                -170149.440401                    3300.000000                   1.000000e+30                   5.000000e+10                      22.000000
                -162414.920382                    3300.000000                   1.000000e+30                   5.000000e+10                      22.000000
                -154680.400364                    3300.000000                   1.000000e+30                   5.000000e+10                      22.000000
                -146945.880346                    3300.000000                   1.000000e+30                   5.000000e+10                      22.000000
                -139211.360328                    3300.000000                   1.000000e+30                   5.000000e+10                      22.000000
                -131476.840310                    3300.000000                   1.000000e+30                   5.000000e+10                      22.000000
                -123742.320291                    3300.000000                   1.000000e+30                   5.000000e+10                      22.000000
                -116007.800273                    3300.000000                   1.000000e+30                   5.000000e+10                      22.000000
                -108273.280255                    3300.000000                   1.000000e+30                   5.000000e+10                      22.000000
                -100538.760237                    3300.000000                   1.000000e+30                   5.000000e+10                      22.000000
                 -92804.240218                    3300.000000                   1.000000e+30                   5.000000e+10                      22.000000
                 -85069.720200                    3300.000000                   1.000000e+30                   5.000000e+10                      22.000000
                 -77335.200182                    3300.000000                   1.000000e+30                   5.000000e+10                      22.000000
                 -69600.680164                    3300.000000                   1.000000e+30                   5.000000e+10                      22.000000
                 -61866.160146                    3300.000000                   1.000000e+30                   5.000000e+10                      22.000000
                 -54131.640127                    3300.000000                   1.000000e+30                   5.000000e+10                      22.000000
                 -46397.120109                    3300.000000                   1.000000e+30                   5.000000e+10                      22.000000
                 -38662.600091                    3300.000000                   1.000000e+30                   5.000000e+10                      22.000000
                 -30928.080073                    3300.000000                   1.000000e+30                   5.000000e+10                      22.000000
                 -23193.560055                    3300.000000                   1.000000e+30                   5.000000e+10                      22.000000
                 -15459.040036                    3300.000000                   1.000000e+30                   5.000000e+10                      22.000000
                  -7724.520018                    3300.000000                   1.000000e+30                   5.000000e+10                      22.000000
                     10.000000                    3300.000000                   1.000000e+30                   5.000000e+10                      22.000000
