                   #Radius (m)               Density (kg/m^3)              Bulk modulus (Pa)             Shear modulus (Pa)               Viscosity (Pa.s)
                2575000.000000                     930.000000                   1.000000e+30                   3.500000e+09                      24.000000
                2574999.710145                     930.000000                   1.000000e+30                   3.500000e+09                      24.000000
                2574999.420290                     930.000000                   1.000000e+30                   3.500000e+09                      24.000000
                2574999.130435                     930.000000                   1.000000e+30                   3.500000e+09                      24.000000
                2574998.840580                     930.000000                   1.000000e+30                   3.500000e+09                      24.000000
                2574998.550725                     930.000000                   1.000000e+30                   3.500000e+09                      24.000000
                2574998.260870                     930.000000                   1.000000e+30                   3.500000e+09                      24.000000
                2574997.971014                     930.000000                   1.000000e+30                   3.500000e+09                      24.000000
                2574997.681159                     930.000000                   1.000000e+30                   3.500000e+09                      24.000000
                2574997.391304                     930.000000                   1.000000e+30                   3.500000e+09                      24.000000
                2574997.101449                     930.000000                   1.000000e+30                   3.500000e+09                      24.000000
                2574996.811594                     930.000000                   1.000000e+30                   3.500000e+09                      24.000000
                2574996.521739                     930.000000                   1.000000e+30                   3.500000e+09                      24.000000
                2574996.231884                     930.000000                   1.000000e+30                   3.500000e+09                      24.000000
                2574995.942029                     930.000000                   1.000000e+30                   3.500000e+09                      24.000000
                2574995.652174                     930.000000                   1.000000e+30                   3.500000e+09                      24.000000
                2574995.362319                     930.000000                   1.000000e+30                   3.500000e+09                      24.000000
                2574995.072464                     930.000000                   1.000000e+30                   3.500000e+09                      24.000000
                2574994.782609                     930.000000                   1.000000e+30                   3.500000e+09                      24.000000
                2574994.492754                     930.000000                   1.000000e+30                   3.500000e+09                      24.000000
                2574994.202899                     930.000000                   1.000000e+30                   3.500000e+09                      24.000000
                2574993.913043                     930.000000                   1.000000e+30                   3.500000e+09                      24.000000
                2574993.623188                     930.000000                   1.000000e+30                   3.500000e+09                      24.000000
                2574993.333333                     930.000000                   1.000000e+30                   3.500000e+09                      24.000000
                2574993.043478                     930.000000                   1.000000e+30                   3.500000e+09                      24.000000
                2574992.753623                     930.000000                   1.000000e+30                   3.500000e+09                      24.000000
                2574992.463768                     930.000000                   1.000000e+30                   3.500000e+09                      24.000000
                2574992.173913                     930.000000                   1.000000e+30                   3.500000e+09                      24.000000
                2574991.884058                     930.000000                   1.000000e+30                   3.500000e+09                      24.000000
                2574991.594203                     930.000000                   1.000000e+30                   3.500000e+09                      24.000000
                2574991.304348                     930.000000                   1.000000e+30                   3.500000e+09                      24.000000
                2574991.014493                     930.000000                   1.000000e+30                   3.500000e+09                      24.000000
                2574990.724638                     930.000000                   1.000000e+30                   3.500000e+09                      24.000000
                2574990.434783                     930.000000                   1.000000e+30                   3.500000e+09                      24.000000
                2574990.144928                     930.000000                   1.000000e+30                   3.500000e+09                      24.000000
                2574989.855072                     930.000000                   1.000000e+30                   3.500000e+09                      24.000000
                2574989.565217                     930.000000                   1.000000e+30                   3.500000e+09                      24.000000
                2574989.275362                     930.000000                   1.000000e+30                   3.500000e+09                      24.000000
                2574988.985507                     930.000000                   1.000000e+30                   3.500000e+09                      24.000000
                2574988.695652                     930.000000                   1.000000e+30                   3.500000e+09                      24.000000
                2574988.405797                     930.000000                   1.000000e+30                   3.500000e+09                      24.000000
                2574988.115942                     930.000000                   1.000000e+30                   3.500000e+09                      24.000000
                2574987.826087                     930.000000                   1.000000e+30                   3.500000e+09                      24.000000
                2574987.536232                     930.000000                   1.000000e+30                   3.500000e+09                      24.000000
                2574987.246377                     930.000000                   1.000000e+30                   3.500000e+09                      24.000000
                2574986.956522                     930.000000                   1.000000e+30                   3.500000e+09                      24.000000
                2574986.666667                     930.000000                   1.000000e+30                   3.500000e+09                      24.000000
                2574986.376812                     930.000000                   1.000000e+30                   3.500000e+09                      24.000000
                2574986.086957                     930.000000                   1.000000e+30                   3.500000e+09                      24.000000
                2574985.797101                     930.000000                   1.000000e+30                   3.500000e+09                      24.000000
                2574985.507246                     930.000000                   1.000000e+30                   3.500000e+09                      24.000000
                2574985.217391                     930.000000                   1.000000e+30                   3.500000e+09                      24.000000
                2574984.927536                     930.000000                   1.000000e+30                   3.500000e+09                      24.000000
                2574984.637681                     930.000000                   1.000000e+30                   3.500000e+09                      24.000000
                2574984.347826                     930.000000                   1.000000e+30                   3.500000e+09                      24.000000
                2574984.057971                     930.000000                   1.000000e+30                   3.500000e+09                      24.000000
                2574983.768116                     930.000000                   1.000000e+30                   3.500000e+09                      24.000000
                2574983.478261                     930.000000                   1.000000e+30                   3.500000e+09                      24.000000
                2574983.188406                     930.000000                   1.000000e+30                   3.500000e+09                      24.000000
                2574982.898551                     930.000000                   1.000000e+30                   3.500000e+09                      24.000000
                2574982.608696                     930.000000                   1.000000e+30                   3.500000e+09                      24.000000
                2574982.318841                     930.000000                   1.000000e+30                   3.500000e+09                      24.000000
                2574982.028986                     930.000000                   1.000000e+30                   3.500000e+09                      24.000000
                2574981.739130                     930.000000                   1.000000e+30                   3.500000e+09                      24.000000
                2574981.449275                     930.000000                   1.000000e+30                   3.500000e+09                      24.000000
                2574981.159420                     930.000000                   1.000000e+30                   3.500000e+09                      24.000000
                2574980.869565                     930.000000                   1.000000e+30                   3.500000e+09                      24.000000
                2574980.579710                     930.000000                   1.000000e+30                   3.500000e+09                      24.000000
                2574980.289855                     930.000000                   1.000000e+30                   3.500000e+09                      24.000000
                2574980.000000                     930.000000                   1.000000e+30                   3.500000e+09                      24.000000
                2574980.000000                     930.000000                   1.000000e+30                   3.500000e+09                      15.000000
                2573685.581395                     930.000000                   1.000000e+30                   3.500000e+09                      15.000000
                2572391.162791                     930.000000                   1.000000e+30                   3.500000e+09                      15.000000
                2571096.744186                     930.000000                   1.000000e+30                   3.500000e+09                      15.000000
                2569802.325581                     930.000000                   1.000000e+30                   3.500000e+09                      15.000000
                2568507.906977                     930.000000                   1.000000e+30                   3.500000e+09                      15.000000
                2567213.488372                     930.000000                   1.000000e+30                   3.500000e+09                      15.000000
                2565919.069767                     930.000000                   1.000000e+30                   3.500000e+09                      15.000000
                2564624.651163                     930.000000                   1.000000e+30                   3.500000e+09                      15.000000
                2563330.232558                     930.000000                   1.000000e+30                   3.500000e+09                      15.000000
                2562035.813953                     930.000000                   1.000000e+30                   3.500000e+09                      15.000000
                2560741.395349                     930.000000                   1.000000e+30                   3.500000e+09                      15.000000
                2559446.976744                     930.000000                   1.000000e+30                   3.500000e+09                      15.000000
                2558152.558140                     930.000000                   1.000000e+30                   3.500000e+09                      15.000000
                2556858.139535                     930.000000                   1.000000e+30                   3.500000e+09                      15.000000
                2555563.720930                     930.000000                   1.000000e+30                   3.500000e+09                      15.000000
                2554269.302326                     930.000000                   1.000000e+30                   3.500000e+09                      15.000000
                2552974.883721                     930.000000                   1.000000e+30                   3.500000e+09                      15.000000
                2551680.465116                     930.000000                   1.000000e+30                   3.500000e+09                      15.000000
                2550386.046512                     930.000000                   1.000000e+30                   3.500000e+09                      15.000000
                2549091.627907                     930.000000                   1.000000e+30                   3.500000e+09                      15.000000
                2547797.209302                     930.000000                   1.000000e+30                   3.500000e+09                      15.000000
                2546502.790698                     930.000000                   1.000000e+30                   3.500000e+09                      15.000000
                2545208.372093                     930.000000                   1.000000e+30                   3.500000e+09                      15.000000
                2543913.953488                     930.000000                   1.000000e+30                   3.500000e+09                      15.000000
                2542619.534884                     930.000000                   1.000000e+30                   3.500000e+09                      15.000000
                2541325.116279                     930.000000                   1.000000e+30                   3.500000e+09                      15.000000
                2540030.697674                     930.000000                   1.000000e+30                   3.500000e+09                      15.000000
                2538736.279070                     930.000000                   1.000000e+30                   3.500000e+09                      15.000000
                2537441.860465                     930.000000                   1.000000e+30                   3.500000e+09                      15.000000
                2536147.441860                     930.000000                   1.000000e+30                   3.500000e+09                      15.000000
                2534853.023256                     930.000000                   1.000000e+30                   3.500000e+09                      15.000000
                2533558.604651                     930.000000                   1.000000e+30                   3.500000e+09                      15.000000
                2532264.186047                     930.000000                   1.000000e+30                   3.500000e+09                      15.000000
                2530969.767442                     930.000000                   1.000000e+30                   3.500000e+09                      15.000000
                2529675.348837                     930.000000                   1.000000e+30                   3.500000e+09                      15.000000
                2528380.930233                     930.000000                   1.000000e+30                   3.500000e+09                      15.000000
                2527086.511628                     930.000000                   1.000000e+30                   3.500000e+09                      15.000000
                2525792.093023                     930.000000                   1.000000e+30                   3.500000e+09                      15.000000
                2524497.674419                     930.000000                   1.000000e+30                   3.500000e+09                      15.000000
                2523203.255814                     930.000000                   1.000000e+30                   3.500000e+09                      15.000000
                2521908.837209                     930.000000                   1.000000e+30                   3.500000e+09                      15.000000
                2520614.418605                     930.000000                   1.000000e+30                   3.500000e+09                      15.000000
                2519320.000000                     930.000000                   1.000000e+30                   3.500000e+09                      15.000000
                2518025.581395                     930.000000                   1.000000e+30                   3.500000e+09                      15.000000
                2516731.162791                     930.000000                   1.000000e+30                   3.500000e+09                      15.000000
                2515436.744186                     930.000000                   1.000000e+30                   3.500000e+09                      15.000000
                2514142.325581                     930.000000                   1.000000e+30                   3.500000e+09                      15.000000
                2512847.906977                     930.000000                   1.000000e+30                   3.500000e+09                      15.000000
                2511553.488372                     930.000000                   1.000000e+30                   3.500000e+09                      15.000000
                2510259.069767                     930.000000                   1.000000e+30                   3.500000e+09                      15.000000
                2508964.651163                     930.000000                   1.000000e+30                   3.500000e+09                      15.000000
                2507670.232558                     930.000000                   1.000000e+30                   3.500000e+09                      15.000000
                2506375.813953                     930.000000                   1.000000e+30                   3.500000e+09                      15.000000
                2505081.395349                     930.000000                   1.000000e+30                   3.500000e+09                      15.000000
                2503786.976744                     930.000000                   1.000000e+30                   3.500000e+09                      15.000000
                2502492.558140                     930.000000                   1.000000e+30                   3.500000e+09                      15.000000
                2501198.139535                     930.000000                   1.000000e+30                   3.500000e+09                      15.000000
                2499903.720930                     930.000000                   1.000000e+30                   3.500000e+09                      15.000000
                2498609.302326                     930.000000                   1.000000e+30                   3.500000e+09                      15.000000
                2497314.883721                     930.000000                   1.000000e+30                   3.500000e+09                      15.000000
                2496020.465116                     930.000000                   1.000000e+30                   3.500000e+09                      15.000000
                2494726.046512                     930.000000                   1.000000e+30                   3.500000e+09                      15.000000
                2493431.627907                     930.000000                   1.000000e+30                   3.500000e+09                      15.000000
                2492137.209302                     930.000000                   1.000000e+30                   3.500000e+09                      15.000000
                2490842.790698                     930.000000                   1.000000e+30                   3.500000e+09                      15.000000
                2489548.372093                     930.000000                   1.000000e+30                   3.500000e+09                      15.000000
                2488253.953488                     930.000000                   1.000000e+30                   3.500000e+09                      15.000000
                2486959.534884                     930.000000                   1.000000e+30                   3.500000e+09                      15.000000
                2485665.116279                     930.000000                   1.000000e+30                   3.500000e+09                      15.000000
                2484370.697674                     930.000000                   1.000000e+30                   3.500000e+09                      15.000000
                2483076.279070                     930.000000                   1.000000e+30                   3.500000e+09                      15.000000
                2481781.860465                     930.000000                   1.000000e+30                   3.500000e+09                      15.000000
                2480487.441860                     930.000000                   1.000000e+30                   3.500000e+09                      15.000000
                2479193.023256                     930.000000                   1.000000e+30                   3.500000e+09                      15.000000
                2477898.604651                     930.000000                   1.000000e+30                   3.500000e+09                      15.000000
                2476604.186047                     930.000000                   1.000000e+30                   3.500000e+09                      15.000000
                2475309.767442                     930.000000                   1.000000e+30                   3.500000e+09                      15.000000
                2474015.348837                     930.000000                   1.000000e+30                   3.500000e+09                      15.000000
                2472720.930233                     930.000000                   1.000000e+30                   3.500000e+09                      15.000000
                2471426.511628                     930.000000                   1.000000e+30                   3.500000e+09                      15.000000
                2470132.093023                     930.000000                   1.000000e+30                   3.500000e+09                      15.000000
                2468837.674419                     930.000000                   1.000000e+30                   3.500000e+09                      15.000000
                2467543.255814                     930.000000                   1.000000e+30                   3.500000e+09                      15.000000
                2466248.837209                     930.000000                   1.000000e+30                   3.500000e+09                      15.000000
                2464954.418605                     930.000000                   1.000000e+30                   3.500000e+09                      15.000000
                2463660.000000                     930.000000                   1.000000e+30                   3.500000e+09                      15.000000
                2462365.581395                     930.000000                   1.000000e+30                   3.500000e+09                      15.000000
                2461071.162791                     930.000000                   1.000000e+30                   3.500000e+09                      15.000000
                2459776.744186                     930.000000                   1.000000e+30                   3.500000e+09                      15.000000
                2458482.325581                     930.000000                   1.000000e+30                   3.500000e+09                      15.000000
                2457187.906977                     930.000000                   1.000000e+30                   3.500000e+09                      15.000000
                2455893.488372                     930.000000                   1.000000e+30                   3.500000e+09                      15.000000
                2454599.069767                     930.000000                   1.000000e+30                   3.500000e+09                      15.000000
                2453304.651163                     930.000000                   1.000000e+30                   3.500000e+09                      15.000000
                2452010.232558                     930.000000                   1.000000e+30                   3.500000e+09                      15.000000
                2450715.813953                     930.000000                   1.000000e+30                   3.500000e+09                      15.000000
                2449421.395349                     930.000000                   1.000000e+30                   3.500000e+09                      15.000000
                2448126.976744                     930.000000                   1.000000e+30                   3.500000e+09                      15.000000
                2446832.558140                     930.000000                   1.000000e+30                   3.500000e+09                      15.000000
                2445538.139535                     930.000000                   1.000000e+30                   3.500000e+09                      15.000000
                2444243.720930                     930.000000                   1.000000e+30                   3.500000e+09                      15.000000
                2442949.302326                     930.000000                   1.000000e+30                   3.500000e+09                      15.000000
                2441654.883721                     930.000000                   1.000000e+30                   3.500000e+09                      15.000000
                2440360.465116                     930.000000                   1.000000e+30                   3.500000e+09                      15.000000
                2439066.046512                     930.000000                   1.000000e+30                   3.500000e+09                      15.000000
                2437771.627907                     930.000000                   1.000000e+30                   3.500000e+09                      15.000000
                2436477.209302                     930.000000                   1.000000e+30                   3.500000e+09                      15.000000
                2435182.790698                     930.000000                   1.000000e+30                   3.500000e+09                      15.000000
                2433888.372093                     930.000000                   1.000000e+30                   3.500000e+09                      15.000000
                2432593.953488                     930.000000                   1.000000e+30                   3.500000e+09                      15.000000
                2431299.534884                     930.000000                   1.000000e+30                   3.500000e+09                      15.000000
                2430005.116279                     930.000000                   1.000000e+30                   3.500000e+09                      15.000000
                2428710.697674                     930.000000                   1.000000e+30                   3.500000e+09                      15.000000
                2427416.279070                     930.000000                   1.000000e+30                   3.500000e+09                      15.000000
                2426121.860465                     930.000000                   1.000000e+30                   3.500000e+09                      15.000000
                2424827.441860                     930.000000                   1.000000e+30                   3.500000e+09                      15.000000
                2423533.023256                     930.000000                   1.000000e+30                   3.500000e+09                      15.000000
                2422238.604651                     930.000000                   1.000000e+30                   3.500000e+09                      15.000000
                2420944.186047                     930.000000                   1.000000e+30                   3.500000e+09                      15.000000
                2419649.767442                     930.000000                   1.000000e+30                   3.500000e+09                      15.000000
                2418355.348837                     930.000000                   1.000000e+30                   3.500000e+09                      15.000000
                2417060.930233                     930.000000                   1.000000e+30                   3.500000e+09                      15.000000
                2415766.511628                     930.000000                   1.000000e+30                   3.500000e+09                      15.000000
                2414472.093023                     930.000000                   1.000000e+30                   3.500000e+09                      15.000000
                2413177.674419                     930.000000                   1.000000e+30                   3.500000e+09                      15.000000
                2411883.255814                     930.000000                   1.000000e+30                   3.500000e+09                      15.000000
                2410588.837209                     930.000000                   1.000000e+30                   3.500000e+09                      15.000000
                2409294.418605                     930.000000                   1.000000e+30                   3.500000e+09                      15.000000
                2408000.000000                     930.000000                   1.000000e+30                   3.500000e+09                      15.000000
                2408000.000000                    1100.000000                   1.000000e+30                   0.000000e+00                       2.000000
                2407993.463333                    1100.000000                   1.000000e+30                   0.000000e+00                       2.000000
                2407981.846183                    1100.000000                   1.000000e+30                   0.000000e+00                       2.000000
                2407964.429069                    1100.000000                   1.000000e+30                   0.000000e+00                       2.000000
                2407941.222321                    1100.000000                   1.000000e+30                   0.000000e+00                       2.000000
                2407912.239703                    1100.000000                   1.000000e+30                   0.000000e+00                       2.000000
                2407877.498403                    1100.000000                   1.000000e+30                   0.000000e+00                       2.000000
                2407837.019025                    1100.000000                   1.000000e+30                   0.000000e+00                       2.000000
                2407790.825575                    1100.000000                   1.000000e+30                   0.000000e+00                       2.000000
                2407738.945449                    1100.000000                   1.000000e+30                   0.000000e+00                       2.000000
                2407681.409415                    1100.000000                   1.000000e+30                   0.000000e+00                       2.000000
                2407618.251595                    1100.000000                   1.000000e+30                   0.000000e+00                       2.000000
                2407549.509445                    1100.000000                   1.000000e+30                   0.000000e+00                       2.000000
                2407475.223735                    1100.000000                   1.000000e+30                   0.000000e+00                       2.000000
                2407395.438519                    1100.000000                   1.000000e+30                   0.000000e+00                       2.000000
                2407310.201116                    1100.000000                   1.000000e+30                   0.000000e+00                       2.000000
                2407219.562075                    1100.000000                   1.000000e+30                   0.000000e+00                       2.000000
                2407123.575152                    1100.000000                   1.000000e+30                   0.000000e+00                       2.000000
                2407022.297273                    1100.000000                   1.000000e+30                   0.000000e+00                       2.000000
                2406915.788501                    1100.000000                   1.000000e+30                   0.000000e+00                       2.000000
                2406804.112003                    1100.000000                   1.000000e+30                   0.000000e+00                       2.000000
                2406687.334009                    1100.000000                   1.000000e+30                   0.000000e+00                       2.000000
                2406565.523777                    1100.000000                   1.000000e+30                   0.000000e+00                       2.000000
                2406438.753546                    1100.000000                   1.000000e+30                   0.000000e+00                       2.000000
                2406307.098499                    1100.000000                   1.000000e+30                   0.000000e+00                       2.000000
                2406170.636715                    1100.000000                   1.000000e+30                   0.000000e+00                       2.000000
                2406029.449125                    1100.000000                   1.000000e+30                   0.000000e+00                       2.000000
                2405883.619462                    1100.000000                   1.000000e+30                   0.000000e+00                       2.000000
                2405733.234210                    1100.000000                   1.000000e+30                   0.000000e+00                       2.000000
                2405578.382558                    1100.000000                   1.000000e+30                   0.000000e+00                       2.000000
                2405419.156342                    1100.000000                   1.000000e+30                   0.000000e+00                       2.000000
                2405255.649993                    1100.000000                   1.000000e+30                   0.000000e+00                       2.000000
                2405087.960480                    1100.000000                   1.000000e+30                   0.000000e+00                       2.000000
                2404916.187252                    1100.000000                   1.000000e+30                   0.000000e+00                       2.000000
                2404740.432182                    1100.000000                   1.000000e+30                   0.000000e+00                       2.000000
                2404560.799504                    1100.000000                   1.000000e+30                   0.000000e+00                       2.000000
                2404377.395749                    1100.000000                   1.000000e+30                   0.000000e+00                       2.000000
                2404190.329688                    1100.000000                   1.000000e+30                   0.000000e+00                       2.000000
                2403999.712262                    1100.000000                   1.000000e+30                   0.000000e+00                       2.000000
                2403805.656519                    1100.000000                   1.000000e+30                   0.000000e+00                       2.000000
                2403608.277545                    1100.000000                   1.000000e+30                   0.000000e+00                       2.000000
                2403407.692398                    1100.000000                   1.000000e+30                   0.000000e+00                       2.000000
                2403204.020038                    1100.000000                   1.000000e+30                   0.000000e+00                       2.000000
                2402997.381254                    1100.000000                   1.000000e+30                   0.000000e+00                       2.000000
                2402787.898595                    1100.000000                   1.000000e+30                   0.000000e+00                       2.000000
                2402575.696297                    1100.000000                   1.000000e+30                   0.000000e+00                       2.000000
                2402360.900209                    1100.000000                   1.000000e+30                   0.000000e+00                       2.000000
                2402143.637719                    1100.000000                   1.000000e+30                   0.000000e+00                       2.000000
                2401924.037675                    1100.000000                   1.000000e+30                   0.000000e+00                       2.000000
                2401702.230314                    1100.000000                   1.000000e+30                   0.000000e+00                       2.000000
                2401478.347181                    1100.000000                   1.000000e+30                   0.000000e+00                       2.000000
                2401252.521052                    1100.000000                   1.000000e+30                   0.000000e+00                       2.000000
                2401024.885857                    1100.000000                   1.000000e+30                   0.000000e+00                       2.000000
                2400795.576595                    1100.000000                   1.000000e+30                   0.000000e+00                       2.000000
                2400564.729261                    1100.000000                   1.000000e+30                   0.000000e+00                       2.000000
                2400332.480763                    1100.000000                   1.000000e+30                   0.000000e+00                       2.000000
                2400098.968836                    1100.000000                   1.000000e+30                   0.000000e+00                       2.000000
                2399864.331969                    1100.000000                   1.000000e+30                   0.000000e+00                       2.000000
                2399628.709314                    1100.000000                   1.000000e+30                   0.000000e+00                       2.000000
                2399392.240610                    1100.000000                   1.000000e+30                   0.000000e+00                       2.000000
                2399155.066097                    1100.000000                   1.000000e+30                   0.000000e+00                       2.000000
                2398917.326434                    1100.000000                   1.000000e+30                   0.000000e+00                       2.000000
                2398679.162615                    1100.000000                   1.000000e+30                   0.000000e+00                       2.000000
                2398440.715886                    1100.000000                   1.000000e+30                   0.000000e+00                       2.000000
                2398202.127660                    1100.000000                   1.000000e+30                   0.000000e+00                       2.000000
                2397963.539433                    1100.000000                   1.000000e+30                   0.000000e+00                       2.000000
                2397725.092704                    1100.000000                   1.000000e+30                   0.000000e+00                       2.000000
                2397486.928885                    1100.000000                   1.000000e+30                   0.000000e+00                       2.000000
                2397249.189222                    1100.000000                   1.000000e+30                   0.000000e+00                       2.000000
                2397012.014710                    1100.000000                   1.000000e+30                   0.000000e+00                       2.000000
                2396775.546005                    1100.000000                   1.000000e+30                   0.000000e+00                       2.000000
                2396539.923350                    1100.000000                   1.000000e+30                   0.000000e+00                       2.000000
                2396305.286483                    1100.000000                   1.000000e+30                   0.000000e+00                       2.000000
                2396071.774556                    1100.000000                   1.000000e+30                   0.000000e+00                       2.000000
                2395839.526058                    1100.000000                   1.000000e+30                   0.000000e+00                       2.000000
                2395608.678724                    1100.000000                   1.000000e+30                   0.000000e+00                       2.000000
                2395379.369463                    1100.000000                   1.000000e+30                   0.000000e+00                       2.000000
                2395151.734267                    1100.000000                   1.000000e+30                   0.000000e+00                       2.000000
                2394925.908138                    1100.000000                   1.000000e+30                   0.000000e+00                       2.000000
                2394702.025005                    1100.000000                   1.000000e+30                   0.000000e+00                       2.000000
                2394480.217644                    1100.000000                   1.000000e+30                   0.000000e+00                       2.000000
                2394260.617601                    1100.000000                   1.000000e+30                   0.000000e+00                       2.000000
                2394043.355110                    1100.000000                   1.000000e+30                   0.000000e+00                       2.000000
                2393828.559022                    1100.000000                   1.000000e+30                   0.000000e+00                       2.000000
                2393616.356725                    1100.000000                   1.000000e+30                   0.000000e+00                       2.000000
                2393406.874066                    1100.000000                   1.000000e+30                   0.000000e+00                       2.000000
                2393200.235281                    1100.000000                   1.000000e+30                   0.000000e+00                       2.000000
                2392996.562921                    1100.000000                   1.000000e+30                   0.000000e+00                       2.000000
                2392795.977774                    1100.000000                   1.000000e+30                   0.000000e+00                       2.000000
                2392598.598800                    1100.000000                   1.000000e+30                   0.000000e+00                       2.000000
                2392404.543057                    1100.000000                   1.000000e+30                   0.000000e+00                       2.000000
                2392213.925631                    1100.000000                   1.000000e+30                   0.000000e+00                       2.000000
                2392026.859570                    1100.000000                   1.000000e+30                   0.000000e+00                       2.000000
                2391843.455816                    1100.000000                   1.000000e+30                   0.000000e+00                       2.000000
                2391663.823137                    1100.000000                   1.000000e+30                   0.000000e+00                       2.000000
                2391488.068067                    1100.000000                   1.000000e+30                   0.000000e+00                       2.000000
                2391316.294840                    1100.000000                   1.000000e+30                   0.000000e+00                       2.000000
                2391148.605326                    1100.000000                   1.000000e+30                   0.000000e+00                       2.000000
                2390985.098977                    1100.000000                   1.000000e+30                   0.000000e+00                       2.000000
                2390825.872761                    1100.000000                   1.000000e+30                   0.000000e+00                       2.000000
                2390671.021109                    1100.000000                   1.000000e+30                   0.000000e+00                       2.000000
                2390520.635858                    1100.000000                   1.000000e+30                   0.000000e+00                       2.000000
                2390374.806194                    1100.000000                   1.000000e+30                   0.000000e+00                       2.000000
                2390233.618604                    1100.000000                   1.000000e+30                   0.000000e+00                       2.000000
                2390097.156821                    1100.000000                   1.000000e+30                   0.000000e+00                       2.000000
                2389965.501774                    1100.000000                   1.000000e+30                   0.000000e+00                       2.000000
                2389838.731543                    1100.000000                   1.000000e+30                   0.000000e+00                       2.000000
                2389716.921310                    1100.000000                   1.000000e+30                   0.000000e+00                       2.000000
                2389600.143316                    1100.000000                   1.000000e+30                   0.000000e+00                       2.000000
                2389488.466818                    1100.000000                   1.000000e+30                   0.000000e+00                       2.000000
                2389381.958046                    1100.000000                   1.000000e+30                   0.000000e+00                       2.000000
                2389280.680167                    1100.000000                   1.000000e+30                   0.000000e+00                       2.000000
                2389184.693244                    1100.000000                   1.000000e+30                   0.000000e+00                       2.000000
                2389094.054204                    1100.000000                   1.000000e+30                   0.000000e+00                       2.000000
                2389008.816800                    1100.000000                   1.000000e+30                   0.000000e+00                       2.000000
                2388929.031584                    1100.000000                   1.000000e+30                   0.000000e+00                       2.000000
                2388854.745874                    1100.000000                   1.000000e+30                   0.000000e+00                       2.000000
                2388786.003724                    1100.000000                   1.000000e+30                   0.000000e+00                       2.000000
                2388722.845904                    1100.000000                   1.000000e+30                   0.000000e+00                       2.000000
                2388665.309870                    1100.000000                   1.000000e+30                   0.000000e+00                       2.000000
                2388613.429744                    1100.000000                   1.000000e+30                   0.000000e+00                       2.000000
                2388567.236294                    1100.000000                   1.000000e+30                   0.000000e+00                       2.000000
                2388526.756916                    1100.000000                   1.000000e+30                   0.000000e+00                       2.000000
                2388492.015616                    1100.000000                   1.000000e+30                   0.000000e+00                       2.000000
                2388463.032998                    1100.000000                   1.000000e+30                   0.000000e+00                       2.000000
                2388439.826251                    1100.000000                   1.000000e+30                   0.000000e+00                       2.000000
                2388422.409137                    1100.000000                   1.000000e+30                   0.000000e+00                       2.000000
                2388410.791986                    1100.000000                   1.000000e+30                   0.000000e+00                       2.000000
                2388404.981687                    1100.000000                   1.000000e+30                   0.000000e+00                       2.000000
                2388404.255319                    1100.000000                   1.000000e+30                   0.000000e+00                       2.000000
                2388404.255319                    1250.000000                   1.000000e+30                   6.000000e+09                      15.000000
                2385393.369619                    1250.000000                   1.000000e+30                   6.000000e+09                      15.000000
                2382382.483919                    1250.000000                   1.000000e+30                   6.000000e+09                      15.000000
                2379371.598219                    1250.000000                   1.000000e+30                   6.000000e+09                      15.000000
                2376360.712519                    1250.000000                   1.000000e+30                   6.000000e+09                      15.000000
                2373349.826818                    1250.000000                   1.000000e+30                   6.000000e+09                      15.000000
                2370338.941118                    1250.000000                   1.000000e+30                   6.000000e+09                      15.000000
                2367328.055418                    1250.000000                   1.000000e+30                   6.000000e+09                      15.000000
                2364317.169718                    1250.000000                   1.000000e+30                   6.000000e+09                      15.000000
                2361306.284018                    1250.000000                   1.000000e+30                   6.000000e+09                      15.000000
                2358295.398318                    1250.000000                   1.000000e+30                   6.000000e+09                      15.000000
                2355284.512618                    1250.000000                   1.000000e+30                   6.000000e+09                      15.000000
                2352273.626917                    1250.000000                   1.000000e+30                   6.000000e+09                      15.000000
                2349262.741217                    1250.000000                   1.000000e+30                   6.000000e+09                      15.000000
                2346251.855517                    1250.000000                   1.000000e+30                   6.000000e+09                      15.000000
                2343240.969817                    1250.000000                   1.000000e+30                   6.000000e+09                      15.000000
                2340230.084117                    1250.000000                   1.000000e+30                   6.000000e+09                      15.000000
                2337219.198417                    1250.000000                   1.000000e+30                   6.000000e+09                      15.000000
                2334208.312716                    1250.000000                   1.000000e+30                   6.000000e+09                      15.000000
                2331197.427016                    1250.000000                   1.000000e+30                   6.000000e+09                      15.000000
                2328186.541316                    1250.000000                   1.000000e+30                   6.000000e+09                      15.000000
                2325175.655616                    1250.000000                   1.000000e+30                   6.000000e+09                      15.000000
                2322164.769916                    1250.000000                   1.000000e+30                   6.000000e+09                      15.000000
                2319153.884216                    1250.000000                   1.000000e+30                   6.000000e+09                      15.000000
                2316142.998516                    1250.000000                   1.000000e+30                   6.000000e+09                      15.000000
                2313132.112815                    1250.000000                   1.000000e+30                   6.000000e+09                      15.000000
                2310121.227115                    1250.000000                   1.000000e+30                   6.000000e+09                      15.000000
                2307110.341415                    1250.000000                   1.000000e+30                   6.000000e+09                      15.000000
                2304099.455715                    1250.000000                   1.000000e+30                   6.000000e+09                      15.000000
                2301088.570015                    1250.000000                   1.000000e+30                   6.000000e+09                      15.000000
                2298077.684315                    1250.000000                   1.000000e+30                   6.000000e+09                      15.000000
                2295066.798615                    1250.000000                   1.000000e+30                   6.000000e+09                      15.000000
                2292055.912914                    1250.000000                   1.000000e+30                   6.000000e+09                      15.000000
                2289045.027214                    1250.000000                   1.000000e+30                   6.000000e+09                      15.000000
                2286034.141514                    1250.000000                   1.000000e+30                   6.000000e+09                      15.000000
                2283023.255814                    1250.000000                   1.000000e+30                   6.000000e+09                      15.000000
                2280012.370114                    1250.000000                   1.000000e+30                   6.000000e+09                      15.000000
                2277001.484414                    1250.000000                   1.000000e+30                   6.000000e+09                      15.000000
                2273990.598714                    1250.000000                   1.000000e+30                   6.000000e+09                      15.000000
                2270979.713013                    1250.000000                   1.000000e+30                   6.000000e+09                      15.000000
                2267968.827313                    1250.000000                   1.000000e+30                   6.000000e+09                      15.000000
                2264957.941613                    1250.000000                   1.000000e+30                   6.000000e+09                      15.000000
                2261947.055913                    1250.000000                   1.000000e+30                   6.000000e+09                      15.000000
                2258936.170213                    1250.000000                   1.000000e+30                   6.000000e+09                      15.000000
                2255925.284513                    1250.000000                   1.000000e+30                   6.000000e+09                      15.000000
                2252914.398812                    1250.000000                   1.000000e+30                   6.000000e+09                      15.000000
                2249903.513112                    1250.000000                   1.000000e+30                   6.000000e+09                      15.000000
                2246892.627412                    1250.000000                   1.000000e+30                   6.000000e+09                      15.000000
                2243881.741712                    1250.000000                   1.000000e+30                   6.000000e+09                      15.000000
                2240870.856012                    1250.000000                   1.000000e+30                   6.000000e+09                      15.000000
                2237859.970312                    1250.000000                   1.000000e+30                   6.000000e+09                      15.000000
                2234849.084612                    1250.000000                   1.000000e+30                   6.000000e+09                      15.000000
                2231838.198911                    1250.000000                   1.000000e+30                   6.000000e+09                      15.000000
                2228827.313211                    1250.000000                   1.000000e+30                   6.000000e+09                      15.000000
                2225816.427511                    1250.000000                   1.000000e+30                   6.000000e+09                      15.000000
                2222805.541811                    1250.000000                   1.000000e+30                   6.000000e+09                      15.000000
                2219794.656111                    1250.000000                   1.000000e+30                   6.000000e+09                      15.000000
                2216783.770411                    1250.000000                   1.000000e+30                   6.000000e+09                      15.000000
                2213772.884711                    1250.000000                   1.000000e+30                   6.000000e+09                      15.000000
                2210761.999010                    1250.000000                   1.000000e+30                   6.000000e+09                      15.000000
                2207751.113310                    1250.000000                   1.000000e+30                   6.000000e+09                      15.000000
                2204740.227610                    1250.000000                   1.000000e+30                   6.000000e+09                      15.000000
                2201729.341910                    1250.000000                   1.000000e+30                   6.000000e+09                      15.000000
                2198718.456210                    1250.000000                   1.000000e+30                   6.000000e+09                      15.000000
                2195707.570510                    1250.000000                   1.000000e+30                   6.000000e+09                      15.000000
                2192696.684810                    1250.000000                   1.000000e+30                   6.000000e+09                      15.000000
                2189685.799109                    1250.000000                   1.000000e+30                   6.000000e+09                      15.000000
                2186674.913409                    1250.000000                   1.000000e+30                   6.000000e+09                      15.000000
                2183664.027709                    1250.000000                   1.000000e+30                   6.000000e+09                      15.000000
                2180653.142009                    1250.000000                   1.000000e+30                   6.000000e+09                      15.000000
                2177642.256309                    1250.000000                   1.000000e+30                   6.000000e+09                      15.000000
                2174631.370609                    1250.000000                   1.000000e+30                   6.000000e+09                      15.000000
                2171620.484908                    1250.000000                   1.000000e+30                   6.000000e+09                      15.000000
                2168609.599208                    1250.000000                   1.000000e+30                   6.000000e+09                      15.000000
                2165598.713508                    1250.000000                   1.000000e+30                   6.000000e+09                      15.000000
                2162587.827808                    1250.000000                   1.000000e+30                   6.000000e+09                      15.000000
                2159576.942108                    1250.000000                   1.000000e+30                   6.000000e+09                      15.000000
                2156566.056408                    1250.000000                   1.000000e+30                   6.000000e+09                      15.000000
                2153555.170708                    1250.000000                   1.000000e+30                   6.000000e+09                      15.000000
                2150544.285007                    1250.000000                   1.000000e+30                   6.000000e+09                      15.000000
                2147533.399307                    1250.000000                   1.000000e+30                   6.000000e+09                      15.000000
                2144522.513607                    1250.000000                   1.000000e+30                   6.000000e+09                      15.000000
                2141511.627907                    1250.000000                   1.000000e+30                   6.000000e+09                      15.000000
                2138500.742207                    1250.000000                   1.000000e+30                   6.000000e+09                      15.000000
                2135489.856507                    1250.000000                   1.000000e+30                   6.000000e+09                      15.000000
                2132478.970807                    1250.000000                   1.000000e+30                   6.000000e+09                      15.000000
                2129468.085106                    1250.000000                   1.000000e+30                   6.000000e+09                      15.000000
                2126457.199406                    1250.000000                   1.000000e+30                   6.000000e+09                      15.000000
                2123446.313706                    1250.000000                   1.000000e+30                   6.000000e+09                      15.000000
                2120435.428006                    1250.000000                   1.000000e+30                   6.000000e+09                      15.000000
                2117424.542306                    1250.000000                   1.000000e+30                   6.000000e+09                      15.000000
                2114413.656606                    1250.000000                   1.000000e+30                   6.000000e+09                      15.000000
                2111402.770905                    1250.000000                   1.000000e+30                   6.000000e+09                      15.000000
                2108391.885205                    1250.000000                   1.000000e+30                   6.000000e+09                      15.000000
                2105380.999505                    1250.000000                   1.000000e+30                   6.000000e+09                      15.000000
                2102370.113805                    1250.000000                   1.000000e+30                   6.000000e+09                      15.000000
                2099359.228105                    1250.000000                   1.000000e+30                   6.000000e+09                      15.000000
                2096348.342405                    1250.000000                   1.000000e+30                   6.000000e+09                      15.000000
                2093337.456705                    1250.000000                   1.000000e+30                   6.000000e+09                      15.000000
                2090326.571004                    1250.000000                   1.000000e+30                   6.000000e+09                      15.000000
                2087315.685304                    1250.000000                   1.000000e+30                   6.000000e+09                      15.000000
                2084304.799604                    1250.000000                   1.000000e+30                   6.000000e+09                      15.000000
                2081293.913904                    1250.000000                   1.000000e+30                   6.000000e+09                      15.000000
                2078283.028204                    1250.000000                   1.000000e+30                   6.000000e+09                      15.000000
                2075272.142504                    1250.000000                   1.000000e+30                   6.000000e+09                      15.000000
                2072261.256804                    1250.000000                   1.000000e+30                   6.000000e+09                      15.000000
                2069250.371103                    1250.000000                   1.000000e+30                   6.000000e+09                      15.000000
                2066239.485403                    1250.000000                   1.000000e+30                   6.000000e+09                      15.000000
                2063228.599703                    1250.000000                   1.000000e+30                   6.000000e+09                      15.000000
                2060217.714003                    1250.000000                   1.000000e+30                   6.000000e+09                      15.000000
                2057206.828303                    1250.000000                   1.000000e+30                   6.000000e+09                      15.000000
                2054195.942603                    1250.000000                   1.000000e+30                   6.000000e+09                      15.000000
                2051185.056903                    1250.000000                   1.000000e+30                   6.000000e+09                      15.000000
                2048174.171202                    1250.000000                   1.000000e+30                   6.000000e+09                      15.000000
                2045163.285502                    1250.000000                   1.000000e+30                   6.000000e+09                      15.000000
                2042152.399802                    1250.000000                   1.000000e+30                   6.000000e+09                      15.000000
                2039141.514102                    1250.000000                   1.000000e+30                   6.000000e+09                      15.000000
                2036130.628402                    1250.000000                   1.000000e+30                   6.000000e+09                      15.000000
                2033119.742702                    1250.000000                   1.000000e+30                   6.000000e+09                      15.000000
                2030108.857001                    1250.000000                   1.000000e+30                   6.000000e+09                      15.000000
                2027097.971301                    1250.000000                   1.000000e+30                   6.000000e+09                      15.000000
                2024087.085601                    1250.000000                   1.000000e+30                   6.000000e+09                      15.000000
                2021076.199901                    1250.000000                   1.000000e+30                   6.000000e+09                      15.000000
                2018065.314201                    1250.000000                   1.000000e+30                   6.000000e+09                      15.000000
                2015054.428501                    1250.000000                   1.000000e+30                   6.000000e+09                      15.000000
                2012043.542801                    1250.000000                   1.000000e+30                   6.000000e+09                      15.000000
                2009032.657100                    1250.000000                   1.000000e+30                   6.000000e+09                      15.000000
                2006021.771400                    1250.000000                   1.000000e+30                   6.000000e+09                      15.000000
                2003010.885700                    1250.000000                   1.000000e+30                   6.000000e+09                      15.000000
                2000000.000000                    1250.000000                   1.000000e+30                   6.000000e+09                      15.000000
                2000000.000000                    2852.341698                   1.000000e+30                   3.000000e+10                      17.000000
                1977505.669893                    2852.341698                   1.000000e+30                   3.000000e+10                      17.000000
                1955011.339785                    2852.341698                   1.000000e+30                   3.000000e+10                      17.000000
                1932517.009678                    2852.341698                   1.000000e+30                   3.000000e+10                      17.000000
                1910022.679570                    2852.341698                   1.000000e+30                   3.000000e+10                      17.000000
                1887528.349463                    2852.341698                   1.000000e+30                   3.000000e+10                      17.000000
                1865034.019355                    2852.341698                   1.000000e+30                   3.000000e+10                      17.000000
                1842539.689248                    2852.341698                   1.000000e+30                   3.000000e+10                      17.000000
                1820045.359140                    2852.341698                   1.000000e+30                   3.000000e+10                      17.000000
                1797551.029033                    2852.341698                   1.000000e+30                   3.000000e+10                      17.000000
                1775056.698925                    2852.341698                   1.000000e+30                   3.000000e+10                      17.000000
                1752562.368818                    2852.341698                   1.000000e+30                   3.000000e+10                      17.000000
                1730068.038711                    2852.341698                   1.000000e+30                   3.000000e+10                      17.000000
                1707573.708603                    2852.341698                   1.000000e+30                   3.000000e+10                      17.000000
                1685079.378496                    2852.341698                   1.000000e+30                   3.000000e+10                      17.000000
                1662585.048388                    2852.341698                   1.000000e+30                   3.000000e+10                      17.000000
                1640090.718281                    2852.341698                   1.000000e+30                   3.000000e+10                      17.000000
                1617596.388173                    2852.341698                   1.000000e+30                   3.000000e+10                      17.000000
                1595102.058066                    2852.341698                   1.000000e+30                   3.000000e+10                      17.000000
                1572607.727958                    2852.341698                   1.000000e+30                   3.000000e+10                      17.000000
                1550113.397851                    2852.341698                   1.000000e+30                   3.000000e+10                      17.000000
                1527619.067744                    2852.341698                   1.000000e+30                   3.000000e+10                      17.000000
                1505124.737636                    2852.341698                   1.000000e+30                   3.000000e+10                      17.000000
                1482630.407529                    2852.341698                   1.000000e+30                   3.000000e+10                      17.000000
                1460136.077421                    2852.341698                   1.000000e+30                   3.000000e+10                      17.000000
                1437641.747314                    2852.341698                   1.000000e+30                   3.000000e+10                      17.000000
                1415147.417206                    2852.341698                   1.000000e+30                   3.000000e+10                      17.000000
                1392653.087099                    2852.341698                   1.000000e+30                   3.000000e+10                      17.000000
                1370158.756991                    2852.341698                   1.000000e+30                   3.000000e+10                      17.000000
                1347664.426884                    2852.341698                   1.000000e+30                   3.000000e+10                      17.000000
                1325170.096776                    2852.341698                   1.000000e+30                   3.000000e+10                      17.000000
                1302675.766669                    2852.341698                   1.000000e+30                   3.000000e+10                      17.000000
                1280181.436562                    2852.341698                   1.000000e+30                   3.000000e+10                      17.000000
                1257687.106454                    2852.341698                   1.000000e+30                   3.000000e+10                      17.000000
                1235192.776347                    2852.341698                   1.000000e+30                   3.000000e+10                      17.000000
                1212698.446239                    2852.341698                   1.000000e+30                   3.000000e+10                      17.000000
                1190204.116132                    2852.341698                   1.000000e+30                   3.000000e+10                      17.000000
                1167709.786024                    2852.341698                   1.000000e+30                   3.000000e+10                      17.000000
                1145215.455917                    2852.341698                   1.000000e+30                   3.000000e+10                      17.000000
                1122721.125809                    2852.341698                   1.000000e+30                   3.000000e+10                      17.000000
                1100226.795702                    2852.341698                   1.000000e+30                   3.000000e+10                      17.000000
                1077732.465595                    2852.341698                   1.000000e+30                   3.000000e+10                      17.000000
                1055238.135487                    2852.341698                   1.000000e+30                   3.000000e+10                      17.000000
                1032743.805380                    2852.341698                   1.000000e+30                   3.000000e+10                      17.000000
                1010249.475272                    2852.341698                   1.000000e+30                   3.000000e+10                      17.000000
                 987755.145165                    2852.341698                   1.000000e+30                   3.000000e+10                      17.000000
                 965260.815057                    2852.341698                   1.000000e+30                   3.000000e+10                      17.000000
                 942766.484950                    2852.341698                   1.000000e+30                   3.000000e+10                      17.000000
                 920272.154842                    2852.341698                   1.000000e+30                   3.000000e+10                      17.000000
                 897777.824735                    2852.341698                   1.000000e+30                   3.000000e+10                      17.000000
                 875283.494627                    2852.341698                   1.000000e+30                   3.000000e+10                      17.000000
                 852789.164520                    2852.341698                   1.000000e+30                   3.000000e+10                      17.000000
                 830294.834413                    2852.341698                   1.000000e+30                   3.000000e+10                      17.000000
                 807800.504305                    2852.341698                   1.000000e+30                   3.000000e+10                      17.000000
                 785306.174198                    2852.341698                   1.000000e+30                   3.000000e+10                      17.000000
                 762811.844090                    2852.341698                   1.000000e+30                   3.000000e+10                      17.000000
                 740317.513983                    2852.341698                   1.000000e+30                   3.000000e+10                      17.000000
                 717823.183875                    2852.341698                   1.000000e+30                   3.000000e+10                      17.000000
                 695328.853768                    2852.341698                   1.000000e+30                   3.000000e+10                      17.000000
                 672834.523660                    2852.341698                   1.000000e+30                   3.000000e+10                      17.000000
                 650340.193553                    2852.341698                   1.000000e+30                   3.000000e+10                      17.000000
                 627845.863445                    2852.341698                   1.000000e+30                   3.000000e+10                      17.000000
                 605351.533338                    2852.341698                   1.000000e+30                   3.000000e+10                      17.000000
                 582857.203231                    2852.341698                   1.000000e+30                   3.000000e+10                      17.000000
                 560362.873123                    2852.341698                   1.000000e+30                   3.000000e+10                      17.000000
                 537868.543016                    2852.341698                   1.000000e+30                   3.000000e+10                      17.000000
                 515374.212908                    2852.341698                   1.000000e+30                   3.000000e+10                      17.000000
                 492879.882801                    2852.341698                   1.000000e+30                   3.000000e+10                      17.000000
                 470385.552693                    2852.341698                   1.000000e+30                   3.000000e+10                      17.000000
                 447891.222586                    2852.341698                   1.000000e+30                   3.000000e+10                      17.000000
                 425396.892478                    2852.341698                   1.000000e+30                   3.000000e+10                      17.000000
                 402902.562371                    2852.341698                   1.000000e+30                   3.000000e+10                      17.000000
                 380408.232264                    2852.341698                   1.000000e+30                   3.000000e+10                      17.000000
                 357913.902156                    2852.341698                   1.000000e+30                   3.000000e+10                      17.000000
                 335419.572049                    2852.341698                   1.000000e+30                   3.000000e+10                      17.000000
                 312925.241941                    2852.341698                   1.000000e+30                   3.000000e+10                      17.000000
                 290430.911834                    2852.341698                   1.000000e+30                   3.000000e+10                      17.000000
                 267936.581726                    2852.341698                   1.000000e+30                   3.000000e+10                      17.000000
                 245442.251619                    2852.341698                   1.000000e+30                   3.000000e+10                      17.000000
                 222947.921511                    2852.341698                   1.000000e+30                   3.000000e+10                      17.000000
                 200453.591404                    2852.341698                   1.000000e+30                   3.000000e+10                      17.000000
                 177959.261296                    2852.341698                   1.000000e+30                   3.000000e+10                      17.000000
                 155464.931189                    2852.341698                   1.000000e+30                   3.000000e+10                      17.000000
                 132970.601082                    2852.341698                   1.000000e+30                   3.000000e+10                      17.000000
                 110476.270974                    2852.341698                   1.000000e+30                   3.000000e+10                      17.000000
                  87981.940867                    2852.341698                   1.000000e+30                   3.000000e+10                      17.000000
                  65487.610759                    2852.341698                   1.000000e+30                   3.000000e+10                      17.000000
                  42993.280652                    2852.341698                   1.000000e+30                   3.000000e+10                      17.000000
                  20498.950544                    2852.341698                   1.000000e+30                   3.000000e+10                      17.000000
                  -1995.379563                    2852.341698                   1.000000e+30                   3.000000e+10                      17.000000
                 -24489.709671                    2852.341698                   1.000000e+30                   3.000000e+10                      17.000000
                 -46984.039778                    2852.341698                   1.000000e+30                   3.000000e+10                      17.000000
                 -69478.369885                    2852.341698                   1.000000e+30                   3.000000e+10                      17.000000
                 -91972.699993                    2852.341698                   1.000000e+30                   3.000000e+10                      17.000000
                -114467.030100                    2852.341698                   1.000000e+30                   3.000000e+10                      17.000000
                -136961.360208                    2852.341698                   1.000000e+30                   3.000000e+10                      17.000000
                -159455.690315                    2852.341698                   1.000000e+30                   3.000000e+10                      17.000000
                -181950.020423                    2852.341698                   1.000000e+30                   3.000000e+10                      17.000000
                -204444.350530                    2852.341698                   1.000000e+30                   3.000000e+10                      17.000000
                -226938.680638                    2852.341698                   1.000000e+30                   3.000000e+10                      17.000000
                -249433.010745                    2852.341698                   1.000000e+30                   3.000000e+10                      17.000000
                -271927.340853                    2852.341698                   1.000000e+30                   3.000000e+10                      17.000000
                -294421.670960                    2852.341698                   1.000000e+30                   3.000000e+10                      17.000000
                -316916.001067                    2852.341698                   1.000000e+30                   3.000000e+10                      17.000000
                -339410.331175                    2852.341698                   1.000000e+30                   3.000000e+10                      17.000000
                -361904.661282                    2852.341698                   1.000000e+30                   3.000000e+10                      17.000000
                -384398.991390                    2852.341698                   1.000000e+30                   3.000000e+10                      17.000000
                -406893.321497                    2852.341698                   1.000000e+30                   3.000000e+10                      17.000000
                -429387.651605                    2852.341698                   1.000000e+30                   3.000000e+10                      17.000000
                -451881.981712                    2852.341698                   1.000000e+30                   3.000000e+10                      17.000000
                -474376.311820                    2852.341698                   1.000000e+30                   3.000000e+10                      17.000000
                -496870.641927                    2852.341698                   1.000000e+30                   3.000000e+10                      17.000000
                -519364.972035                    2852.341698                   1.000000e+30                   3.000000e+10                      17.000000
                -541859.302142                    2852.341698                   1.000000e+30                   3.000000e+10                      17.000000
                -564353.632249                    2852.341698                   1.000000e+30                   3.000000e+10                      17.000000
                -586847.962357                    2852.341698                   1.000000e+30                   3.000000e+10                      17.000000
                -609342.292464                    2852.341698                   1.000000e+30                   3.000000e+10                      17.000000
                -631836.622572                    2852.341698                   1.000000e+30                   3.000000e+10                      17.000000
                -654330.952679                    2852.341698                   1.000000e+30                   3.000000e+10                      17.000000
                -676825.282787                    2852.341698                   1.000000e+30                   3.000000e+10                      17.000000
                -699319.612894                    2852.341698                   1.000000e+30                   3.000000e+10                      17.000000
                -721813.943002                    2852.341698                   1.000000e+30                   3.000000e+10                      17.000000
                -744308.273109                    2852.341698                   1.000000e+30                   3.000000e+10                      17.000000
                -766802.603216                    2852.341698                   1.000000e+30                   3.000000e+10                      17.000000
                -789296.933324                    2852.341698                   1.000000e+30                   3.000000e+10                      17.000000
                -811791.263431                    2852.341698                   1.000000e+30                   3.000000e+10                      17.000000
                -834285.593539                    2852.341698                   1.000000e+30                   3.000000e+10                      17.000000
                -856779.923646                    2852.341698                   1.000000e+30                   3.000000e+10                      17.000000
                -879274.253754                    2852.341698                   1.000000e+30                   3.000000e+10                      17.000000
                -901768.583861                    2852.341698                   1.000000e+30                   3.000000e+10                      17.000000
                -901768.583861                    3300.000000                   1.000000e+30                   5.000000e+10                      22.000000
                -894778.052203                    3300.000000                   1.000000e+30                   5.000000e+10                      22.000000
                -887787.520545                    3300.000000                   1.000000e+30                   5.000000e+10                      22.000000
                -880796.988888                    3300.000000                   1.000000e+30                   5.000000e+10                      22.000000
                -873806.457230                    3300.000000                   1.000000e+30                   5.000000e+10                      22.000000
                -866815.925572                    3300.000000                   1.000000e+30                   5.000000e+10                      22.000000
                -859825.393914                    3300.000000                   1.000000e+30                   5.000000e+10                      22.000000
                -852834.862256                    3300.000000                   1.000000e+30                   5.000000e+10                      22.000000
                -845844.330598                    3300.000000                   1.000000e+30                   5.000000e+10                      22.000000
                -838853.798941                    3300.000000                   1.000000e+30                   5.000000e+10                      22.000000
                -831863.267283                    3300.000000                   1.000000e+30                   5.000000e+10                      22.000000
                -824872.735625                    3300.000000                   1.000000e+30                   5.000000e+10                      22.000000
                -817882.203967                    3300.000000                   1.000000e+30                   5.000000e+10                      22.000000
                -810891.672309                    3300.000000                   1.000000e+30                   5.000000e+10                      22.000000
                -803901.140651                    3300.000000                   1.000000e+30                   5.000000e+10                      22.000000
                -796910.608994                    3300.000000                   1.000000e+30                   5.000000e+10                      22.000000
                -789920.077336                    3300.000000                   1.000000e+30                   5.000000e+10                      22.000000
                -782929.545678                    3300.000000                   1.000000e+30                   5.000000e+10                      22.000000
                -775939.014020                    3300.000000                   1.000000e+30                   5.000000e+10                      22.000000
                -768948.482362                    3300.000000                   1.000000e+30                   5.000000e+10                      22.000000
                -761957.950704                    3300.000000                   1.000000e+30                   5.000000e+10                      22.000000
                -754967.419047                    3300.000000                   1.000000e+30                   5.000000e+10                      22.000000
                -747976.887389                    3300.000000                   1.000000e+30                   5.000000e+10                      22.000000
                -740986.355731                    3300.000000                   1.000000e+30                   5.000000e+10                      22.000000
                -733995.824073                    3300.000000                   1.000000e+30                   5.000000e+10                      22.000000
                -727005.292415                    3300.000000                   1.000000e+30                   5.000000e+10                      22.000000
                -720014.760757                    3300.000000                   1.000000e+30                   5.000000e+10                      22.000000
                -713024.229100                    3300.000000                   1.000000e+30                   5.000000e+10                      22.000000
                -706033.697442                    3300.000000                   1.000000e+30                   5.000000e+10                      22.000000
                -699043.165784                    3300.000000                   1.000000e+30                   5.000000e+10                      22.000000
                -692052.634126                    3300.000000                   1.000000e+30                   5.000000e+10                      22.000000
                -685062.102468                    3300.000000                   1.000000e+30                   5.000000e+10                      22.000000
                -678071.570810                    3300.000000                   1.000000e+30                   5.000000e+10                      22.000000
                -671081.039152                    3300.000000                   1.000000e+30                   5.000000e+10                      22.000000
                -664090.507495                    3300.000000                   1.000000e+30                   5.000000e+10                      22.000000
                -657099.975837                    3300.000000                   1.000000e+30                   5.000000e+10                      22.000000
                -650109.444179                    3300.000000                   1.000000e+30                   5.000000e+10                      22.000000
                -643118.912521                    3300.000000                   1.000000e+30                   5.000000e+10                      22.000000
                -636128.380863                    3300.000000                   1.000000e+30                   5.000000e+10                      22.000000
                -629137.849205                    3300.000000                   1.000000e+30                   5.000000e+10                      22.000000
                -622147.317548                    3300.000000                   1.000000e+30                   5.000000e+10                      22.000000
                -615156.785890                    3300.000000                   1.000000e+30                   5.000000e+10                      22.000000
                -608166.254232                    3300.000000                   1.000000e+30                   5.000000e+10                      22.000000
                -601175.722574                    3300.000000                   1.000000e+30                   5.000000e+10                      22.000000
                -594185.190916                    3300.000000                   1.000000e+30                   5.000000e+10                      22.000000
                -587194.659258                    3300.000000                   1.000000e+30                   5.000000e+10                      22.000000
                -580204.127601                    3300.000000                   1.000000e+30                   5.000000e+10                      22.000000
                -573213.595943                    3300.000000                   1.000000e+30                   5.000000e+10                      22.000000
                -566223.064285                    3300.000000                   1.000000e+30                   5.000000e+10                      22.000000
                -559232.532627                    3300.000000                   1.000000e+30                   5.000000e+10                      22.000000
                -552242.000969                    3300.000000                   1.000000e+30                   5.000000e+10                      22.000000
                -545251.469311                    3300.000000                   1.000000e+30                   5.000000e+10                      22.000000
                -538260.937654                    3300.000000                   1.000000e+30                   5.000000e+10                      22.000000
                -531270.405996                    3300.000000                   1.000000e+30                   5.000000e+10                      22.000000
                -524279.874338                    3300.000000                   1.000000e+30                   5.000000e+10                      22.000000
                -517289.342680                    3300.000000                   1.000000e+30                   5.000000e+10                      22.000000
                -510298.811022                    3300.000000                   1.000000e+30                   5.000000e+10                      22.000000
                -503308.279364                    3300.000000                   1.000000e+30                   5.000000e+10                      22.000000
                -496317.747707                    3300.000000                   1.000000e+30                   5.000000e+10                      22.000000
                -489327.216049                    3300.000000                   1.000000e+30                   5.000000e+10                      22.000000
                -482336.684391                    3300.000000                   1.000000e+30                   5.000000e+10                      22.000000
                -475346.152733                    3300.000000                   1.000000e+30                   5.000000e+10                      22.000000
                -468355.621075                    3300.000000                   1.000000e+30                   5.000000e+10                      22.000000
                -461365.089417                    3300.000000                   1.000000e+30                   5.000000e+10                      22.000000
                -454374.557760                    3300.000000                   1.000000e+30                   5.000000e+10                      22.000000
                -447384.026102                    3300.000000                   1.000000e+30                   5.000000e+10                      22.000000
                -440393.494444                    3300.000000                   1.000000e+30                   5.000000e+10                      22.000000
                -433402.962786                    3300.000000                   1.000000e+30                   5.000000e+10                      22.000000
                -426412.431128                    3300.000000                   1.000000e+30                   5.000000e+10                      22.000000
                -419421.899470                    3300.000000                   1.000000e+30                   5.000000e+10                      22.000000
                -412431.367812                    3300.000000                   1.000000e+30                   5.000000e+10                      22.000000
                -405440.836155                    3300.000000                   1.000000e+30                   5.000000e+10                      22.000000
                -398450.304497                    3300.000000                   1.000000e+30                   5.000000e+10                      22.000000
                -391459.772839                    3300.000000                   1.000000e+30                   5.000000e+10                      22.000000
                -384469.241181                    3300.000000                   1.000000e+30                   5.000000e+10                      22.000000
                -377478.709523                    3300.000000                   1.000000e+30                   5.000000e+10                      22.000000
                -370488.177865                    3300.000000                   1.000000e+30                   5.000000e+10                      22.000000
                -363497.646208                    3300.000000                   1.000000e+30                   5.000000e+10                      22.000000
                -356507.114550                    3300.000000                   1.000000e+30                   5.000000e+10                      22.000000
                -349516.582892                    3300.000000                   1.000000e+30                   5.000000e+10                      22.000000
                -342526.051234                    3300.000000                   1.000000e+30                   5.000000e+10                      22.000000
                -335535.519576                    3300.000000                   1.000000e+30                   5.000000e+10                      22.000000
                -328544.987918                    3300.000000                   1.000000e+30                   5.000000e+10                      22.000000
                -321554.456261                    3300.000000                   1.000000e+30                   5.000000e+10                      22.000000
                -314563.924603                    3300.000000                   1.000000e+30                   5.000000e+10                      22.000000
                -307573.392945                    3300.000000                   1.000000e+30                   5.000000e+10                      22.000000
                -300582.861287                    3300.000000                   1.000000e+30                   5.000000e+10                      22.000000
                -293592.329629                    3300.000000                   1.000000e+30                   5.000000e+10                      22.000000
                -286601.797971                    3300.000000                   1.000000e+30                   5.000000e+10                      22.000000
                -279611.266314                    3300.000000                   1.000000e+30                   5.000000e+10                      22.000000
                -272620.734656                    3300.000000                   1.000000e+30                   5.000000e+10                      22.000000
                -265630.202998                    3300.000000                   1.000000e+30                   5.000000e+10                      22.000000
                -258639.671340                    3300.000000                   1.000000e+30                   5.000000e+10                      22.000000
                -251649.139682                    3300.000000                   1.000000e+30                   5.000000e+10                      22.000000
                -244658.608024                    3300.000000                   1.000000e+30                   5.000000e+10                      22.000000
                -237668.076367                    3300.000000                   1.000000e+30                   5.000000e+10                      22.000000
                -230677.544709                    3300.000000                   1.000000e+30                   5.000000e+10                      22.000000
                -223687.013051                    3300.000000                   1.000000e+30                   5.000000e+10                      22.000000
                -216696.481393                    3300.000000                   1.000000e+30                   5.000000e+10                      22.000000
                -209705.949735                    3300.000000                   1.000000e+30                   5.000000e+10                      22.000000
                -202715.418077                    3300.000000                   1.000000e+30                   5.000000e+10                      22.000000
                -195724.886419                    3300.000000                   1.000000e+30                   5.000000e+10                      22.000000
                -188734.354762                    3300.000000                   1.000000e+30                   5.000000e+10                      22.000000
                -181743.823104                    3300.000000                   1.000000e+30                   5.000000e+10                      22.000000
                -174753.291446                    3300.000000                   1.000000e+30                   5.000000e+10                      22.000000
                -167762.759788                    3300.000000                   1.000000e+30                   5.000000e+10                      22.000000
                -160772.228130                    3300.000000                   1.000000e+30                   5.000000e+10                      22.000000
                -153781.696472                    3300.000000                   1.000000e+30                   5.000000e+10                      22.000000
                -146791.164815                    3300.000000                   1.000000e+30                   5.000000e+10                      22.000000
                -139800.633157                    3300.000000                   1.000000e+30                   5.000000e+10                      22.000000
                -132810.101499                    3300.000000                   1.000000e+30                   5.000000e+10                      22.000000
                -125819.569841                    3300.000000                   1.000000e+30                   5.000000e+10                      22.000000
                -118829.038183                    3300.000000                   1.000000e+30                   5.000000e+10                      22.000000
                -111838.506525                    3300.000000                   1.000000e+30                   5.000000e+10                      22.000000
                -104847.974868                    3300.000000                   1.000000e+30                   5.000000e+10                      22.000000
                 -97857.443210                    3300.000000                   1.000000e+30                   5.000000e+10                      22.000000
                 -90866.911552                    3300.000000                   1.000000e+30                   5.000000e+10                      22.000000
                 -83876.379894                    3300.000000                   1.000000e+30                   5.000000e+10                      22.000000
                 -76885.848236                    3300.000000                   1.000000e+30                   5.000000e+10                      22.000000
                 -69895.316578                    3300.000000                   1.000000e+30                   5.000000e+10                      22.000000
                 -62904.784921                    3300.000000                   1.000000e+30                   5.000000e+10                      22.000000
                 -55914.253263                    3300.000000                   1.000000e+30                   5.000000e+10                      22.000000
                 -48923.721605                    3300.000000                   1.000000e+30                   5.000000e+10                      22.000000
                 -41933.189947                    3300.000000                   1.000000e+30                   5.000000e+10                      22.000000
                 -34942.658289                    3300.000000                   1.000000e+30                   5.000000e+10                      22.000000
                 -27952.126631                    3300.000000                   1.000000e+30                   5.000000e+10                      22.000000
                 -20961.594974                    3300.000000                   1.000000e+30                   5.000000e+10                      22.000000
                 -13971.063316                    3300.000000                   1.000000e+30                   5.000000e+10                      22.000000
                  -6980.531658                    3300.000000                   1.000000e+30                   5.000000e+10                      22.000000
                     10.000000                    3300.000000                   1.000000e+30                   5.000000e+10                      22.000000
