                   #Radius (m)               Density (kg/m^3)              Bulk modulus (Pa)             Shear modulus (Pa)               Viscosity (Pa.s)
                2575000.000000                     930.000000                   1.000000e+30                   3.500000e+09                      24.000000
                2574999.710145                     930.000000                   1.000000e+30                   3.500000e+09                      24.000000
                2574999.420290                     930.000000                   1.000000e+30                   3.500000e+09                      24.000000
                2574999.130435                     930.000000                   1.000000e+30                   3.500000e+09                      24.000000
                2574998.840580                     930.000000                   1.000000e+30                   3.500000e+09                      24.000000
                2574998.550725                     930.000000                   1.000000e+30                   3.500000e+09                      24.000000
                2574998.260870                     930.000000                   1.000000e+30                   3.500000e+09                      24.000000
                2574997.971014                     930.000000                   1.000000e+30                   3.500000e+09                      24.000000
                2574997.681159                     930.000000                   1.000000e+30                   3.500000e+09                      24.000000
                2574997.391304                     930.000000                   1.000000e+30                   3.500000e+09                      24.000000
                2574997.101449                     930.000000                   1.000000e+30                   3.500000e+09                      24.000000
                2574996.811594                     930.000000                   1.000000e+30                   3.500000e+09                      24.000000
                2574996.521739                     930.000000                   1.000000e+30                   3.500000e+09                      24.000000
                2574996.231884                     930.000000                   1.000000e+30                   3.500000e+09                      24.000000
                2574995.942029                     930.000000                   1.000000e+30                   3.500000e+09                      24.000000
                2574995.652174                     930.000000                   1.000000e+30                   3.500000e+09                      24.000000
                2574995.362319                     930.000000                   1.000000e+30                   3.500000e+09                      24.000000
                2574995.072464                     930.000000                   1.000000e+30                   3.500000e+09                      24.000000
                2574994.782609                     930.000000                   1.000000e+30                   3.500000e+09                      24.000000
                2574994.492754                     930.000000                   1.000000e+30                   3.500000e+09                      24.000000
                2574994.202899                     930.000000                   1.000000e+30                   3.500000e+09                      24.000000
                2574993.913043                     930.000000                   1.000000e+30                   3.500000e+09                      24.000000
                2574993.623188                     930.000000                   1.000000e+30                   3.500000e+09                      24.000000
                2574993.333333                     930.000000                   1.000000e+30                   3.500000e+09                      24.000000
                2574993.043478                     930.000000                   1.000000e+30                   3.500000e+09                      24.000000
                2574992.753623                     930.000000                   1.000000e+30                   3.500000e+09                      24.000000
                2574992.463768                     930.000000                   1.000000e+30                   3.500000e+09                      24.000000
                2574992.173913                     930.000000                   1.000000e+30                   3.500000e+09                      24.000000
                2574991.884058                     930.000000                   1.000000e+30                   3.500000e+09                      24.000000
                2574991.594203                     930.000000                   1.000000e+30                   3.500000e+09                      24.000000
                2574991.304348                     930.000000                   1.000000e+30                   3.500000e+09                      24.000000
                2574991.014493                     930.000000                   1.000000e+30                   3.500000e+09                      24.000000
                2574990.724638                     930.000000                   1.000000e+30                   3.500000e+09                      24.000000
                2574990.434783                     930.000000                   1.000000e+30                   3.500000e+09                      24.000000
                2574990.144928                     930.000000                   1.000000e+30                   3.500000e+09                      24.000000
                2574989.855072                     930.000000                   1.000000e+30                   3.500000e+09                      24.000000
                2574989.565217                     930.000000                   1.000000e+30                   3.500000e+09                      24.000000
                2574989.275362                     930.000000                   1.000000e+30                   3.500000e+09                      24.000000
                2574988.985507                     930.000000                   1.000000e+30                   3.500000e+09                      24.000000
                2574988.695652                     930.000000                   1.000000e+30                   3.500000e+09                      24.000000
                2574988.405797                     930.000000                   1.000000e+30                   3.500000e+09                      24.000000
                2574988.115942                     930.000000                   1.000000e+30                   3.500000e+09                      24.000000
                2574987.826087                     930.000000                   1.000000e+30                   3.500000e+09                      24.000000
                2574987.536232                     930.000000                   1.000000e+30                   3.500000e+09                      24.000000
                2574987.246377                     930.000000                   1.000000e+30                   3.500000e+09                      24.000000
                2574986.956522                     930.000000                   1.000000e+30                   3.500000e+09                      24.000000
                2574986.666667                     930.000000                   1.000000e+30                   3.500000e+09                      24.000000
                2574986.376812                     930.000000                   1.000000e+30                   3.500000e+09                      24.000000
                2574986.086957                     930.000000                   1.000000e+30                   3.500000e+09                      24.000000
                2574985.797101                     930.000000                   1.000000e+30                   3.500000e+09                      24.000000
                2574985.507246                     930.000000                   1.000000e+30                   3.500000e+09                      24.000000
                2574985.217391                     930.000000                   1.000000e+30                   3.500000e+09                      24.000000
                2574984.927536                     930.000000                   1.000000e+30                   3.500000e+09                      24.000000
                2574984.637681                     930.000000                   1.000000e+30                   3.500000e+09                      24.000000
                2574984.347826                     930.000000                   1.000000e+30                   3.500000e+09                      24.000000
                2574984.057971                     930.000000                   1.000000e+30                   3.500000e+09                      24.000000
                2574983.768116                     930.000000                   1.000000e+30                   3.500000e+09                      24.000000
                2574983.478261                     930.000000                   1.000000e+30                   3.500000e+09                      24.000000
                2574983.188406                     930.000000                   1.000000e+30                   3.500000e+09                      24.000000
                2574982.898551                     930.000000                   1.000000e+30                   3.500000e+09                      24.000000
                2574982.608696                     930.000000                   1.000000e+30                   3.500000e+09                      24.000000
                2574982.318841                     930.000000                   1.000000e+30                   3.500000e+09                      24.000000
                2574982.028986                     930.000000                   1.000000e+30                   3.500000e+09                      24.000000
                2574981.739130                     930.000000                   1.000000e+30                   3.500000e+09                      24.000000
                2574981.449275                     930.000000                   1.000000e+30                   3.500000e+09                      24.000000
                2574981.159420                     930.000000                   1.000000e+30                   3.500000e+09                      24.000000
                2574980.869565                     930.000000                   1.000000e+30                   3.500000e+09                      24.000000
                2574980.579710                     930.000000                   1.000000e+30                   3.500000e+09                      24.000000
                2574980.289855                     930.000000                   1.000000e+30                   3.500000e+09                      24.000000
                2574980.000000                     930.000000                   1.000000e+30                   3.500000e+09                      24.000000
                2574980.000000                     930.000000                   1.000000e+30                   3.500000e+09                      15.000000
                2573685.581395                     930.000000                   1.000000e+30                   3.500000e+09                      15.000000
                2572391.162791                     930.000000                   1.000000e+30                   3.500000e+09                      15.000000
                2571096.744186                     930.000000                   1.000000e+30                   3.500000e+09                      15.000000
                2569802.325581                     930.000000                   1.000000e+30                   3.500000e+09                      15.000000
                2568507.906977                     930.000000                   1.000000e+30                   3.500000e+09                      15.000000
                2567213.488372                     930.000000                   1.000000e+30                   3.500000e+09                      15.000000
                2565919.069767                     930.000000                   1.000000e+30                   3.500000e+09                      15.000000
                2564624.651163                     930.000000                   1.000000e+30                   3.500000e+09                      15.000000
                2563330.232558                     930.000000                   1.000000e+30                   3.500000e+09                      15.000000
                2562035.813953                     930.000000                   1.000000e+30                   3.500000e+09                      15.000000
                2560741.395349                     930.000000                   1.000000e+30                   3.500000e+09                      15.000000
                2559446.976744                     930.000000                   1.000000e+30                   3.500000e+09                      15.000000
                2558152.558140                     930.000000                   1.000000e+30                   3.500000e+09                      15.000000
                2556858.139535                     930.000000                   1.000000e+30                   3.500000e+09                      15.000000
                2555563.720930                     930.000000                   1.000000e+30                   3.500000e+09                      15.000000
                2554269.302326                     930.000000                   1.000000e+30                   3.500000e+09                      15.000000
                2552974.883721                     930.000000                   1.000000e+30                   3.500000e+09                      15.000000
                2551680.465116                     930.000000                   1.000000e+30                   3.500000e+09                      15.000000
                2550386.046512                     930.000000                   1.000000e+30                   3.500000e+09                      15.000000
                2549091.627907                     930.000000                   1.000000e+30                   3.500000e+09                      15.000000
                2547797.209302                     930.000000                   1.000000e+30                   3.500000e+09                      15.000000
                2546502.790698                     930.000000                   1.000000e+30                   3.500000e+09                      15.000000
                2545208.372093                     930.000000                   1.000000e+30                   3.500000e+09                      15.000000
                2543913.953488                     930.000000                   1.000000e+30                   3.500000e+09                      15.000000
                2542619.534884                     930.000000                   1.000000e+30                   3.500000e+09                      15.000000
                2541325.116279                     930.000000                   1.000000e+30                   3.500000e+09                      15.000000
                2540030.697674                     930.000000                   1.000000e+30                   3.500000e+09                      15.000000
                2538736.279070                     930.000000                   1.000000e+30                   3.500000e+09                      15.000000
                2537441.860465                     930.000000                   1.000000e+30                   3.500000e+09                      15.000000
                2536147.441860                     930.000000                   1.000000e+30                   3.500000e+09                      15.000000
                2534853.023256                     930.000000                   1.000000e+30                   3.500000e+09                      15.000000
                2533558.604651                     930.000000                   1.000000e+30                   3.500000e+09                      15.000000
                2532264.186047                     930.000000                   1.000000e+30                   3.500000e+09                      15.000000
                2530969.767442                     930.000000                   1.000000e+30                   3.500000e+09                      15.000000
                2529675.348837                     930.000000                   1.000000e+30                   3.500000e+09                      15.000000
                2528380.930233                     930.000000                   1.000000e+30                   3.500000e+09                      15.000000
                2527086.511628                     930.000000                   1.000000e+30                   3.500000e+09                      15.000000
                2525792.093023                     930.000000                   1.000000e+30                   3.500000e+09                      15.000000
                2524497.674419                     930.000000                   1.000000e+30                   3.500000e+09                      15.000000
                2523203.255814                     930.000000                   1.000000e+30                   3.500000e+09                      15.000000
                2521908.837209                     930.000000                   1.000000e+30                   3.500000e+09                      15.000000
                2520614.418605                     930.000000                   1.000000e+30                   3.500000e+09                      15.000000
                2519320.000000                     930.000000                   1.000000e+30                   3.500000e+09                      15.000000
                2518025.581395                     930.000000                   1.000000e+30                   3.500000e+09                      15.000000
                2516731.162791                     930.000000                   1.000000e+30                   3.500000e+09                      15.000000
                2515436.744186                     930.000000                   1.000000e+30                   3.500000e+09                      15.000000
                2514142.325581                     930.000000                   1.000000e+30                   3.500000e+09                      15.000000
                2512847.906977                     930.000000                   1.000000e+30                   3.500000e+09                      15.000000
                2511553.488372                     930.000000                   1.000000e+30                   3.500000e+09                      15.000000
                2510259.069767                     930.000000                   1.000000e+30                   3.500000e+09                      15.000000
                2508964.651163                     930.000000                   1.000000e+30                   3.500000e+09                      15.000000
                2507670.232558                     930.000000                   1.000000e+30                   3.500000e+09                      15.000000
                2506375.813953                     930.000000                   1.000000e+30                   3.500000e+09                      15.000000
                2505081.395349                     930.000000                   1.000000e+30                   3.500000e+09                      15.000000
                2503786.976744                     930.000000                   1.000000e+30                   3.500000e+09                      15.000000
                2502492.558140                     930.000000                   1.000000e+30                   3.500000e+09                      15.000000
                2501198.139535                     930.000000                   1.000000e+30                   3.500000e+09                      15.000000
                2499903.720930                     930.000000                   1.000000e+30                   3.500000e+09                      15.000000
                2498609.302326                     930.000000                   1.000000e+30                   3.500000e+09                      15.000000
                2497314.883721                     930.000000                   1.000000e+30                   3.500000e+09                      15.000000
                2496020.465116                     930.000000                   1.000000e+30                   3.500000e+09                      15.000000
                2494726.046512                     930.000000                   1.000000e+30                   3.500000e+09                      15.000000
                2493431.627907                     930.000000                   1.000000e+30                   3.500000e+09                      15.000000
                2492137.209302                     930.000000                   1.000000e+30                   3.500000e+09                      15.000000
                2490842.790698                     930.000000                   1.000000e+30                   3.500000e+09                      15.000000
                2489548.372093                     930.000000                   1.000000e+30                   3.500000e+09                      15.000000
                2488253.953488                     930.000000                   1.000000e+30                   3.500000e+09                      15.000000
                2486959.534884                     930.000000                   1.000000e+30                   3.500000e+09                      15.000000
                2485665.116279                     930.000000                   1.000000e+30                   3.500000e+09                      15.000000
                2484370.697674                     930.000000                   1.000000e+30                   3.500000e+09                      15.000000
                2483076.279070                     930.000000                   1.000000e+30                   3.500000e+09                      15.000000
                2481781.860465                     930.000000                   1.000000e+30                   3.500000e+09                      15.000000
                2480487.441860                     930.000000                   1.000000e+30                   3.500000e+09                      15.000000
                2479193.023256                     930.000000                   1.000000e+30                   3.500000e+09                      15.000000
                2477898.604651                     930.000000                   1.000000e+30                   3.500000e+09                      15.000000
                2476604.186047                     930.000000                   1.000000e+30                   3.500000e+09                      15.000000
                2475309.767442                     930.000000                   1.000000e+30                   3.500000e+09                      15.000000
                2474015.348837                     930.000000                   1.000000e+30                   3.500000e+09                      15.000000
                2472720.930233                     930.000000                   1.000000e+30                   3.500000e+09                      15.000000
                2471426.511628                     930.000000                   1.000000e+30                   3.500000e+09                      15.000000
                2470132.093023                     930.000000                   1.000000e+30                   3.500000e+09                      15.000000
                2468837.674419                     930.000000                   1.000000e+30                   3.500000e+09                      15.000000
                2467543.255814                     930.000000                   1.000000e+30                   3.500000e+09                      15.000000
                2466248.837209                     930.000000                   1.000000e+30                   3.500000e+09                      15.000000
                2464954.418605                     930.000000                   1.000000e+30                   3.500000e+09                      15.000000
                2463660.000000                     930.000000                   1.000000e+30                   3.500000e+09                      15.000000
                2462365.581395                     930.000000                   1.000000e+30                   3.500000e+09                      15.000000
                2461071.162791                     930.000000                   1.000000e+30                   3.500000e+09                      15.000000
                2459776.744186                     930.000000                   1.000000e+30                   3.500000e+09                      15.000000
                2458482.325581                     930.000000                   1.000000e+30                   3.500000e+09                      15.000000
                2457187.906977                     930.000000                   1.000000e+30                   3.500000e+09                      15.000000
                2455893.488372                     930.000000                   1.000000e+30                   3.500000e+09                      15.000000
                2454599.069767                     930.000000                   1.000000e+30                   3.500000e+09                      15.000000
                2453304.651163                     930.000000                   1.000000e+30                   3.500000e+09                      15.000000
                2452010.232558                     930.000000                   1.000000e+30                   3.500000e+09                      15.000000
                2450715.813953                     930.000000                   1.000000e+30                   3.500000e+09                      15.000000
                2449421.395349                     930.000000                   1.000000e+30                   3.500000e+09                      15.000000
                2448126.976744                     930.000000                   1.000000e+30                   3.500000e+09                      15.000000
                2446832.558140                     930.000000                   1.000000e+30                   3.500000e+09                      15.000000
                2445538.139535                     930.000000                   1.000000e+30                   3.500000e+09                      15.000000
                2444243.720930                     930.000000                   1.000000e+30                   3.500000e+09                      15.000000
                2442949.302326                     930.000000                   1.000000e+30                   3.500000e+09                      15.000000
                2441654.883721                     930.000000                   1.000000e+30                   3.500000e+09                      15.000000
                2440360.465116                     930.000000                   1.000000e+30                   3.500000e+09                      15.000000
                2439066.046512                     930.000000                   1.000000e+30                   3.500000e+09                      15.000000
                2437771.627907                     930.000000                   1.000000e+30                   3.500000e+09                      15.000000
                2436477.209302                     930.000000                   1.000000e+30                   3.500000e+09                      15.000000
                2435182.790698                     930.000000                   1.000000e+30                   3.500000e+09                      15.000000
                2433888.372093                     930.000000                   1.000000e+30                   3.500000e+09                      15.000000
                2432593.953488                     930.000000                   1.000000e+30                   3.500000e+09                      15.000000
                2431299.534884                     930.000000                   1.000000e+30                   3.500000e+09                      15.000000
                2430005.116279                     930.000000                   1.000000e+30                   3.500000e+09                      15.000000
                2428710.697674                     930.000000                   1.000000e+30                   3.500000e+09                      15.000000
                2427416.279070                     930.000000                   1.000000e+30                   3.500000e+09                      15.000000
                2426121.860465                     930.000000                   1.000000e+30                   3.500000e+09                      15.000000
                2424827.441860                     930.000000                   1.000000e+30                   3.500000e+09                      15.000000
                2423533.023256                     930.000000                   1.000000e+30                   3.500000e+09                      15.000000
                2422238.604651                     930.000000                   1.000000e+30                   3.500000e+09                      15.000000
                2420944.186047                     930.000000                   1.000000e+30                   3.500000e+09                      15.000000
                2419649.767442                     930.000000                   1.000000e+30                   3.500000e+09                      15.000000
                2418355.348837                     930.000000                   1.000000e+30                   3.500000e+09                      15.000000
                2417060.930233                     930.000000                   1.000000e+30                   3.500000e+09                      15.000000
                2415766.511628                     930.000000                   1.000000e+30                   3.500000e+09                      15.000000
                2414472.093023                     930.000000                   1.000000e+30                   3.500000e+09                      15.000000
                2413177.674419                     930.000000                   1.000000e+30                   3.500000e+09                      15.000000
                2411883.255814                     930.000000                   1.000000e+30                   3.500000e+09                      15.000000
                2410588.837209                     930.000000                   1.000000e+30                   3.500000e+09                      15.000000
                2409294.418605                     930.000000                   1.000000e+30                   3.500000e+09                      15.000000
                2408000.000000                     930.000000                   1.000000e+30                   3.500000e+09                      15.000000
                2408000.000000                    1100.000000                   1.000000e+30                   0.000000e+00                       2.000000
                2407994.002733                    1100.000000                   1.000000e+30                   0.000000e+00                       2.000000
                2407983.344217                    1100.000000                   1.000000e+30                   0.000000e+00                       2.000000
                2407967.364346                    1100.000000                   1.000000e+30                   0.000000e+00                       2.000000
                2407946.072597                    1100.000000                   1.000000e+30                   0.000000e+00                       2.000000
                2407919.481595                    1100.000000                   1.000000e+30                   0.000000e+00                       2.000000
                2407887.607113                    1100.000000                   1.000000e+30                   0.000000e+00                       2.000000
                2407850.468052                    1100.000000                   1.000000e+30                   0.000000e+00                       2.000000
                2407808.086440                    1100.000000                   1.000000e+30                   0.000000e+00                       2.000000
                2407760.487410                    1100.000000                   1.000000e+30                   0.000000e+00                       2.000000
                2407707.699192                    1100.000000                   1.000000e+30                   0.000000e+00                       2.000000
                2407649.753092                    1100.000000                   1.000000e+30                   0.000000e+00                       2.000000
                2407586.683476                    1100.000000                   1.000000e+30                   0.000000e+00                       2.000000
                2407518.527748                    1100.000000                   1.000000e+30                   0.000000e+00                       2.000000
                2407445.326329                    1100.000000                   1.000000e+30                   0.000000e+00                       2.000000
                2407367.122630                    1100.000000                   1.000000e+30                   0.000000e+00                       2.000000
                2407283.963033                    1100.000000                   1.000000e+30                   0.000000e+00                       2.000000
                2407195.896855                    1100.000000                   1.000000e+30                   0.000000e+00                       2.000000
                2407102.976325                    1100.000000                   1.000000e+30                   0.000000e+00                       2.000000
                2407005.256551                    1100.000000                   1.000000e+30                   0.000000e+00                       2.000000
                2406902.795486                    1100.000000                   1.000000e+30                   0.000000e+00                       2.000000
                2406795.653896                    1100.000000                   1.000000e+30                   0.000000e+00                       2.000000
                2406683.895322                    1100.000000                   1.000000e+30                   0.000000e+00                       2.000000
                2406567.586043                    1100.000000                   1.000000e+30                   0.000000e+00                       2.000000
                2406446.795039                    1100.000000                   1.000000e+30                   0.000000e+00                       2.000000
                2406321.593946                    1100.000000                   1.000000e+30                   0.000000e+00                       2.000000
                2406192.057015                    1100.000000                   1.000000e+30                   0.000000e+00                       2.000000
                2406058.261069                    1100.000000                   1.000000e+30                   0.000000e+00                       2.000000
                2405920.285459                    1100.000000                   1.000000e+30                   0.000000e+00                       2.000000
                2405778.212010                    1100.000000                   1.000000e+30                   0.000000e+00                       2.000000
                2405632.124983                    1100.000000                   1.000000e+30                   0.000000e+00                       2.000000
                2405482.111014                    1100.000000                   1.000000e+30                   0.000000e+00                       2.000000
                2405328.259072                    1100.000000                   1.000000e+30                   0.000000e+00                       2.000000
                2405170.660400                    1100.000000                   1.000000e+30                   0.000000e+00                       2.000000
                2405009.408463                    1100.000000                   1.000000e+30                   0.000000e+00                       2.000000
                2404844.598893                    1100.000000                   1.000000e+30                   0.000000e+00                       2.000000
                2404676.329433                    1100.000000                   1.000000e+30                   0.000000e+00                       2.000000
                2404504.699877                    1100.000000                   1.000000e+30                   0.000000e+00                       2.000000
                2404329.812010                    1100.000000                   1.000000e+30                   0.000000e+00                       2.000000
                2404151.769553                    1100.000000                   1.000000e+30                   0.000000e+00                       2.000000
                2403970.678095                    1100.000000                   1.000000e+30                   0.000000e+00                       2.000000
                2403786.645034                    1100.000000                   1.000000e+30                   0.000000e+00                       2.000000
                2403599.779514                    1100.000000                   1.000000e+30                   0.000000e+00                       2.000000
                2403410.192355                    1100.000000                   1.000000e+30                   0.000000e+00                       2.000000
                2403217.995996                    1100.000000                   1.000000e+30                   0.000000e+00                       2.000000
                2403023.304420                    1100.000000                   1.000000e+30                   0.000000e+00                       2.000000
                2402826.233091                    1100.000000                   1.000000e+30                   0.000000e+00                       2.000000
                2402626.898884                    1100.000000                   1.000000e+30                   0.000000e+00                       2.000000
                2402425.420017                    1100.000000                   1.000000e+30                   0.000000e+00                       2.000000
                2402221.915977                    1100.000000                   1.000000e+30                   0.000000e+00                       2.000000
                2402016.507457                    1100.000000                   1.000000e+30                   0.000000e+00                       2.000000
                2401809.316275                    1100.000000                   1.000000e+30                   0.000000e+00                       2.000000
                2401600.465308                    1100.000000                   1.000000e+30                   0.000000e+00                       2.000000
                2401390.078418                    1100.000000                   1.000000e+30                   0.000000e+00                       2.000000
                2401178.280376                    1100.000000                   1.000000e+30                   0.000000e+00                       2.000000
                2400965.196791                    1100.000000                   1.000000e+30                   0.000000e+00                       2.000000
                2400750.954036                    1100.000000                   1.000000e+30                   0.000000e+00                       2.000000
                2400535.679168                    1100.000000                   1.000000e+30                   0.000000e+00                       2.000000
                2400319.499859                    1100.000000                   1.000000e+30                   0.000000e+00                       2.000000
                2400102.544316                    1100.000000                   1.000000e+30                   0.000000e+00                       2.000000
                2399884.941207                    1100.000000                   1.000000e+30                   0.000000e+00                       2.000000
                2399666.819584                    1100.000000                   1.000000e+30                   0.000000e+00                       2.000000
                2399448.308806                    1100.000000                   1.000000e+30                   0.000000e+00                       2.000000
                2399229.538462                    1100.000000                   1.000000e+30                   0.000000e+00                       2.000000
                2399010.638298                    1100.000000                   1.000000e+30                   0.000000e+00                       2.000000
                2398791.738134                    1100.000000                   1.000000e+30                   0.000000e+00                       2.000000
                2398572.967790                    1100.000000                   1.000000e+30                   0.000000e+00                       2.000000
                2398354.457012                    1100.000000                   1.000000e+30                   0.000000e+00                       2.000000
                2398136.335389                    1100.000000                   1.000000e+30                   0.000000e+00                       2.000000
                2397918.732280                    1100.000000                   1.000000e+30                   0.000000e+00                       2.000000
                2397701.776737                    1100.000000                   1.000000e+30                   0.000000e+00                       2.000000
                2397485.597428                    1100.000000                   1.000000e+30                   0.000000e+00                       2.000000
                2397270.322560                    1100.000000                   1.000000e+30                   0.000000e+00                       2.000000
                2397056.079805                    1100.000000                   1.000000e+30                   0.000000e+00                       2.000000
                2396842.996220                    1100.000000                   1.000000e+30                   0.000000e+00                       2.000000
                2396631.198178                    1100.000000                   1.000000e+30                   0.000000e+00                       2.000000
                2396420.811288                    1100.000000                   1.000000e+30                   0.000000e+00                       2.000000
                2396211.960321                    1100.000000                   1.000000e+30                   0.000000e+00                       2.000000
                2396004.769139                    1100.000000                   1.000000e+30                   0.000000e+00                       2.000000
                2395799.360618                    1100.000000                   1.000000e+30                   0.000000e+00                       2.000000
                2395595.856579                    1100.000000                   1.000000e+30                   0.000000e+00                       2.000000
                2395394.377712                    1100.000000                   1.000000e+30                   0.000000e+00                       2.000000
                2395195.043505                    1100.000000                   1.000000e+30                   0.000000e+00                       2.000000
                2394997.972176                    1100.000000                   1.000000e+30                   0.000000e+00                       2.000000
                2394803.280600                    1100.000000                   1.000000e+30                   0.000000e+00                       2.000000
                2394611.084240                    1100.000000                   1.000000e+30                   0.000000e+00                       2.000000
                2394421.497082                    1100.000000                   1.000000e+30                   0.000000e+00                       2.000000
                2394234.631561                    1100.000000                   1.000000e+30                   0.000000e+00                       2.000000
                2394050.598501                    1100.000000                   1.000000e+30                   0.000000e+00                       2.000000
                2393869.507042                    1100.000000                   1.000000e+30                   0.000000e+00                       2.000000
                2393691.464585                    1100.000000                   1.000000e+30                   0.000000e+00                       2.000000
                2393516.576719                    1100.000000                   1.000000e+30                   0.000000e+00                       2.000000
                2393344.947163                    1100.000000                   1.000000e+30                   0.000000e+00                       2.000000
                2393176.677703                    1100.000000                   1.000000e+30                   0.000000e+00                       2.000000
                2393011.868133                    1100.000000                   1.000000e+30                   0.000000e+00                       2.000000
                2392850.616196                    1100.000000                   1.000000e+30                   0.000000e+00                       2.000000
                2392693.017524                    1100.000000                   1.000000e+30                   0.000000e+00                       2.000000
                2392539.165582                    1100.000000                   1.000000e+30                   0.000000e+00                       2.000000
                2392389.151613                    1100.000000                   1.000000e+30                   0.000000e+00                       2.000000
                2392243.064585                    1100.000000                   1.000000e+30                   0.000000e+00                       2.000000
                2392100.991137                    1100.000000                   1.000000e+30                   0.000000e+00                       2.000000
                2391963.015526                    1100.000000                   1.000000e+30                   0.000000e+00                       2.000000
                2391829.219581                    1100.000000                   1.000000e+30                   0.000000e+00                       2.000000
                2391699.682650                    1100.000000                   1.000000e+30                   0.000000e+00                       2.000000
                2391574.481556                    1100.000000                   1.000000e+30                   0.000000e+00                       2.000000
                2391453.690552                    1100.000000                   1.000000e+30                   0.000000e+00                       2.000000
                2391337.381274                    1100.000000                   1.000000e+30                   0.000000e+00                       2.000000
                2391225.622700                    1100.000000                   1.000000e+30                   0.000000e+00                       2.000000
                2391118.481110                    1100.000000                   1.000000e+30                   0.000000e+00                       2.000000
                2391016.020045                    1100.000000                   1.000000e+30                   0.000000e+00                       2.000000
                2390918.300270                    1100.000000                   1.000000e+30                   0.000000e+00                       2.000000
                2390825.379740                    1100.000000                   1.000000e+30                   0.000000e+00                       2.000000
                2390737.313563                    1100.000000                   1.000000e+30                   0.000000e+00                       2.000000
                2390654.153965                    1100.000000                   1.000000e+30                   0.000000e+00                       2.000000
                2390575.950267                    1100.000000                   1.000000e+30                   0.000000e+00                       2.000000
                2390502.748848                    1100.000000                   1.000000e+30                   0.000000e+00                       2.000000
                2390434.593120                    1100.000000                   1.000000e+30                   0.000000e+00                       2.000000
                2390371.523504                    1100.000000                   1.000000e+30                   0.000000e+00                       2.000000
                2390313.577404                    1100.000000                   1.000000e+30                   0.000000e+00                       2.000000
                2390260.789186                    1100.000000                   1.000000e+30                   0.000000e+00                       2.000000
                2390213.190156                    1100.000000                   1.000000e+30                   0.000000e+00                       2.000000
                2390170.808543                    1100.000000                   1.000000e+30                   0.000000e+00                       2.000000
                2390133.669483                    1100.000000                   1.000000e+30                   0.000000e+00                       2.000000
                2390101.795000                    1100.000000                   1.000000e+30                   0.000000e+00                       2.000000
                2390075.203999                    1100.000000                   1.000000e+30                   0.000000e+00                       2.000000
                2390053.912249                    1100.000000                   1.000000e+30                   0.000000e+00                       2.000000
                2390037.932378                    1100.000000                   1.000000e+30                   0.000000e+00                       2.000000
                2390027.273863                    1100.000000                   1.000000e+30                   0.000000e+00                       2.000000
                2390021.943025                    1100.000000                   1.000000e+30                   0.000000e+00                       2.000000
                2390021.276596                    1100.000000                   1.000000e+30                   0.000000e+00                       2.000000
                2390021.276596                    1250.000000                   1.000000e+30                   6.000000e+09                      15.000000
                2386997.855847                    1250.000000                   1.000000e+30                   6.000000e+09                      15.000000
                2383974.435098                    1250.000000                   1.000000e+30                   6.000000e+09                      15.000000
                2380951.014349                    1250.000000                   1.000000e+30                   6.000000e+09                      15.000000
                2377927.593601                    1250.000000                   1.000000e+30                   6.000000e+09                      15.000000
                2374904.172852                    1250.000000                   1.000000e+30                   6.000000e+09                      15.000000
                2371880.752103                    1250.000000                   1.000000e+30                   6.000000e+09                      15.000000
                2368857.331354                    1250.000000                   1.000000e+30                   6.000000e+09                      15.000000
                2365833.910605                    1250.000000                   1.000000e+30                   6.000000e+09                      15.000000
                2362810.489857                    1250.000000                   1.000000e+30                   6.000000e+09                      15.000000
                2359787.069108                    1250.000000                   1.000000e+30                   6.000000e+09                      15.000000
                2356763.648359                    1250.000000                   1.000000e+30                   6.000000e+09                      15.000000
                2353740.227610                    1250.000000                   1.000000e+30                   6.000000e+09                      15.000000
                2350716.806861                    1250.000000                   1.000000e+30                   6.000000e+09                      15.000000
                2347693.386112                    1250.000000                   1.000000e+30                   6.000000e+09                      15.000000
                2344669.965364                    1250.000000                   1.000000e+30                   6.000000e+09                      15.000000
                2341646.544615                    1250.000000                   1.000000e+30                   6.000000e+09                      15.000000
                2338623.123866                    1250.000000                   1.000000e+30                   6.000000e+09                      15.000000
                2335599.703117                    1250.000000                   1.000000e+30                   6.000000e+09                      15.000000
                2332576.282368                    1250.000000                   1.000000e+30                   6.000000e+09                      15.000000
                2329552.861620                    1250.000000                   1.000000e+30                   6.000000e+09                      15.000000
                2326529.440871                    1250.000000                   1.000000e+30                   6.000000e+09                      15.000000
                2323506.020122                    1250.000000                   1.000000e+30                   6.000000e+09                      15.000000
                2320482.599373                    1250.000000                   1.000000e+30                   6.000000e+09                      15.000000
                2317459.178624                    1250.000000                   1.000000e+30                   6.000000e+09                      15.000000
                2314435.757876                    1250.000000                   1.000000e+30                   6.000000e+09                      15.000000
                2311412.337127                    1250.000000                   1.000000e+30                   6.000000e+09                      15.000000
                2308388.916378                    1250.000000                   1.000000e+30                   6.000000e+09                      15.000000
                2305365.495629                    1250.000000                   1.000000e+30                   6.000000e+09                      15.000000
                2302342.074880                    1250.000000                   1.000000e+30                   6.000000e+09                      15.000000
                2299318.654132                    1250.000000                   1.000000e+30                   6.000000e+09                      15.000000
                2296295.233383                    1250.000000                   1.000000e+30                   6.000000e+09                      15.000000
                2293271.812634                    1250.000000                   1.000000e+30                   6.000000e+09                      15.000000
                2290248.391885                    1250.000000                   1.000000e+30                   6.000000e+09                      15.000000
                2287224.971136                    1250.000000                   1.000000e+30                   6.000000e+09                      15.000000
                2284201.550388                    1250.000000                   1.000000e+30                   6.000000e+09                      15.000000
                2281178.129639                    1250.000000                   1.000000e+30                   6.000000e+09                      15.000000
                2278154.708890                    1250.000000                   1.000000e+30                   6.000000e+09                      15.000000
                2275131.288141                    1250.000000                   1.000000e+30                   6.000000e+09                      15.000000
                2272107.867392                    1250.000000                   1.000000e+30                   6.000000e+09                      15.000000
                2269084.446644                    1250.000000                   1.000000e+30                   6.000000e+09                      15.000000
                2266061.025895                    1250.000000                   1.000000e+30                   6.000000e+09                      15.000000
                2263037.605146                    1250.000000                   1.000000e+30                   6.000000e+09                      15.000000
                2260014.184397                    1250.000000                   1.000000e+30                   6.000000e+09                      15.000000
                2256990.763648                    1250.000000                   1.000000e+30                   6.000000e+09                      15.000000
                2253967.342900                    1250.000000                   1.000000e+30                   6.000000e+09                      15.000000
                2250943.922151                    1250.000000                   1.000000e+30                   6.000000e+09                      15.000000
                2247920.501402                    1250.000000                   1.000000e+30                   6.000000e+09                      15.000000
                2244897.080653                    1250.000000                   1.000000e+30                   6.000000e+09                      15.000000
                2241873.659904                    1250.000000                   1.000000e+30                   6.000000e+09                      15.000000
                2238850.239156                    1250.000000                   1.000000e+30                   6.000000e+09                      15.000000
                2235826.818407                    1250.000000                   1.000000e+30                   6.000000e+09                      15.000000
                2232803.397658                    1250.000000                   1.000000e+30                   6.000000e+09                      15.000000
                2229779.976909                    1250.000000                   1.000000e+30                   6.000000e+09                      15.000000
                2226756.556160                    1250.000000                   1.000000e+30                   6.000000e+09                      15.000000
                2223733.135412                    1250.000000                   1.000000e+30                   6.000000e+09                      15.000000
                2220709.714663                    1250.000000                   1.000000e+30                   6.000000e+09                      15.000000
                2217686.293914                    1250.000000                   1.000000e+30                   6.000000e+09                      15.000000
                2214662.873165                    1250.000000                   1.000000e+30                   6.000000e+09                      15.000000
                2211639.452416                    1250.000000                   1.000000e+30                   6.000000e+09                      15.000000
                2208616.031667                    1250.000000                   1.000000e+30                   6.000000e+09                      15.000000
                2205592.610919                    1250.000000                   1.000000e+30                   6.000000e+09                      15.000000
                2202569.190170                    1250.000000                   1.000000e+30                   6.000000e+09                      15.000000
                2199545.769421                    1250.000000                   1.000000e+30                   6.000000e+09                      15.000000
                2196522.348672                    1250.000000                   1.000000e+30                   6.000000e+09                      15.000000
                2193498.927923                    1250.000000                   1.000000e+30                   6.000000e+09                      15.000000
                2190475.507175                    1250.000000                   1.000000e+30                   6.000000e+09                      15.000000
                2187452.086426                    1250.000000                   1.000000e+30                   6.000000e+09                      15.000000
                2184428.665677                    1250.000000                   1.000000e+30                   6.000000e+09                      15.000000
                2181405.244928                    1250.000000                   1.000000e+30                   6.000000e+09                      15.000000
                2178381.824179                    1250.000000                   1.000000e+30                   6.000000e+09                      15.000000
                2175358.403431                    1250.000000                   1.000000e+30                   6.000000e+09                      15.000000
                2172334.982682                    1250.000000                   1.000000e+30                   6.000000e+09                      15.000000
                2169311.561933                    1250.000000                   1.000000e+30                   6.000000e+09                      15.000000
                2166288.141184                    1250.000000                   1.000000e+30                   6.000000e+09                      15.000000
                2163264.720435                    1250.000000                   1.000000e+30                   6.000000e+09                      15.000000
                2160241.299687                    1250.000000                   1.000000e+30                   6.000000e+09                      15.000000
                2157217.878938                    1250.000000                   1.000000e+30                   6.000000e+09                      15.000000
                2154194.458189                    1250.000000                   1.000000e+30                   6.000000e+09                      15.000000
                2151171.037440                    1250.000000                   1.000000e+30                   6.000000e+09                      15.000000
                2148147.616691                    1250.000000                   1.000000e+30                   6.000000e+09                      15.000000
                2145124.195943                    1250.000000                   1.000000e+30                   6.000000e+09                      15.000000
                2142100.775194                    1250.000000                   1.000000e+30                   6.000000e+09                      15.000000
                2139077.354445                    1250.000000                   1.000000e+30                   6.000000e+09                      15.000000
                2136053.933696                    1250.000000                   1.000000e+30                   6.000000e+09                      15.000000
                2133030.512947                    1250.000000                   1.000000e+30                   6.000000e+09                      15.000000
                2130007.092199                    1250.000000                   1.000000e+30                   6.000000e+09                      15.000000
                2126983.671450                    1250.000000                   1.000000e+30                   6.000000e+09                      15.000000
                2123960.250701                    1250.000000                   1.000000e+30                   6.000000e+09                      15.000000
                2120936.829952                    1250.000000                   1.000000e+30                   6.000000e+09                      15.000000
                2117913.409203                    1250.000000                   1.000000e+30                   6.000000e+09                      15.000000
                2114889.988455                    1250.000000                   1.000000e+30                   6.000000e+09                      15.000000
                2111866.567706                    1250.000000                   1.000000e+30                   6.000000e+09                      15.000000
                2108843.146957                    1250.000000                   1.000000e+30                   6.000000e+09                      15.000000
                2105819.726208                    1250.000000                   1.000000e+30                   6.000000e+09                      15.000000
                2102796.305459                    1250.000000                   1.000000e+30                   6.000000e+09                      15.000000
                2099772.884711                    1250.000000                   1.000000e+30                   6.000000e+09                      15.000000
                2096749.463962                    1250.000000                   1.000000e+30                   6.000000e+09                      15.000000
                2093726.043213                    1250.000000                   1.000000e+30                   6.000000e+09                      15.000000
                2090702.622464                    1250.000000                   1.000000e+30                   6.000000e+09                      15.000000
                2087679.201715                    1250.000000                   1.000000e+30                   6.000000e+09                      15.000000
                2084655.780967                    1250.000000                   1.000000e+30                   6.000000e+09                      15.000000
                2081632.360218                    1250.000000                   1.000000e+30                   6.000000e+09                      15.000000
                2078608.939469                    1250.000000                   1.000000e+30                   6.000000e+09                      15.000000
                2075585.518720                    1250.000000                   1.000000e+30                   6.000000e+09                      15.000000
                2072562.097971                    1250.000000                   1.000000e+30                   6.000000e+09                      15.000000
                2069538.677222                    1250.000000                   1.000000e+30                   6.000000e+09                      15.000000
                2066515.256474                    1250.000000                   1.000000e+30                   6.000000e+09                      15.000000
                2063491.835725                    1250.000000                   1.000000e+30                   6.000000e+09                      15.000000
                2060468.414976                    1250.000000                   1.000000e+30                   6.000000e+09                      15.000000
                2057444.994227                    1250.000000                   1.000000e+30                   6.000000e+09                      15.000000
                2054421.573478                    1250.000000                   1.000000e+30                   6.000000e+09                      15.000000
                2051398.152730                    1250.000000                   1.000000e+30                   6.000000e+09                      15.000000
                2048374.731981                    1250.000000                   1.000000e+30                   6.000000e+09                      15.000000
                2045351.311232                    1250.000000                   1.000000e+30                   6.000000e+09                      15.000000
                2042327.890483                    1250.000000                   1.000000e+30                   6.000000e+09                      15.000000
                2039304.469734                    1250.000000                   1.000000e+30                   6.000000e+09                      15.000000
                2036281.048986                    1250.000000                   1.000000e+30                   6.000000e+09                      15.000000
                2033257.628237                    1250.000000                   1.000000e+30                   6.000000e+09                      15.000000
                2030234.207488                    1250.000000                   1.000000e+30                   6.000000e+09                      15.000000
                2027210.786739                    1250.000000                   1.000000e+30                   6.000000e+09                      15.000000
                2024187.365990                    1250.000000                   1.000000e+30                   6.000000e+09                      15.000000
                2021163.945242                    1250.000000                   1.000000e+30                   6.000000e+09                      15.000000
                2018140.524493                    1250.000000                   1.000000e+30                   6.000000e+09                      15.000000
                2015117.103744                    1250.000000                   1.000000e+30                   6.000000e+09                      15.000000
                2012093.682995                    1250.000000                   1.000000e+30                   6.000000e+09                      15.000000
                2009070.262246                    1250.000000                   1.000000e+30                   6.000000e+09                      15.000000
                2006046.841498                    1250.000000                   1.000000e+30                   6.000000e+09                      15.000000
                2003023.420749                    1250.000000                   1.000000e+30                   6.000000e+09                      15.000000
                2000000.000000                    1250.000000                   1.000000e+30                   6.000000e+09                      15.000000
                2000000.000000                    2851.290743                   1.000000e+30                   3.000000e+10                      17.000000
                1977478.395001                    2851.290743                   1.000000e+30                   3.000000e+10                      17.000000
                1954956.790002                    2851.290743                   1.000000e+30                   3.000000e+10                      17.000000
                1932435.185003                    2851.290743                   1.000000e+30                   3.000000e+10                      17.000000
                1909913.580004                    2851.290743                   1.000000e+30                   3.000000e+10                      17.000000
                1887391.975006                    2851.290743                   1.000000e+30                   3.000000e+10                      17.000000
                1864870.370007                    2851.290743                   1.000000e+30                   3.000000e+10                      17.000000
                1842348.765008                    2851.290743                   1.000000e+30                   3.000000e+10                      17.000000
                1819827.160009                    2851.290743                   1.000000e+30                   3.000000e+10                      17.000000
                1797305.555010                    2851.290743                   1.000000e+30                   3.000000e+10                      17.000000
                1774783.950011                    2851.290743                   1.000000e+30                   3.000000e+10                      17.000000
                1752262.345012                    2851.290743                   1.000000e+30                   3.000000e+10                      17.000000
                1729740.740013                    2851.290743                   1.000000e+30                   3.000000e+10                      17.000000
                1707219.135015                    2851.290743                   1.000000e+30                   3.000000e+10                      17.000000
                1684697.530016                    2851.290743                   1.000000e+30                   3.000000e+10                      17.000000
                1662175.925017                    2851.290743                   1.000000e+30                   3.000000e+10                      17.000000
                1639654.320018                    2851.290743                   1.000000e+30                   3.000000e+10                      17.000000
                1617132.715019                    2851.290743                   1.000000e+30                   3.000000e+10                      17.000000
                1594611.110020                    2851.290743                   1.000000e+30                   3.000000e+10                      17.000000
                1572089.505021                    2851.290743                   1.000000e+30                   3.000000e+10                      17.000000
                1549567.900022                    2851.290743                   1.000000e+30                   3.000000e+10                      17.000000
                1527046.295023                    2851.290743                   1.000000e+30                   3.000000e+10                      17.000000
                1504524.690025                    2851.290743                   1.000000e+30                   3.000000e+10                      17.000000
                1482003.085026                    2851.290743                   1.000000e+30                   3.000000e+10                      17.000000
                1459481.480027                    2851.290743                   1.000000e+30                   3.000000e+10                      17.000000
                1436959.875028                    2851.290743                   1.000000e+30                   3.000000e+10                      17.000000
                1414438.270029                    2851.290743                   1.000000e+30                   3.000000e+10                      17.000000
                1391916.665030                    2851.290743                   1.000000e+30                   3.000000e+10                      17.000000
                1369395.060031                    2851.290743                   1.000000e+30                   3.000000e+10                      17.000000
                1346873.455032                    2851.290743                   1.000000e+30                   3.000000e+10                      17.000000
                1324351.850034                    2851.290743                   1.000000e+30                   3.000000e+10                      17.000000
                1301830.245035                    2851.290743                   1.000000e+30                   3.000000e+10                      17.000000
                1279308.640036                    2851.290743                   1.000000e+30                   3.000000e+10                      17.000000
                1256787.035037                    2851.290743                   1.000000e+30                   3.000000e+10                      17.000000
                1234265.430038                    2851.290743                   1.000000e+30                   3.000000e+10                      17.000000
                1211743.825039                    2851.290743                   1.000000e+30                   3.000000e+10                      17.000000
                1189222.220040                    2851.290743                   1.000000e+30                   3.000000e+10                      17.000000
                1166700.615041                    2851.290743                   1.000000e+30                   3.000000e+10                      17.000000
                1144179.010042                    2851.290743                   1.000000e+30                   3.000000e+10                      17.000000
                1121657.405044                    2851.290743                   1.000000e+30                   3.000000e+10                      17.000000
                1099135.800045                    2851.290743                   1.000000e+30                   3.000000e+10                      17.000000
                1076614.195046                    2851.290743                   1.000000e+30                   3.000000e+10                      17.000000
                1054092.590047                    2851.290743                   1.000000e+30                   3.000000e+10                      17.000000
                1031570.985048                    2851.290743                   1.000000e+30                   3.000000e+10                      17.000000
                1009049.380049                    2851.290743                   1.000000e+30                   3.000000e+10                      17.000000
                 986527.775050                    2851.290743                   1.000000e+30                   3.000000e+10                      17.000000
                 964006.170051                    2851.290743                   1.000000e+30                   3.000000e+10                      17.000000
                 941484.565053                    2851.290743                   1.000000e+30                   3.000000e+10                      17.000000
                 918962.960054                    2851.290743                   1.000000e+30                   3.000000e+10                      17.000000
                 896441.355055                    2851.290743                   1.000000e+30                   3.000000e+10                      17.000000
                 873919.750056                    2851.290743                   1.000000e+30                   3.000000e+10                      17.000000
                 851398.145057                    2851.290743                   1.000000e+30                   3.000000e+10                      17.000000
                 828876.540058                    2851.290743                   1.000000e+30                   3.000000e+10                      17.000000
                 806354.935059                    2851.290743                   1.000000e+30                   3.000000e+10                      17.000000
                 783833.330060                    2851.290743                   1.000000e+30                   3.000000e+10                      17.000000
                 761311.725061                    2851.290743                   1.000000e+30                   3.000000e+10                      17.000000
                 738790.120063                    2851.290743                   1.000000e+30                   3.000000e+10                      17.000000
                 716268.515064                    2851.290743                   1.000000e+30                   3.000000e+10                      17.000000
                 693746.910065                    2851.290743                   1.000000e+30                   3.000000e+10                      17.000000
                 671225.305066                    2851.290743                   1.000000e+30                   3.000000e+10                      17.000000
                 648703.700067                    2851.290743                   1.000000e+30                   3.000000e+10                      17.000000
                 626182.095068                    2851.290743                   1.000000e+30                   3.000000e+10                      17.000000
                 603660.490069                    2851.290743                   1.000000e+30                   3.000000e+10                      17.000000
                 581138.885070                    2851.290743                   1.000000e+30                   3.000000e+10                      17.000000
                 558617.280072                    2851.290743                   1.000000e+30                   3.000000e+10                      17.000000
                 536095.675073                    2851.290743                   1.000000e+30                   3.000000e+10                      17.000000
                 513574.070074                    2851.290743                   1.000000e+30                   3.000000e+10                      17.000000
                 491052.465075                    2851.290743                   1.000000e+30                   3.000000e+10                      17.000000
                 468530.860076                    2851.290743                   1.000000e+30                   3.000000e+10                      17.000000
                 446009.255077                    2851.290743                   1.000000e+30                   3.000000e+10                      17.000000
                 423487.650078                    2851.290743                   1.000000e+30                   3.000000e+10                      17.000000
                 400966.045079                    2851.290743                   1.000000e+30                   3.000000e+10                      17.000000
                 378444.440080                    2851.290743                   1.000000e+30                   3.000000e+10                      17.000000
                 355922.835082                    2851.290743                   1.000000e+30                   3.000000e+10                      17.000000
                 333401.230083                    2851.290743                   1.000000e+30                   3.000000e+10                      17.000000
                 310879.625084                    2851.290743                   1.000000e+30                   3.000000e+10                      17.000000
                 288358.020085                    2851.290743                   1.000000e+30                   3.000000e+10                      17.000000
                 265836.415086                    2851.290743                   1.000000e+30                   3.000000e+10                      17.000000
                 243314.810087                    2851.290743                   1.000000e+30                   3.000000e+10                      17.000000
                 220793.205088                    2851.290743                   1.000000e+30                   3.000000e+10                      17.000000
                 198271.600089                    2851.290743                   1.000000e+30                   3.000000e+10                      17.000000
                 175749.995091                    2851.290743                   1.000000e+30                   3.000000e+10                      17.000000
                 153228.390092                    2851.290743                   1.000000e+30                   3.000000e+10                      17.000000
                 130706.785093                    2851.290743                   1.000000e+30                   3.000000e+10                      17.000000
                 108185.180094                    2851.290743                   1.000000e+30                   3.000000e+10                      17.000000
                  85663.575095                    2851.290743                   1.000000e+30                   3.000000e+10                      17.000000
                  63141.970096                    2851.290743                   1.000000e+30                   3.000000e+10                      17.000000
                  40620.365097                    2851.290743                   1.000000e+30                   3.000000e+10                      17.000000
                  18098.760098                    2851.290743                   1.000000e+30                   3.000000e+10                      17.000000
                  -4422.844901                    2851.290743                   1.000000e+30                   3.000000e+10                      17.000000
                 -26944.449899                    2851.290743                   1.000000e+30                   3.000000e+10                      17.000000
                 -49466.054898                    2851.290743                   1.000000e+30                   3.000000e+10                      17.000000
                 -71987.659897                    2851.290743                   1.000000e+30                   3.000000e+10                      17.000000
                 -94509.264896                    2851.290743                   1.000000e+30                   3.000000e+10                      17.000000
                -117030.869895                    2851.290743                   1.000000e+30                   3.000000e+10                      17.000000
                -139552.474894                    2851.290743                   1.000000e+30                   3.000000e+10                      17.000000
                -162074.079893                    2851.290743                   1.000000e+30                   3.000000e+10                      17.000000
                -184595.684892                    2851.290743                   1.000000e+30                   3.000000e+10                      17.000000
                -207117.289890                    2851.290743                   1.000000e+30                   3.000000e+10                      17.000000
                -229638.894889                    2851.290743                   1.000000e+30                   3.000000e+10                      17.000000
                -252160.499888                    2851.290743                   1.000000e+30                   3.000000e+10                      17.000000
                -274682.104887                    2851.290743                   1.000000e+30                   3.000000e+10                      17.000000
                -297203.709886                    2851.290743                   1.000000e+30                   3.000000e+10                      17.000000
                -319725.314885                    2851.290743                   1.000000e+30                   3.000000e+10                      17.000000
                -342246.919884                    2851.290743                   1.000000e+30                   3.000000e+10                      17.000000
                -364768.524883                    2851.290743                   1.000000e+30                   3.000000e+10                      17.000000
                -387290.129882                    2851.290743                   1.000000e+30                   3.000000e+10                      17.000000
                -409811.734880                    2851.290743                   1.000000e+30                   3.000000e+10                      17.000000
                -432333.339879                    2851.290743                   1.000000e+30                   3.000000e+10                      17.000000
                -454854.944878                    2851.290743                   1.000000e+30                   3.000000e+10                      17.000000
                -477376.549877                    2851.290743                   1.000000e+30                   3.000000e+10                      17.000000
                -499898.154876                    2851.290743                   1.000000e+30                   3.000000e+10                      17.000000
                -522419.759875                    2851.290743                   1.000000e+30                   3.000000e+10                      17.000000
                -544941.364874                    2851.290743                   1.000000e+30                   3.000000e+10                      17.000000
                -567462.969873                    2851.290743                   1.000000e+30                   3.000000e+10                      17.000000
                -589984.574871                    2851.290743                   1.000000e+30                   3.000000e+10                      17.000000
                -612506.179870                    2851.290743                   1.000000e+30                   3.000000e+10                      17.000000
                -635027.784869                    2851.290743                   1.000000e+30                   3.000000e+10                      17.000000
                -657549.389868                    2851.290743                   1.000000e+30                   3.000000e+10                      17.000000
                -680070.994867                    2851.290743                   1.000000e+30                   3.000000e+10                      17.000000
                -702592.599866                    2851.290743                   1.000000e+30                   3.000000e+10                      17.000000
                -725114.204865                    2851.290743                   1.000000e+30                   3.000000e+10                      17.000000
                -747635.809864                    2851.290743                   1.000000e+30                   3.000000e+10                      17.000000
                -770157.414863                    2851.290743                   1.000000e+30                   3.000000e+10                      17.000000
                -792679.019861                    2851.290743                   1.000000e+30                   3.000000e+10                      17.000000
                -815200.624860                    2851.290743                   1.000000e+30                   3.000000e+10                      17.000000
                -837722.229859                    2851.290743                   1.000000e+30                   3.000000e+10                      17.000000
                -860243.834858                    2851.290743                   1.000000e+30                   3.000000e+10                      17.000000
                -882765.439857                    2851.290743                   1.000000e+30                   3.000000e+10                      17.000000
                -905287.044856                    2851.290743                   1.000000e+30                   3.000000e+10                      17.000000
                -905287.044856                    3300.000000                   1.000000e+30                   5.000000e+10                      22.000000
                -898269.238307                    3300.000000                   1.000000e+30                   5.000000e+10                      22.000000
                -891251.431757                    3300.000000                   1.000000e+30                   5.000000e+10                      22.000000
                -884233.625208                    3300.000000                   1.000000e+30                   5.000000e+10                      22.000000
                -877215.818659                    3300.000000                   1.000000e+30                   5.000000e+10                      22.000000
                -870198.012109                    3300.000000                   1.000000e+30                   5.000000e+10                      22.000000
                -863180.205560                    3300.000000                   1.000000e+30                   5.000000e+10                      22.000000
                -856162.399011                    3300.000000                   1.000000e+30                   5.000000e+10                      22.000000
                -849144.592462                    3300.000000                   1.000000e+30                   5.000000e+10                      22.000000
                -842126.785912                    3300.000000                   1.000000e+30                   5.000000e+10                      22.000000
                -835108.979363                    3300.000000                   1.000000e+30                   5.000000e+10                      22.000000
                -828091.172814                    3300.000000                   1.000000e+30                   5.000000e+10                      22.000000
                -821073.366265                    3300.000000                   1.000000e+30                   5.000000e+10                      22.000000
                -814055.559715                    3300.000000                   1.000000e+30                   5.000000e+10                      22.000000
                -807037.753166                    3300.000000                   1.000000e+30                   5.000000e+10                      22.000000
                -800019.946617                    3300.000000                   1.000000e+30                   5.000000e+10                      22.000000
                -793002.140068                    3300.000000                   1.000000e+30                   5.000000e+10                      22.000000
                -785984.333518                    3300.000000                   1.000000e+30                   5.000000e+10                      22.000000
                -778966.526969                    3300.000000                   1.000000e+30                   5.000000e+10                      22.000000
                -771948.720420                    3300.000000                   1.000000e+30                   5.000000e+10                      22.000000
                -764930.913870                    3300.000000                   1.000000e+30                   5.000000e+10                      22.000000
                -757913.107321                    3300.000000                   1.000000e+30                   5.000000e+10                      22.000000
                -750895.300772                    3300.000000                   1.000000e+30                   5.000000e+10                      22.000000
                -743877.494223                    3300.000000                   1.000000e+30                   5.000000e+10                      22.000000
                -736859.687673                    3300.000000                   1.000000e+30                   5.000000e+10                      22.000000
                -729841.881124                    3300.000000                   1.000000e+30                   5.000000e+10                      22.000000
                -722824.074575                    3300.000000                   1.000000e+30                   5.000000e+10                      22.000000
                -715806.268026                    3300.000000                   1.000000e+30                   5.000000e+10                      22.000000
                -708788.461476                    3300.000000                   1.000000e+30                   5.000000e+10                      22.000000
                -701770.654927                    3300.000000                   1.000000e+30                   5.000000e+10                      22.000000
                -694752.848378                    3300.000000                   1.000000e+30                   5.000000e+10                      22.000000
                -687735.041828                    3300.000000                   1.000000e+30                   5.000000e+10                      22.000000
                -680717.235279                    3300.000000                   1.000000e+30                   5.000000e+10                      22.000000
                -673699.428730                    3300.000000                   1.000000e+30                   5.000000e+10                      22.000000
                -666681.622181                    3300.000000                   1.000000e+30                   5.000000e+10                      22.000000
                -659663.815631                    3300.000000                   1.000000e+30                   5.000000e+10                      22.000000
                -652646.009082                    3300.000000                   1.000000e+30                   5.000000e+10                      22.000000
                -645628.202533                    3300.000000                   1.000000e+30                   5.000000e+10                      22.000000
                -638610.395984                    3300.000000                   1.000000e+30                   5.000000e+10                      22.000000
                -631592.589434                    3300.000000                   1.000000e+30                   5.000000e+10                      22.000000
                -624574.782885                    3300.000000                   1.000000e+30                   5.000000e+10                      22.000000
                -617556.976336                    3300.000000                   1.000000e+30                   5.000000e+10                      22.000000
                -610539.169786                    3300.000000                   1.000000e+30                   5.000000e+10                      22.000000
                -603521.363237                    3300.000000                   1.000000e+30                   5.000000e+10                      22.000000
                -596503.556688                    3300.000000                   1.000000e+30                   5.000000e+10                      22.000000
                -589485.750139                    3300.000000                   1.000000e+30                   5.000000e+10                      22.000000
                -582467.943589                    3300.000000                   1.000000e+30                   5.000000e+10                      22.000000
                -575450.137040                    3300.000000                   1.000000e+30                   5.000000e+10                      22.000000
                -568432.330491                    3300.000000                   1.000000e+30                   5.000000e+10                      22.000000
                -561414.523942                    3300.000000                   1.000000e+30                   5.000000e+10                      22.000000
                -554396.717392                    3300.000000                   1.000000e+30                   5.000000e+10                      22.000000
                -547378.910843                    3300.000000                   1.000000e+30                   5.000000e+10                      22.000000
                -540361.104294                    3300.000000                   1.000000e+30                   5.000000e+10                      22.000000
                -533343.297745                    3300.000000                   1.000000e+30                   5.000000e+10                      22.000000
                -526325.491195                    3300.000000                   1.000000e+30                   5.000000e+10                      22.000000
                -519307.684646                    3300.000000                   1.000000e+30                   5.000000e+10                      22.000000
                -512289.878097                    3300.000000                   1.000000e+30                   5.000000e+10                      22.000000
                -505272.071547                    3300.000000                   1.000000e+30                   5.000000e+10                      22.000000
                -498254.264998                    3300.000000                   1.000000e+30                   5.000000e+10                      22.000000
                -491236.458449                    3300.000000                   1.000000e+30                   5.000000e+10                      22.000000
                -484218.651900                    3300.000000                   1.000000e+30                   5.000000e+10                      22.000000
                -477200.845350                    3300.000000                   1.000000e+30                   5.000000e+10                      22.000000
                -470183.038801                    3300.000000                   1.000000e+30                   5.000000e+10                      22.000000
                -463165.232252                    3300.000000                   1.000000e+30                   5.000000e+10                      22.000000
                -456147.425703                    3300.000000                   1.000000e+30                   5.000000e+10                      22.000000
                -449129.619153                    3300.000000                   1.000000e+30                   5.000000e+10                      22.000000
                -442111.812604                    3300.000000                   1.000000e+30                   5.000000e+10                      22.000000
                -435094.006055                    3300.000000                   1.000000e+30                   5.000000e+10                      22.000000
                -428076.199505                    3300.000000                   1.000000e+30                   5.000000e+10                      22.000000
                -421058.392956                    3300.000000                   1.000000e+30                   5.000000e+10                      22.000000
                -414040.586407                    3300.000000                   1.000000e+30                   5.000000e+10                      22.000000
                -407022.779858                    3300.000000                   1.000000e+30                   5.000000e+10                      22.000000
                -400004.973308                    3300.000000                   1.000000e+30                   5.000000e+10                      22.000000
                -392987.166759                    3300.000000                   1.000000e+30                   5.000000e+10                      22.000000
                -385969.360210                    3300.000000                   1.000000e+30                   5.000000e+10                      22.000000
                -378951.553661                    3300.000000                   1.000000e+30                   5.000000e+10                      22.000000
                -371933.747111                    3300.000000                   1.000000e+30                   5.000000e+10                      22.000000
                -364915.940562                    3300.000000                   1.000000e+30                   5.000000e+10                      22.000000
                -357898.134013                    3300.000000                   1.000000e+30                   5.000000e+10                      22.000000
                -350880.327464                    3300.000000                   1.000000e+30                   5.000000e+10                      22.000000
                -343862.520914                    3300.000000                   1.000000e+30                   5.000000e+10                      22.000000
                -336844.714365                    3300.000000                   1.000000e+30                   5.000000e+10                      22.000000
                -329826.907816                    3300.000000                   1.000000e+30                   5.000000e+10                      22.000000
                -322809.101266                    3300.000000                   1.000000e+30                   5.000000e+10                      22.000000
                -315791.294717                    3300.000000                   1.000000e+30                   5.000000e+10                      22.000000
                -308773.488168                    3300.000000                   1.000000e+30                   5.000000e+10                      22.000000
                -301755.681619                    3300.000000                   1.000000e+30                   5.000000e+10                      22.000000
                -294737.875069                    3300.000000                   1.000000e+30                   5.000000e+10                      22.000000
                -287720.068520                    3300.000000                   1.000000e+30                   5.000000e+10                      22.000000
                -280702.261971                    3300.000000                   1.000000e+30                   5.000000e+10                      22.000000
                -273684.455422                    3300.000000                   1.000000e+30                   5.000000e+10                      22.000000
                -266666.648872                    3300.000000                   1.000000e+30                   5.000000e+10                      22.000000
                -259648.842323                    3300.000000                   1.000000e+30                   5.000000e+10                      22.000000
                -252631.035774                    3300.000000                   1.000000e+30                   5.000000e+10                      22.000000
                -245613.229224                    3300.000000                   1.000000e+30                   5.000000e+10                      22.000000
                -238595.422675                    3300.000000                   1.000000e+30                   5.000000e+10                      22.000000
                -231577.616126                    3300.000000                   1.000000e+30                   5.000000e+10                      22.000000
                -224559.809577                    3300.000000                   1.000000e+30                   5.000000e+10                      22.000000
                -217542.003027                    3300.000000                   1.000000e+30                   5.000000e+10                      22.000000
                -210524.196478                    3300.000000                   1.000000e+30                   5.000000e+10                      22.000000
                -203506.389929                    3300.000000                   1.000000e+30                   5.000000e+10                      22.000000
                -196488.583380                    3300.000000                   1.000000e+30                   5.000000e+10                      22.000000
                -189470.776830                    3300.000000                   1.000000e+30                   5.000000e+10                      22.000000
                -182452.970281                    3300.000000                   1.000000e+30                   5.000000e+10                      22.000000
                -175435.163732                    3300.000000                   1.000000e+30                   5.000000e+10                      22.000000
                -168417.357182                    3300.000000                   1.000000e+30                   5.000000e+10                      22.000000
                -161399.550633                    3300.000000                   1.000000e+30                   5.000000e+10                      22.000000
                -154381.744084                    3300.000000                   1.000000e+30                   5.000000e+10                      22.000000
                -147363.937535                    3300.000000                   1.000000e+30                   5.000000e+10                      22.000000
                -140346.130985                    3300.000000                   1.000000e+30                   5.000000e+10                      22.000000
                -133328.324436                    3300.000000                   1.000000e+30                   5.000000e+10                      22.000000
                -126310.517887                    3300.000000                   1.000000e+30                   5.000000e+10                      22.000000
                -119292.711338                    3300.000000                   1.000000e+30                   5.000000e+10                      22.000000
                -112274.904788                    3300.000000                   1.000000e+30                   5.000000e+10                      22.000000
                -105257.098239                    3300.000000                   1.000000e+30                   5.000000e+10                      22.000000
                 -98239.291690                    3300.000000                   1.000000e+30                   5.000000e+10                      22.000000
                 -91221.485141                    3300.000000                   1.000000e+30                   5.000000e+10                      22.000000
                 -84203.678591                    3300.000000                   1.000000e+30                   5.000000e+10                      22.000000
                 -77185.872042                    3300.000000                   1.000000e+30                   5.000000e+10                      22.000000
                 -70168.065493                    3300.000000                   1.000000e+30                   5.000000e+10                      22.000000
                 -63150.258943                    3300.000000                   1.000000e+30                   5.000000e+10                      22.000000
                 -56132.452394                    3300.000000                   1.000000e+30                   5.000000e+10                      22.000000
                 -49114.645845                    3300.000000                   1.000000e+30                   5.000000e+10                      22.000000
                 -42096.839296                    3300.000000                   1.000000e+30                   5.000000e+10                      22.000000
                 -35079.032746                    3300.000000                   1.000000e+30                   5.000000e+10                      22.000000
                 -28061.226197                    3300.000000                   1.000000e+30                   5.000000e+10                      22.000000
                 -21043.419648                    3300.000000                   1.000000e+30                   5.000000e+10                      22.000000
                 -14025.613099                    3300.000000                   1.000000e+30                   5.000000e+10                      22.000000
                  -7007.806549                    3300.000000                   1.000000e+30                   5.000000e+10                      22.000000
                     10.000000                    3300.000000                   1.000000e+30                   5.000000e+10                      22.000000
