                   #Radius (m)               Density (kg/m^3)              Bulk modulus (Pa)             Shear modulus (Pa)               Viscosity (Pa.s)
                2575000.000000                     930.000000                   1.000000e+30                   3.500000e+09                      24.000000
                2574999.710145                     930.000000                   1.000000e+30                   3.500000e+09                      24.000000
                2574999.420290                     930.000000                   1.000000e+30                   3.500000e+09                      24.000000
                2574999.130435                     930.000000                   1.000000e+30                   3.500000e+09                      24.000000
                2574998.840580                     930.000000                   1.000000e+30                   3.500000e+09                      24.000000
                2574998.550725                     930.000000                   1.000000e+30                   3.500000e+09                      24.000000
                2574998.260870                     930.000000                   1.000000e+30                   3.500000e+09                      24.000000
                2574997.971014                     930.000000                   1.000000e+30                   3.500000e+09                      24.000000
                2574997.681159                     930.000000                   1.000000e+30                   3.500000e+09                      24.000000
                2574997.391304                     930.000000                   1.000000e+30                   3.500000e+09                      24.000000
                2574997.101449                     930.000000                   1.000000e+30                   3.500000e+09                      24.000000
                2574996.811594                     930.000000                   1.000000e+30                   3.500000e+09                      24.000000
                2574996.521739                     930.000000                   1.000000e+30                   3.500000e+09                      24.000000
                2574996.231884                     930.000000                   1.000000e+30                   3.500000e+09                      24.000000
                2574995.942029                     930.000000                   1.000000e+30                   3.500000e+09                      24.000000
                2574995.652174                     930.000000                   1.000000e+30                   3.500000e+09                      24.000000
                2574995.362319                     930.000000                   1.000000e+30                   3.500000e+09                      24.000000
                2574995.072464                     930.000000                   1.000000e+30                   3.500000e+09                      24.000000
                2574994.782609                     930.000000                   1.000000e+30                   3.500000e+09                      24.000000
                2574994.492754                     930.000000                   1.000000e+30                   3.500000e+09                      24.000000
                2574994.202899                     930.000000                   1.000000e+30                   3.500000e+09                      24.000000
                2574993.913043                     930.000000                   1.000000e+30                   3.500000e+09                      24.000000
                2574993.623188                     930.000000                   1.000000e+30                   3.500000e+09                      24.000000
                2574993.333333                     930.000000                   1.000000e+30                   3.500000e+09                      24.000000
                2574993.043478                     930.000000                   1.000000e+30                   3.500000e+09                      24.000000
                2574992.753623                     930.000000                   1.000000e+30                   3.500000e+09                      24.000000
                2574992.463768                     930.000000                   1.000000e+30                   3.500000e+09                      24.000000
                2574992.173913                     930.000000                   1.000000e+30                   3.500000e+09                      24.000000
                2574991.884058                     930.000000                   1.000000e+30                   3.500000e+09                      24.000000
                2574991.594203                     930.000000                   1.000000e+30                   3.500000e+09                      24.000000
                2574991.304348                     930.000000                   1.000000e+30                   3.500000e+09                      24.000000
                2574991.014493                     930.000000                   1.000000e+30                   3.500000e+09                      24.000000
                2574990.724638                     930.000000                   1.000000e+30                   3.500000e+09                      24.000000
                2574990.434783                     930.000000                   1.000000e+30                   3.500000e+09                      24.000000
                2574990.144928                     930.000000                   1.000000e+30                   3.500000e+09                      24.000000
                2574989.855072                     930.000000                   1.000000e+30                   3.500000e+09                      24.000000
                2574989.565217                     930.000000                   1.000000e+30                   3.500000e+09                      24.000000
                2574989.275362                     930.000000                   1.000000e+30                   3.500000e+09                      24.000000
                2574988.985507                     930.000000                   1.000000e+30                   3.500000e+09                      24.000000
                2574988.695652                     930.000000                   1.000000e+30                   3.500000e+09                      24.000000
                2574988.405797                     930.000000                   1.000000e+30                   3.500000e+09                      24.000000
                2574988.115942                     930.000000                   1.000000e+30                   3.500000e+09                      24.000000
                2574987.826087                     930.000000                   1.000000e+30                   3.500000e+09                      24.000000
                2574987.536232                     930.000000                   1.000000e+30                   3.500000e+09                      24.000000
                2574987.246377                     930.000000                   1.000000e+30                   3.500000e+09                      24.000000
                2574986.956522                     930.000000                   1.000000e+30                   3.500000e+09                      24.000000
                2574986.666667                     930.000000                   1.000000e+30                   3.500000e+09                      24.000000
                2574986.376812                     930.000000                   1.000000e+30                   3.500000e+09                      24.000000
                2574986.086957                     930.000000                   1.000000e+30                   3.500000e+09                      24.000000
                2574985.797101                     930.000000                   1.000000e+30                   3.500000e+09                      24.000000
                2574985.507246                     930.000000                   1.000000e+30                   3.500000e+09                      24.000000
                2574985.217391                     930.000000                   1.000000e+30                   3.500000e+09                      24.000000
                2574984.927536                     930.000000                   1.000000e+30                   3.500000e+09                      24.000000
                2574984.637681                     930.000000                   1.000000e+30                   3.500000e+09                      24.000000
                2574984.347826                     930.000000                   1.000000e+30                   3.500000e+09                      24.000000
                2574984.057971                     930.000000                   1.000000e+30                   3.500000e+09                      24.000000
                2574983.768116                     930.000000                   1.000000e+30                   3.500000e+09                      24.000000
                2574983.478261                     930.000000                   1.000000e+30                   3.500000e+09                      24.000000
                2574983.188406                     930.000000                   1.000000e+30                   3.500000e+09                      24.000000
                2574982.898551                     930.000000                   1.000000e+30                   3.500000e+09                      24.000000
                2574982.608696                     930.000000                   1.000000e+30                   3.500000e+09                      24.000000
                2574982.318841                     930.000000                   1.000000e+30                   3.500000e+09                      24.000000
                2574982.028986                     930.000000                   1.000000e+30                   3.500000e+09                      24.000000
                2574981.739130                     930.000000                   1.000000e+30                   3.500000e+09                      24.000000
                2574981.449275                     930.000000                   1.000000e+30                   3.500000e+09                      24.000000
                2574981.159420                     930.000000                   1.000000e+30                   3.500000e+09                      24.000000
                2574980.869565                     930.000000                   1.000000e+30                   3.500000e+09                      24.000000
                2574980.579710                     930.000000                   1.000000e+30                   3.500000e+09                      24.000000
                2574980.289855                     930.000000                   1.000000e+30                   3.500000e+09                      24.000000
                2574980.000000                     930.000000                   1.000000e+30                   3.500000e+09                      24.000000
                2574980.000000                     930.000000                   1.000000e+30                   3.500000e+09                      15.000000
                2573685.581395                     930.000000                   1.000000e+30                   3.500000e+09                      15.000000
                2572391.162791                     930.000000                   1.000000e+30                   3.500000e+09                      15.000000
                2571096.744186                     930.000000                   1.000000e+30                   3.500000e+09                      15.000000
                2569802.325581                     930.000000                   1.000000e+30                   3.500000e+09                      15.000000
                2568507.906977                     930.000000                   1.000000e+30                   3.500000e+09                      15.000000
                2567213.488372                     930.000000                   1.000000e+30                   3.500000e+09                      15.000000
                2565919.069767                     930.000000                   1.000000e+30                   3.500000e+09                      15.000000
                2564624.651163                     930.000000                   1.000000e+30                   3.500000e+09                      15.000000
                2563330.232558                     930.000000                   1.000000e+30                   3.500000e+09                      15.000000
                2562035.813953                     930.000000                   1.000000e+30                   3.500000e+09                      15.000000
                2560741.395349                     930.000000                   1.000000e+30                   3.500000e+09                      15.000000
                2559446.976744                     930.000000                   1.000000e+30                   3.500000e+09                      15.000000
                2558152.558140                     930.000000                   1.000000e+30                   3.500000e+09                      15.000000
                2556858.139535                     930.000000                   1.000000e+30                   3.500000e+09                      15.000000
                2555563.720930                     930.000000                   1.000000e+30                   3.500000e+09                      15.000000
                2554269.302326                     930.000000                   1.000000e+30                   3.500000e+09                      15.000000
                2552974.883721                     930.000000                   1.000000e+30                   3.500000e+09                      15.000000
                2551680.465116                     930.000000                   1.000000e+30                   3.500000e+09                      15.000000
                2550386.046512                     930.000000                   1.000000e+30                   3.500000e+09                      15.000000
                2549091.627907                     930.000000                   1.000000e+30                   3.500000e+09                      15.000000
                2547797.209302                     930.000000                   1.000000e+30                   3.500000e+09                      15.000000
                2546502.790698                     930.000000                   1.000000e+30                   3.500000e+09                      15.000000
                2545208.372093                     930.000000                   1.000000e+30                   3.500000e+09                      15.000000
                2543913.953488                     930.000000                   1.000000e+30                   3.500000e+09                      15.000000
                2542619.534884                     930.000000                   1.000000e+30                   3.500000e+09                      15.000000
                2541325.116279                     930.000000                   1.000000e+30                   3.500000e+09                      15.000000
                2540030.697674                     930.000000                   1.000000e+30                   3.500000e+09                      15.000000
                2538736.279070                     930.000000                   1.000000e+30                   3.500000e+09                      15.000000
                2537441.860465                     930.000000                   1.000000e+30                   3.500000e+09                      15.000000
                2536147.441860                     930.000000                   1.000000e+30                   3.500000e+09                      15.000000
                2534853.023256                     930.000000                   1.000000e+30                   3.500000e+09                      15.000000
                2533558.604651                     930.000000                   1.000000e+30                   3.500000e+09                      15.000000
                2532264.186047                     930.000000                   1.000000e+30                   3.500000e+09                      15.000000
                2530969.767442                     930.000000                   1.000000e+30                   3.500000e+09                      15.000000
                2529675.348837                     930.000000                   1.000000e+30                   3.500000e+09                      15.000000
                2528380.930233                     930.000000                   1.000000e+30                   3.500000e+09                      15.000000
                2527086.511628                     930.000000                   1.000000e+30                   3.500000e+09                      15.000000
                2525792.093023                     930.000000                   1.000000e+30                   3.500000e+09                      15.000000
                2524497.674419                     930.000000                   1.000000e+30                   3.500000e+09                      15.000000
                2523203.255814                     930.000000                   1.000000e+30                   3.500000e+09                      15.000000
                2521908.837209                     930.000000                   1.000000e+30                   3.500000e+09                      15.000000
                2520614.418605                     930.000000                   1.000000e+30                   3.500000e+09                      15.000000
                2519320.000000                     930.000000                   1.000000e+30                   3.500000e+09                      15.000000
                2518025.581395                     930.000000                   1.000000e+30                   3.500000e+09                      15.000000
                2516731.162791                     930.000000                   1.000000e+30                   3.500000e+09                      15.000000
                2515436.744186                     930.000000                   1.000000e+30                   3.500000e+09                      15.000000
                2514142.325581                     930.000000                   1.000000e+30                   3.500000e+09                      15.000000
                2512847.906977                     930.000000                   1.000000e+30                   3.500000e+09                      15.000000
                2511553.488372                     930.000000                   1.000000e+30                   3.500000e+09                      15.000000
                2510259.069767                     930.000000                   1.000000e+30                   3.500000e+09                      15.000000
                2508964.651163                     930.000000                   1.000000e+30                   3.500000e+09                      15.000000
                2507670.232558                     930.000000                   1.000000e+30                   3.500000e+09                      15.000000
                2506375.813953                     930.000000                   1.000000e+30                   3.500000e+09                      15.000000
                2505081.395349                     930.000000                   1.000000e+30                   3.500000e+09                      15.000000
                2503786.976744                     930.000000                   1.000000e+30                   3.500000e+09                      15.000000
                2502492.558140                     930.000000                   1.000000e+30                   3.500000e+09                      15.000000
                2501198.139535                     930.000000                   1.000000e+30                   3.500000e+09                      15.000000
                2499903.720930                     930.000000                   1.000000e+30                   3.500000e+09                      15.000000
                2498609.302326                     930.000000                   1.000000e+30                   3.500000e+09                      15.000000
                2497314.883721                     930.000000                   1.000000e+30                   3.500000e+09                      15.000000
                2496020.465116                     930.000000                   1.000000e+30                   3.500000e+09                      15.000000
                2494726.046512                     930.000000                   1.000000e+30                   3.500000e+09                      15.000000
                2493431.627907                     930.000000                   1.000000e+30                   3.500000e+09                      15.000000
                2492137.209302                     930.000000                   1.000000e+30                   3.500000e+09                      15.000000
                2490842.790698                     930.000000                   1.000000e+30                   3.500000e+09                      15.000000
                2489548.372093                     930.000000                   1.000000e+30                   3.500000e+09                      15.000000
                2488253.953488                     930.000000                   1.000000e+30                   3.500000e+09                      15.000000
                2486959.534884                     930.000000                   1.000000e+30                   3.500000e+09                      15.000000
                2485665.116279                     930.000000                   1.000000e+30                   3.500000e+09                      15.000000
                2484370.697674                     930.000000                   1.000000e+30                   3.500000e+09                      15.000000
                2483076.279070                     930.000000                   1.000000e+30                   3.500000e+09                      15.000000
                2481781.860465                     930.000000                   1.000000e+30                   3.500000e+09                      15.000000
                2480487.441860                     930.000000                   1.000000e+30                   3.500000e+09                      15.000000
                2479193.023256                     930.000000                   1.000000e+30                   3.500000e+09                      15.000000
                2477898.604651                     930.000000                   1.000000e+30                   3.500000e+09                      15.000000
                2476604.186047                     930.000000                   1.000000e+30                   3.500000e+09                      15.000000
                2475309.767442                     930.000000                   1.000000e+30                   3.500000e+09                      15.000000
                2474015.348837                     930.000000                   1.000000e+30                   3.500000e+09                      15.000000
                2472720.930233                     930.000000                   1.000000e+30                   3.500000e+09                      15.000000
                2471426.511628                     930.000000                   1.000000e+30                   3.500000e+09                      15.000000
                2470132.093023                     930.000000                   1.000000e+30                   3.500000e+09                      15.000000
                2468837.674419                     930.000000                   1.000000e+30                   3.500000e+09                      15.000000
                2467543.255814                     930.000000                   1.000000e+30                   3.500000e+09                      15.000000
                2466248.837209                     930.000000                   1.000000e+30                   3.500000e+09                      15.000000
                2464954.418605                     930.000000                   1.000000e+30                   3.500000e+09                      15.000000
                2463660.000000                     930.000000                   1.000000e+30                   3.500000e+09                      15.000000
                2462365.581395                     930.000000                   1.000000e+30                   3.500000e+09                      15.000000
                2461071.162791                     930.000000                   1.000000e+30                   3.500000e+09                      15.000000
                2459776.744186                     930.000000                   1.000000e+30                   3.500000e+09                      15.000000
                2458482.325581                     930.000000                   1.000000e+30                   3.500000e+09                      15.000000
                2457187.906977                     930.000000                   1.000000e+30                   3.500000e+09                      15.000000
                2455893.488372                     930.000000                   1.000000e+30                   3.500000e+09                      15.000000
                2454599.069767                     930.000000                   1.000000e+30                   3.500000e+09                      15.000000
                2453304.651163                     930.000000                   1.000000e+30                   3.500000e+09                      15.000000
                2452010.232558                     930.000000                   1.000000e+30                   3.500000e+09                      15.000000
                2450715.813953                     930.000000                   1.000000e+30                   3.500000e+09                      15.000000
                2449421.395349                     930.000000                   1.000000e+30                   3.500000e+09                      15.000000
                2448126.976744                     930.000000                   1.000000e+30                   3.500000e+09                      15.000000
                2446832.558140                     930.000000                   1.000000e+30                   3.500000e+09                      15.000000
                2445538.139535                     930.000000                   1.000000e+30                   3.500000e+09                      15.000000
                2444243.720930                     930.000000                   1.000000e+30                   3.500000e+09                      15.000000
                2442949.302326                     930.000000                   1.000000e+30                   3.500000e+09                      15.000000
                2441654.883721                     930.000000                   1.000000e+30                   3.500000e+09                      15.000000
                2440360.465116                     930.000000                   1.000000e+30                   3.500000e+09                      15.000000
                2439066.046512                     930.000000                   1.000000e+30                   3.500000e+09                      15.000000
                2437771.627907                     930.000000                   1.000000e+30                   3.500000e+09                      15.000000
                2436477.209302                     930.000000                   1.000000e+30                   3.500000e+09                      15.000000
                2435182.790698                     930.000000                   1.000000e+30                   3.500000e+09                      15.000000
                2433888.372093                     930.000000                   1.000000e+30                   3.500000e+09                      15.000000
                2432593.953488                     930.000000                   1.000000e+30                   3.500000e+09                      15.000000
                2431299.534884                     930.000000                   1.000000e+30                   3.500000e+09                      15.000000
                2430005.116279                     930.000000                   1.000000e+30                   3.500000e+09                      15.000000
                2428710.697674                     930.000000                   1.000000e+30                   3.500000e+09                      15.000000
                2427416.279070                     930.000000                   1.000000e+30                   3.500000e+09                      15.000000
                2426121.860465                     930.000000                   1.000000e+30                   3.500000e+09                      15.000000
                2424827.441860                     930.000000                   1.000000e+30                   3.500000e+09                      15.000000
                2423533.023256                     930.000000                   1.000000e+30                   3.500000e+09                      15.000000
                2422238.604651                     930.000000                   1.000000e+30                   3.500000e+09                      15.000000
                2420944.186047                     930.000000                   1.000000e+30                   3.500000e+09                      15.000000
                2419649.767442                     930.000000                   1.000000e+30                   3.500000e+09                      15.000000
                2418355.348837                     930.000000                   1.000000e+30                   3.500000e+09                      15.000000
                2417060.930233                     930.000000                   1.000000e+30                   3.500000e+09                      15.000000
                2415766.511628                     930.000000                   1.000000e+30                   3.500000e+09                      15.000000
                2414472.093023                     930.000000                   1.000000e+30                   3.500000e+09                      15.000000
                2413177.674419                     930.000000                   1.000000e+30                   3.500000e+09                      15.000000
                2411883.255814                     930.000000                   1.000000e+30                   3.500000e+09                      15.000000
                2410588.837209                     930.000000                   1.000000e+30                   3.500000e+09                      15.000000
                2409294.418605                     930.000000                   1.000000e+30                   3.500000e+09                      15.000000
                2408000.000000                     930.000000                   1.000000e+30                   3.500000e+09                      15.000000
                2408000.000000                    1100.000000                   1.000000e+30                   0.000000e+00                       2.000000
                2407995.216381                    1100.000000                   1.000000e+30                   0.000000e+00                       2.000000
                2407986.714796                    1100.000000                   1.000000e+30                   0.000000e+00                       2.000000
                2407973.968721                    1100.000000                   1.000000e+30                   0.000000e+00                       2.000000
                2407956.985716                    1100.000000                   1.000000e+30                   0.000000e+00                       2.000000
                2407935.775852                    1100.000000                   1.000000e+30                   0.000000e+00                       2.000000
                2407910.351709                    1100.000000                   1.000000e+30                   0.000000e+00                       2.000000
                2407880.728364                    1100.000000                   1.000000e+30                   0.000000e+00                       2.000000
                2407846.923385                    1100.000000                   1.000000e+30                   0.000000e+00                       2.000000
                2407808.956822                    1100.000000                   1.000000e+30                   0.000000e+00                       2.000000
                2407766.851190                    1100.000000                   1.000000e+30                   0.000000e+00                       2.000000
                2407720.631460                    1100.000000                   1.000000e+30                   0.000000e+00                       2.000000
                2407670.325045                    1100.000000                   1.000000e+30                   0.000000e+00                       2.000000
                2407615.961778                    1100.000000                   1.000000e+30                   0.000000e+00                       2.000000
                2407557.573900                    1100.000000                   1.000000e+30                   0.000000e+00                       2.000000
                2407495.196039                    1100.000000                   1.000000e+30                   0.000000e+00                       2.000000
                2407428.865189                    1100.000000                   1.000000e+30                   0.000000e+00                       2.000000
                2407358.620687                    1100.000000                   1.000000e+30                   0.000000e+00                       2.000000
                2407284.504193                    1100.000000                   1.000000e+30                   0.000000e+00                       2.000000
                2407206.559663                    1100.000000                   1.000000e+30                   0.000000e+00                       2.000000
                2407124.833323                    1100.000000                   1.000000e+30                   0.000000e+00                       2.000000
                2407039.373640                    1100.000000                   1.000000e+30                   0.000000e+00                       2.000000
                2406950.231298                    1100.000000                   1.000000e+30                   0.000000e+00                       2.000000
                2406857.459164                    1100.000000                   1.000000e+30                   0.000000e+00                       2.000000
                2406761.112256                    1100.000000                   1.000000e+30                   0.000000e+00                       2.000000
                2406661.247715                    1100.000000                   1.000000e+30                   0.000000e+00                       2.000000
                2406557.924767                    1100.000000                   1.000000e+30                   0.000000e+00                       2.000000
                2406451.204687                    1100.000000                   1.000000e+30                   0.000000e+00                       2.000000
                2406341.150768                    1100.000000                   1.000000e+30                   0.000000e+00                       2.000000
                2406227.828278                    1100.000000                   1.000000e+30                   0.000000e+00                       2.000000
                2406111.304424                    1100.000000                   1.000000e+30                   0.000000e+00                       2.000000
                2405991.648312                    1100.000000                   1.000000e+30                   0.000000e+00                       2.000000
                2405868.930905                    1100.000000                   1.000000e+30                   0.000000e+00                       2.000000
                2405743.224981                    1100.000000                   1.000000e+30                   0.000000e+00                       2.000000
                2405614.605093                    1100.000000                   1.000000e+30                   0.000000e+00                       2.000000
                2405483.147519                    1100.000000                   1.000000e+30                   0.000000e+00                       2.000000
                2405348.930222                    1100.000000                   1.000000e+30                   0.000000e+00                       2.000000
                2405212.032801                    1100.000000                   1.000000e+30                   0.000000e+00                       2.000000
                2405072.536444                    1100.000000                   1.000000e+30                   0.000000e+00                       2.000000
                2404930.523880                    1100.000000                   1.000000e+30                   0.000000e+00                       2.000000
                2404786.079333                    1100.000000                   1.000000e+30                   0.000000e+00                       2.000000
                2404639.288465                    1100.000000                   1.000000e+30                   0.000000e+00                       2.000000
                2404490.238334                    1100.000000                   1.000000e+30                   0.000000e+00                       2.000000
                2404339.017334                    1100.000000                   1.000000e+30                   0.000000e+00                       2.000000
                2404185.715150                    1100.000000                   1.000000e+30                   0.000000e+00                       2.000000
                2404030.422697                    1100.000000                   1.000000e+30                   0.000000e+00                       2.000000
                2403873.232075                    1100.000000                   1.000000e+30                   0.000000e+00                       2.000000
                2403714.236506                    1100.000000                   1.000000e+30                   0.000000e+00                       2.000000
                2403553.530285                    1100.000000                   1.000000e+30                   0.000000e+00                       2.000000
                2403391.208720                    1100.000000                   1.000000e+30                   0.000000e+00                       2.000000
                2403227.368078                    1100.000000                   1.000000e+30                   0.000000e+00                       2.000000
                2403062.105526                    1100.000000                   1.000000e+30                   0.000000e+00                       2.000000
                2402895.519074                    1100.000000                   1.000000e+30                   0.000000e+00                       2.000000
                2402727.707519                    1100.000000                   1.000000e+30                   0.000000e+00                       2.000000
                2402558.770382                    1100.000000                   1.000000e+30                   0.000000e+00                       2.000000
                2402388.807855                    1100.000000                   1.000000e+30                   0.000000e+00                       2.000000
                2402217.920734                    1100.000000                   1.000000e+30                   0.000000e+00                       2.000000
                2402046.210366                    1100.000000                   1.000000e+30                   0.000000e+00                       2.000000
                2401873.778586                    1100.000000                   1.000000e+30                   0.000000e+00                       2.000000
                2401700.727656                    1100.000000                   1.000000e+30                   0.000000e+00                       2.000000
                2401527.160205                    1100.000000                   1.000000e+30                   0.000000e+00                       2.000000
                2401353.179171                    1100.000000                   1.000000e+30                   0.000000e+00                       2.000000
                2401178.887734                    1100.000000                   1.000000e+30                   0.000000e+00                       2.000000
                2401004.389259                    1100.000000                   1.000000e+30                   0.000000e+00                       2.000000
                2400829.787234                    1100.000000                   1.000000e+30                   0.000000e+00                       2.000000
                2400655.185209                    1100.000000                   1.000000e+30                   0.000000e+00                       2.000000
                2400480.686734                    1100.000000                   1.000000e+30                   0.000000e+00                       2.000000
                2400306.395297                    1100.000000                   1.000000e+30                   0.000000e+00                       2.000000
                2400132.414263                    1100.000000                   1.000000e+30                   0.000000e+00                       2.000000
                2399958.846812                    1100.000000                   1.000000e+30                   0.000000e+00                       2.000000
                2399785.795882                    1100.000000                   1.000000e+30                   0.000000e+00                       2.000000
                2399613.364102                    1100.000000                   1.000000e+30                   0.000000e+00                       2.000000
                2399441.653734                    1100.000000                   1.000000e+30                   0.000000e+00                       2.000000
                2399270.766613                    1100.000000                   1.000000e+30                   0.000000e+00                       2.000000
                2399100.804086                    1100.000000                   1.000000e+30                   0.000000e+00                       2.000000
                2398931.866949                    1100.000000                   1.000000e+30                   0.000000e+00                       2.000000
                2398764.055394                    1100.000000                   1.000000e+30                   0.000000e+00                       2.000000
                2398597.468942                    1100.000000                   1.000000e+30                   0.000000e+00                       2.000000
                2398432.206390                    1100.000000                   1.000000e+30                   0.000000e+00                       2.000000
                2398268.365748                    1100.000000                   1.000000e+30                   0.000000e+00                       2.000000
                2398106.044183                    1100.000000                   1.000000e+30                   0.000000e+00                       2.000000
                2397945.337962                    1100.000000                   1.000000e+30                   0.000000e+00                       2.000000
                2397786.342393                    1100.000000                   1.000000e+30                   0.000000e+00                       2.000000
                2397629.151771                    1100.000000                   1.000000e+30                   0.000000e+00                       2.000000
                2397473.859319                    1100.000000                   1.000000e+30                   0.000000e+00                       2.000000
                2397320.557134                    1100.000000                   1.000000e+30                   0.000000e+00                       2.000000
                2397169.336134                    1100.000000                   1.000000e+30                   0.000000e+00                       2.000000
                2397020.286003                    1100.000000                   1.000000e+30                   0.000000e+00                       2.000000
                2396873.495135                    1100.000000                   1.000000e+30                   0.000000e+00                       2.000000
                2396729.050588                    1100.000000                   1.000000e+30                   0.000000e+00                       2.000000
                2396587.038024                    1100.000000                   1.000000e+30                   0.000000e+00                       2.000000
                2396447.541667                    1100.000000                   1.000000e+30                   0.000000e+00                       2.000000
                2396310.644246                    1100.000000                   1.000000e+30                   0.000000e+00                       2.000000
                2396176.426949                    1100.000000                   1.000000e+30                   0.000000e+00                       2.000000
                2396044.969375                    1100.000000                   1.000000e+30                   0.000000e+00                       2.000000
                2395916.349487                    1100.000000                   1.000000e+30                   0.000000e+00                       2.000000
                2395790.643563                    1100.000000                   1.000000e+30                   0.000000e+00                       2.000000
                2395667.926156                    1100.000000                   1.000000e+30                   0.000000e+00                       2.000000
                2395548.270044                    1100.000000                   1.000000e+30                   0.000000e+00                       2.000000
                2395431.746190                    1100.000000                   1.000000e+30                   0.000000e+00                       2.000000
                2395318.423700                    1100.000000                   1.000000e+30                   0.000000e+00                       2.000000
                2395208.369781                    1100.000000                   1.000000e+30                   0.000000e+00                       2.000000
                2395101.649701                    1100.000000                   1.000000e+30                   0.000000e+00                       2.000000
                2394998.326753                    1100.000000                   1.000000e+30                   0.000000e+00                       2.000000
                2394898.462212                    1100.000000                   1.000000e+30                   0.000000e+00                       2.000000
                2394802.115304                    1100.000000                   1.000000e+30                   0.000000e+00                       2.000000
                2394709.343170                    1100.000000                   1.000000e+30                   0.000000e+00                       2.000000
                2394620.200828                    1100.000000                   1.000000e+30                   0.000000e+00                       2.000000
                2394534.741146                    1100.000000                   1.000000e+30                   0.000000e+00                       2.000000
                2394453.014805                    1100.000000                   1.000000e+30                   0.000000e+00                       2.000000
                2394375.070275                    1100.000000                   1.000000e+30                   0.000000e+00                       2.000000
                2394300.953781                    1100.000000                   1.000000e+30                   0.000000e+00                       2.000000
                2394230.709280                    1100.000000                   1.000000e+30                   0.000000e+00                       2.000000
                2394164.378429                    1100.000000                   1.000000e+30                   0.000000e+00                       2.000000
                2394102.000568                    1100.000000                   1.000000e+30                   0.000000e+00                       2.000000
                2394043.612690                    1100.000000                   1.000000e+30                   0.000000e+00                       2.000000
                2393989.249423                    1100.000000                   1.000000e+30                   0.000000e+00                       2.000000
                2393938.943008                    1100.000000                   1.000000e+30                   0.000000e+00                       2.000000
                2393892.723279                    1100.000000                   1.000000e+30                   0.000000e+00                       2.000000
                2393850.617647                    1100.000000                   1.000000e+30                   0.000000e+00                       2.000000
                2393812.651083                    1100.000000                   1.000000e+30                   0.000000e+00                       2.000000
                2393778.846104                    1100.000000                   1.000000e+30                   0.000000e+00                       2.000000
                2393749.222759                    1100.000000                   1.000000e+30                   0.000000e+00                       2.000000
                2393723.798616                    1100.000000                   1.000000e+30                   0.000000e+00                       2.000000
                2393702.588752                    1100.000000                   1.000000e+30                   0.000000e+00                       2.000000
                2393685.605747                    1100.000000                   1.000000e+30                   0.000000e+00                       2.000000
                2393672.859672                    1100.000000                   1.000000e+30                   0.000000e+00                       2.000000
                2393664.358087                    1100.000000                   1.000000e+30                   0.000000e+00                       2.000000
                2393660.106034                    1100.000000                   1.000000e+30                   0.000000e+00                       2.000000
                2393659.574468                    1100.000000                   1.000000e+30                   0.000000e+00                       2.000000
                2393659.574468                    1250.000000                   1.000000e+30                   6.000000e+09                      15.000000
                2390607.949860                    1250.000000                   1.000000e+30                   6.000000e+09                      15.000000
                2387556.325252                    1250.000000                   1.000000e+30                   6.000000e+09                      15.000000
                2384504.700643                    1250.000000                   1.000000e+30                   6.000000e+09                      15.000000
                2381453.076035                    1250.000000                   1.000000e+30                   6.000000e+09                      15.000000
                2378401.451427                    1250.000000                   1.000000e+30                   6.000000e+09                      15.000000
                2375349.826818                    1250.000000                   1.000000e+30                   6.000000e+09                      15.000000
                2372298.202210                    1250.000000                   1.000000e+30                   6.000000e+09                      15.000000
                2369246.577602                    1250.000000                   1.000000e+30                   6.000000e+09                      15.000000
                2366194.952994                    1250.000000                   1.000000e+30                   6.000000e+09                      15.000000
                2363143.328385                    1250.000000                   1.000000e+30                   6.000000e+09                      15.000000
                2360091.703777                    1250.000000                   1.000000e+30                   6.000000e+09                      15.000000
                2357040.079169                    1250.000000                   1.000000e+30                   6.000000e+09                      15.000000
                2353988.454560                    1250.000000                   1.000000e+30                   6.000000e+09                      15.000000
                2350936.829952                    1250.000000                   1.000000e+30                   6.000000e+09                      15.000000
                2347885.205344                    1250.000000                   1.000000e+30                   6.000000e+09                      15.000000
                2344833.580736                    1250.000000                   1.000000e+30                   6.000000e+09                      15.000000
                2341781.956127                    1250.000000                   1.000000e+30                   6.000000e+09                      15.000000
                2338730.331519                    1250.000000                   1.000000e+30                   6.000000e+09                      15.000000
                2335678.706911                    1250.000000                   1.000000e+30                   6.000000e+09                      15.000000
                2332627.082302                    1250.000000                   1.000000e+30                   6.000000e+09                      15.000000
                2329575.457694                    1250.000000                   1.000000e+30                   6.000000e+09                      15.000000
                2326523.833086                    1250.000000                   1.000000e+30                   6.000000e+09                      15.000000
                2323472.208478                    1250.000000                   1.000000e+30                   6.000000e+09                      15.000000
                2320420.583869                    1250.000000                   1.000000e+30                   6.000000e+09                      15.000000
                2317368.959261                    1250.000000                   1.000000e+30                   6.000000e+09                      15.000000
                2314317.334653                    1250.000000                   1.000000e+30                   6.000000e+09                      15.000000
                2311265.710045                    1250.000000                   1.000000e+30                   6.000000e+09                      15.000000
                2308214.085436                    1250.000000                   1.000000e+30                   6.000000e+09                      15.000000
                2305162.460828                    1250.000000                   1.000000e+30                   6.000000e+09                      15.000000
                2302110.836220                    1250.000000                   1.000000e+30                   6.000000e+09                      15.000000
                2299059.211611                    1250.000000                   1.000000e+30                   6.000000e+09                      15.000000
                2296007.587003                    1250.000000                   1.000000e+30                   6.000000e+09                      15.000000
                2292955.962395                    1250.000000                   1.000000e+30                   6.000000e+09                      15.000000
                2289904.337787                    1250.000000                   1.000000e+30                   6.000000e+09                      15.000000
                2286852.713178                    1250.000000                   1.000000e+30                   6.000000e+09                      15.000000
                2283801.088570                    1250.000000                   1.000000e+30                   6.000000e+09                      15.000000
                2280749.463962                    1250.000000                   1.000000e+30                   6.000000e+09                      15.000000
                2277697.839353                    1250.000000                   1.000000e+30                   6.000000e+09                      15.000000
                2274646.214745                    1250.000000                   1.000000e+30                   6.000000e+09                      15.000000
                2271594.590137                    1250.000000                   1.000000e+30                   6.000000e+09                      15.000000
                2268542.965529                    1250.000000                   1.000000e+30                   6.000000e+09                      15.000000
                2265491.340920                    1250.000000                   1.000000e+30                   6.000000e+09                      15.000000
                2262439.716312                    1250.000000                   1.000000e+30                   6.000000e+09                      15.000000
                2259388.091704                    1250.000000                   1.000000e+30                   6.000000e+09                      15.000000
                2256336.467095                    1250.000000                   1.000000e+30                   6.000000e+09                      15.000000
                2253284.842487                    1250.000000                   1.000000e+30                   6.000000e+09                      15.000000
                2250233.217879                    1250.000000                   1.000000e+30                   6.000000e+09                      15.000000
                2247181.593271                    1250.000000                   1.000000e+30                   6.000000e+09                      15.000000
                2244129.968662                    1250.000000                   1.000000e+30                   6.000000e+09                      15.000000
                2241078.344054                    1250.000000                   1.000000e+30                   6.000000e+09                      15.000000
                2238026.719446                    1250.000000                   1.000000e+30                   6.000000e+09                      15.000000
                2234975.094838                    1250.000000                   1.000000e+30                   6.000000e+09                      15.000000
                2231923.470229                    1250.000000                   1.000000e+30                   6.000000e+09                      15.000000
                2228871.845621                    1250.000000                   1.000000e+30                   6.000000e+09                      15.000000
                2225820.221013                    1250.000000                   1.000000e+30                   6.000000e+09                      15.000000
                2222768.596404                    1250.000000                   1.000000e+30                   6.000000e+09                      15.000000
                2219716.971796                    1250.000000                   1.000000e+30                   6.000000e+09                      15.000000
                2216665.347188                    1250.000000                   1.000000e+30                   6.000000e+09                      15.000000
                2213613.722580                    1250.000000                   1.000000e+30                   6.000000e+09                      15.000000
                2210562.097971                    1250.000000                   1.000000e+30                   6.000000e+09                      15.000000
                2207510.473363                    1250.000000                   1.000000e+30                   6.000000e+09                      15.000000
                2204458.848755                    1250.000000                   1.000000e+30                   6.000000e+09                      15.000000
                2201407.224146                    1250.000000                   1.000000e+30                   6.000000e+09                      15.000000
                2198355.599538                    1250.000000                   1.000000e+30                   6.000000e+09                      15.000000
                2195303.974930                    1250.000000                   1.000000e+30                   6.000000e+09                      15.000000
                2192252.350322                    1250.000000                   1.000000e+30                   6.000000e+09                      15.000000
                2189200.725713                    1250.000000                   1.000000e+30                   6.000000e+09                      15.000000
                2186149.101105                    1250.000000                   1.000000e+30                   6.000000e+09                      15.000000
                2183097.476497                    1250.000000                   1.000000e+30                   6.000000e+09                      15.000000
                2180045.851889                    1250.000000                   1.000000e+30                   6.000000e+09                      15.000000
                2176994.227280                    1250.000000                   1.000000e+30                   6.000000e+09                      15.000000
                2173942.602672                    1250.000000                   1.000000e+30                   6.000000e+09                      15.000000
                2170890.978064                    1250.000000                   1.000000e+30                   6.000000e+09                      15.000000
                2167839.353455                    1250.000000                   1.000000e+30                   6.000000e+09                      15.000000
                2164787.728847                    1250.000000                   1.000000e+30                   6.000000e+09                      15.000000
                2161736.104239                    1250.000000                   1.000000e+30                   6.000000e+09                      15.000000
                2158684.479631                    1250.000000                   1.000000e+30                   6.000000e+09                      15.000000
                2155632.855022                    1250.000000                   1.000000e+30                   6.000000e+09                      15.000000
                2152581.230414                    1250.000000                   1.000000e+30                   6.000000e+09                      15.000000
                2149529.605806                    1250.000000                   1.000000e+30                   6.000000e+09                      15.000000
                2146477.981197                    1250.000000                   1.000000e+30                   6.000000e+09                      15.000000
                2143426.356589                    1250.000000                   1.000000e+30                   6.000000e+09                      15.000000
                2140374.731981                    1250.000000                   1.000000e+30                   6.000000e+09                      15.000000
                2137323.107373                    1250.000000                   1.000000e+30                   6.000000e+09                      15.000000
                2134271.482764                    1250.000000                   1.000000e+30                   6.000000e+09                      15.000000
                2131219.858156                    1250.000000                   1.000000e+30                   6.000000e+09                      15.000000
                2128168.233548                    1250.000000                   1.000000e+30                   6.000000e+09                      15.000000
                2125116.608939                    1250.000000                   1.000000e+30                   6.000000e+09                      15.000000
                2122064.984331                    1250.000000                   1.000000e+30                   6.000000e+09                      15.000000
                2119013.359723                    1250.000000                   1.000000e+30                   6.000000e+09                      15.000000
                2115961.735115                    1250.000000                   1.000000e+30                   6.000000e+09                      15.000000
                2112910.110506                    1250.000000                   1.000000e+30                   6.000000e+09                      15.000000
                2109858.485898                    1250.000000                   1.000000e+30                   6.000000e+09                      15.000000
                2106806.861290                    1250.000000                   1.000000e+30                   6.000000e+09                      15.000000
                2103755.236682                    1250.000000                   1.000000e+30                   6.000000e+09                      15.000000
                2100703.612073                    1250.000000                   1.000000e+30                   6.000000e+09                      15.000000
                2097651.987465                    1250.000000                   1.000000e+30                   6.000000e+09                      15.000000
                2094600.362857                    1250.000000                   1.000000e+30                   6.000000e+09                      15.000000
                2091548.738248                    1250.000000                   1.000000e+30                   6.000000e+09                      15.000000
                2088497.113640                    1250.000000                   1.000000e+30                   6.000000e+09                      15.000000
                2085445.489032                    1250.000000                   1.000000e+30                   6.000000e+09                      15.000000
                2082393.864424                    1250.000000                   1.000000e+30                   6.000000e+09                      15.000000
                2079342.239815                    1250.000000                   1.000000e+30                   6.000000e+09                      15.000000
                2076290.615207                    1250.000000                   1.000000e+30                   6.000000e+09                      15.000000
                2073238.990599                    1250.000000                   1.000000e+30                   6.000000e+09                      15.000000
                2070187.365990                    1250.000000                   1.000000e+30                   6.000000e+09                      15.000000
                2067135.741382                    1250.000000                   1.000000e+30                   6.000000e+09                      15.000000
                2064084.116774                    1250.000000                   1.000000e+30                   6.000000e+09                      15.000000
                2061032.492166                    1250.000000                   1.000000e+30                   6.000000e+09                      15.000000
                2057980.867557                    1250.000000                   1.000000e+30                   6.000000e+09                      15.000000
                2054929.242949                    1250.000000                   1.000000e+30                   6.000000e+09                      15.000000
                2051877.618341                    1250.000000                   1.000000e+30                   6.000000e+09                      15.000000
                2048825.993732                    1250.000000                   1.000000e+30                   6.000000e+09                      15.000000
                2045774.369124                    1250.000000                   1.000000e+30                   6.000000e+09                      15.000000
                2042722.744516                    1250.000000                   1.000000e+30                   6.000000e+09                      15.000000
                2039671.119908                    1250.000000                   1.000000e+30                   6.000000e+09                      15.000000
                2036619.495299                    1250.000000                   1.000000e+30                   6.000000e+09                      15.000000
                2033567.870691                    1250.000000                   1.000000e+30                   6.000000e+09                      15.000000
                2030516.246083                    1250.000000                   1.000000e+30                   6.000000e+09                      15.000000
                2027464.621475                    1250.000000                   1.000000e+30                   6.000000e+09                      15.000000
                2024412.996866                    1250.000000                   1.000000e+30                   6.000000e+09                      15.000000
                2021361.372258                    1250.000000                   1.000000e+30                   6.000000e+09                      15.000000
                2018309.747650                    1250.000000                   1.000000e+30                   6.000000e+09                      15.000000
                2015258.123041                    1250.000000                   1.000000e+30                   6.000000e+09                      15.000000
                2012206.498433                    1250.000000                   1.000000e+30                   6.000000e+09                      15.000000
                2009154.873825                    1250.000000                   1.000000e+30                   6.000000e+09                      15.000000
                2006103.249217                    1250.000000                   1.000000e+30                   6.000000e+09                      15.000000
                2003051.624608                    1250.000000                   1.000000e+30                   6.000000e+09                      15.000000
                2000000.000000                    1250.000000                   1.000000e+30                   6.000000e+09                      15.000000
                2000000.000000                    2845.609555                   1.000000e+30                   3.000000e+10                      17.000000
                1978052.294495                    2845.609555                   1.000000e+30                   3.000000e+10                      17.000000
                1956104.588989                    2845.609555                   1.000000e+30                   3.000000e+10                      17.000000
                1934156.883484                    2845.609555                   1.000000e+30                   3.000000e+10                      17.000000
                1912209.177979                    2845.609555                   1.000000e+30                   3.000000e+10                      17.000000
                1890261.472474                    2845.609555                   1.000000e+30                   3.000000e+10                      17.000000
                1868313.766968                    2845.609555                   1.000000e+30                   3.000000e+10                      17.000000
                1846366.061463                    2845.609555                   1.000000e+30                   3.000000e+10                      17.000000
                1824418.355958                    2845.609555                   1.000000e+30                   3.000000e+10                      17.000000
                1802470.650453                    2845.609555                   1.000000e+30                   3.000000e+10                      17.000000
                1780522.944947                    2845.609555                   1.000000e+30                   3.000000e+10                      17.000000
                1758575.239442                    2845.609555                   1.000000e+30                   3.000000e+10                      17.000000
                1736627.533937                    2845.609555                   1.000000e+30                   3.000000e+10                      17.000000
                1714679.828431                    2845.609555                   1.000000e+30                   3.000000e+10                      17.000000
                1692732.122926                    2845.609555                   1.000000e+30                   3.000000e+10                      17.000000
                1670784.417421                    2845.609555                   1.000000e+30                   3.000000e+10                      17.000000
                1648836.711916                    2845.609555                   1.000000e+30                   3.000000e+10                      17.000000
                1626889.006410                    2845.609555                   1.000000e+30                   3.000000e+10                      17.000000
                1604941.300905                    2845.609555                   1.000000e+30                   3.000000e+10                      17.000000
                1582993.595400                    2845.609555                   1.000000e+30                   3.000000e+10                      17.000000
                1561045.889895                    2845.609555                   1.000000e+30                   3.000000e+10                      17.000000
                1539098.184389                    2845.609555                   1.000000e+30                   3.000000e+10                      17.000000
                1517150.478884                    2845.609555                   1.000000e+30                   3.000000e+10                      17.000000
                1495202.773379                    2845.609555                   1.000000e+30                   3.000000e+10                      17.000000
                1473255.067873                    2845.609555                   1.000000e+30                   3.000000e+10                      17.000000
                1451307.362368                    2845.609555                   1.000000e+30                   3.000000e+10                      17.000000
                1429359.656863                    2845.609555                   1.000000e+30                   3.000000e+10                      17.000000
                1407411.951358                    2845.609555                   1.000000e+30                   3.000000e+10                      17.000000
                1385464.245852                    2845.609555                   1.000000e+30                   3.000000e+10                      17.000000
                1363516.540347                    2845.609555                   1.000000e+30                   3.000000e+10                      17.000000
                1341568.834842                    2845.609555                   1.000000e+30                   3.000000e+10                      17.000000
                1319621.129337                    2845.609555                   1.000000e+30                   3.000000e+10                      17.000000
                1297673.423831                    2845.609555                   1.000000e+30                   3.000000e+10                      17.000000
                1275725.718326                    2845.609555                   1.000000e+30                   3.000000e+10                      17.000000
                1253778.012821                    2845.609555                   1.000000e+30                   3.000000e+10                      17.000000
                1231830.307315                    2845.609555                   1.000000e+30                   3.000000e+10                      17.000000
                1209882.601810                    2845.609555                   1.000000e+30                   3.000000e+10                      17.000000
                1187934.896305                    2845.609555                   1.000000e+30                   3.000000e+10                      17.000000
                1165987.190800                    2845.609555                   1.000000e+30                   3.000000e+10                      17.000000
                1144039.485294                    2845.609555                   1.000000e+30                   3.000000e+10                      17.000000
                1122091.779789                    2845.609555                   1.000000e+30                   3.000000e+10                      17.000000
                1100144.074284                    2845.609555                   1.000000e+30                   3.000000e+10                      17.000000
                1078196.368779                    2845.609555                   1.000000e+30                   3.000000e+10                      17.000000
                1056248.663273                    2845.609555                   1.000000e+30                   3.000000e+10                      17.000000
                1034300.957768                    2845.609555                   1.000000e+30                   3.000000e+10                      17.000000
                1012353.252263                    2845.609555                   1.000000e+30                   3.000000e+10                      17.000000
                 990405.546757                    2845.609555                   1.000000e+30                   3.000000e+10                      17.000000
                 968457.841252                    2845.609555                   1.000000e+30                   3.000000e+10                      17.000000
                 946510.135747                    2845.609555                   1.000000e+30                   3.000000e+10                      17.000000
                 924562.430242                    2845.609555                   1.000000e+30                   3.000000e+10                      17.000000
                 902614.724736                    2845.609555                   1.000000e+30                   3.000000e+10                      17.000000
                 880667.019231                    2845.609555                   1.000000e+30                   3.000000e+10                      17.000000
                 858719.313726                    2845.609555                   1.000000e+30                   3.000000e+10                      17.000000
                 836771.608221                    2845.609555                   1.000000e+30                   3.000000e+10                      17.000000
                 814823.902715                    2845.609555                   1.000000e+30                   3.000000e+10                      17.000000
                 792876.197210                    2845.609555                   1.000000e+30                   3.000000e+10                      17.000000
                 770928.491705                    2845.609555                   1.000000e+30                   3.000000e+10                      17.000000
                 748980.786199                    2845.609555                   1.000000e+30                   3.000000e+10                      17.000000
                 727033.080694                    2845.609555                   1.000000e+30                   3.000000e+10                      17.000000
                 705085.375189                    2845.609555                   1.000000e+30                   3.000000e+10                      17.000000
                 683137.669684                    2845.609555                   1.000000e+30                   3.000000e+10                      17.000000
                 661189.964178                    2845.609555                   1.000000e+30                   3.000000e+10                      17.000000
                 639242.258673                    2845.609555                   1.000000e+30                   3.000000e+10                      17.000000
                 617294.553168                    2845.609555                   1.000000e+30                   3.000000e+10                      17.000000
                 595346.847663                    2845.609555                   1.000000e+30                   3.000000e+10                      17.000000
                 573399.142157                    2845.609555                   1.000000e+30                   3.000000e+10                      17.000000
                 551451.436652                    2845.609555                   1.000000e+30                   3.000000e+10                      17.000000
                 529503.731147                    2845.609555                   1.000000e+30                   3.000000e+10                      17.000000
                 507556.025641                    2845.609555                   1.000000e+30                   3.000000e+10                      17.000000
                 485608.320136                    2845.609555                   1.000000e+30                   3.000000e+10                      17.000000
                 463660.614631                    2845.609555                   1.000000e+30                   3.000000e+10                      17.000000
                 441712.909126                    2845.609555                   1.000000e+30                   3.000000e+10                      17.000000
                 419765.203620                    2845.609555                   1.000000e+30                   3.000000e+10                      17.000000
                 397817.498115                    2845.609555                   1.000000e+30                   3.000000e+10                      17.000000
                 375869.792610                    2845.609555                   1.000000e+30                   3.000000e+10                      17.000000
                 353922.087105                    2845.609555                   1.000000e+30                   3.000000e+10                      17.000000
                 331974.381599                    2845.609555                   1.000000e+30                   3.000000e+10                      17.000000
                 310026.676094                    2845.609555                   1.000000e+30                   3.000000e+10                      17.000000
                 288078.970589                    2845.609555                   1.000000e+30                   3.000000e+10                      17.000000
                 266131.265083                    2845.609555                   1.000000e+30                   3.000000e+10                      17.000000
                 244183.559578                    2845.609555                   1.000000e+30                   3.000000e+10                      17.000000
                 222235.854073                    2845.609555                   1.000000e+30                   3.000000e+10                      17.000000
                 200288.148568                    2845.609555                   1.000000e+30                   3.000000e+10                      17.000000
                 178340.443062                    2845.609555                   1.000000e+30                   3.000000e+10                      17.000000
                 156392.737557                    2845.609555                   1.000000e+30                   3.000000e+10                      17.000000
                 134445.032052                    2845.609555                   1.000000e+30                   3.000000e+10                      17.000000
                 112497.326547                    2845.609555                   1.000000e+30                   3.000000e+10                      17.000000
                  90549.621041                    2845.609555                   1.000000e+30                   3.000000e+10                      17.000000
                  68601.915536                    2845.609555                   1.000000e+30                   3.000000e+10                      17.000000
                  46654.210031                    2845.609555                   1.000000e+30                   3.000000e+10                      17.000000
                  24706.504525                    2845.609555                   1.000000e+30                   3.000000e+10                      17.000000
                   2758.799020                    2845.609555                   1.000000e+30                   3.000000e+10                      17.000000
                 -19188.906485                    2845.609555                   1.000000e+30                   3.000000e+10                      17.000000
                 -41136.611990                    2845.609555                   1.000000e+30                   3.000000e+10                      17.000000
                 -63084.317496                    2845.609555                   1.000000e+30                   3.000000e+10                      17.000000
                 -85032.023001                    2845.609555                   1.000000e+30                   3.000000e+10                      17.000000
                -106979.728506                    2845.609555                   1.000000e+30                   3.000000e+10                      17.000000
                -128927.434011                    2845.609555                   1.000000e+30                   3.000000e+10                      17.000000
                -150875.139517                    2845.609555                   1.000000e+30                   3.000000e+10                      17.000000
                -172822.845022                    2845.609555                   1.000000e+30                   3.000000e+10                      17.000000
                -194770.550527                    2845.609555                   1.000000e+30                   3.000000e+10                      17.000000
                -216718.256033                    2845.609555                   1.000000e+30                   3.000000e+10                      17.000000
                -238665.961538                    2845.609555                   1.000000e+30                   3.000000e+10                      17.000000
                -260613.667043                    2845.609555                   1.000000e+30                   3.000000e+10                      17.000000
                -282561.372548                    2845.609555                   1.000000e+30                   3.000000e+10                      17.000000
                -304509.078054                    2845.609555                   1.000000e+30                   3.000000e+10                      17.000000
                -326456.783559                    2845.609555                   1.000000e+30                   3.000000e+10                      17.000000
                -348404.489064                    2845.609555                   1.000000e+30                   3.000000e+10                      17.000000
                -370352.194569                    2845.609555                   1.000000e+30                   3.000000e+10                      17.000000
                -392299.900075                    2845.609555                   1.000000e+30                   3.000000e+10                      17.000000
                -414247.605580                    2845.609555                   1.000000e+30                   3.000000e+10                      17.000000
                -436195.311085                    2845.609555                   1.000000e+30                   3.000000e+10                      17.000000
                -458143.016590                    2845.609555                   1.000000e+30                   3.000000e+10                      17.000000
                -480090.722096                    2845.609555                   1.000000e+30                   3.000000e+10                      17.000000
                -502038.427601                    2845.609555                   1.000000e+30                   3.000000e+10                      17.000000
                -523986.133106                    2845.609555                   1.000000e+30                   3.000000e+10                      17.000000
                -545933.838612                    2845.609555                   1.000000e+30                   3.000000e+10                      17.000000
                -567881.544117                    2845.609555                   1.000000e+30                   3.000000e+10                      17.000000
                -589829.249622                    2845.609555                   1.000000e+30                   3.000000e+10                      17.000000
                -611776.955127                    2845.609555                   1.000000e+30                   3.000000e+10                      17.000000
                -633724.660633                    2845.609555                   1.000000e+30                   3.000000e+10                      17.000000
                -655672.366138                    2845.609555                   1.000000e+30                   3.000000e+10                      17.000000
                -677620.071643                    2845.609555                   1.000000e+30                   3.000000e+10                      17.000000
                -699567.777148                    2845.609555                   1.000000e+30                   3.000000e+10                      17.000000
                -721515.482654                    2845.609555                   1.000000e+30                   3.000000e+10                      17.000000
                -743463.188159                    2845.609555                   1.000000e+30                   3.000000e+10                      17.000000
                -765410.893664                    2845.609555                   1.000000e+30                   3.000000e+10                      17.000000
                -787358.599170                    2845.609555                   1.000000e+30                   3.000000e+10                      17.000000
                -809306.304675                    2845.609555                   1.000000e+30                   3.000000e+10                      17.000000
                -831254.010180                    2845.609555                   1.000000e+30                   3.000000e+10                      17.000000
                -831254.010180                    3300.000000                   1.000000e+30                   5.000000e+10                      22.000000
                -824810.103124                    3300.000000                   1.000000e+30                   5.000000e+10                      22.000000
                -818366.196069                    3300.000000                   1.000000e+30                   5.000000e+10                      22.000000
                -811922.289013                    3300.000000                   1.000000e+30                   5.000000e+10                      22.000000
                -805478.381957                    3300.000000                   1.000000e+30                   5.000000e+10                      22.000000
                -799034.474902                    3300.000000                   1.000000e+30                   5.000000e+10                      22.000000
                -792590.567846                    3300.000000                   1.000000e+30                   5.000000e+10                      22.000000
                -786146.660791                    3300.000000                   1.000000e+30                   5.000000e+10                      22.000000
                -779702.753735                    3300.000000                   1.000000e+30                   5.000000e+10                      22.000000
                -773258.846679                    3300.000000                   1.000000e+30                   5.000000e+10                      22.000000
                -766814.939624                    3300.000000                   1.000000e+30                   5.000000e+10                      22.000000
                -760371.032568                    3300.000000                   1.000000e+30                   5.000000e+10                      22.000000
                -753927.125512                    3300.000000                   1.000000e+30                   5.000000e+10                      22.000000
                -747483.218457                    3300.000000                   1.000000e+30                   5.000000e+10                      22.000000
                -741039.311401                    3300.000000                   1.000000e+30                   5.000000e+10                      22.000000
                -734595.404345                    3300.000000                   1.000000e+30                   5.000000e+10                      22.000000
                -728151.497290                    3300.000000                   1.000000e+30                   5.000000e+10                      22.000000
                -721707.590234                    3300.000000                   1.000000e+30                   5.000000e+10                      22.000000
                -715263.683178                    3300.000000                   1.000000e+30                   5.000000e+10                      22.000000
                -708819.776123                    3300.000000                   1.000000e+30                   5.000000e+10                      22.000000
                -702375.869067                    3300.000000                   1.000000e+30                   5.000000e+10                      22.000000
                -695931.962011                    3300.000000                   1.000000e+30                   5.000000e+10                      22.000000
                -689488.054956                    3300.000000                   1.000000e+30                   5.000000e+10                      22.000000
                -683044.147900                    3300.000000                   1.000000e+30                   5.000000e+10                      22.000000
                -676600.240844                    3300.000000                   1.000000e+30                   5.000000e+10                      22.000000
                -670156.333789                    3300.000000                   1.000000e+30                   5.000000e+10                      22.000000
                -663712.426733                    3300.000000                   1.000000e+30                   5.000000e+10                      22.000000
                -657268.519677                    3300.000000                   1.000000e+30                   5.000000e+10                      22.000000
                -650824.612622                    3300.000000                   1.000000e+30                   5.000000e+10                      22.000000
                -644380.705566                    3300.000000                   1.000000e+30                   5.000000e+10                      22.000000
                -637936.798510                    3300.000000                   1.000000e+30                   5.000000e+10                      22.000000
                -631492.891455                    3300.000000                   1.000000e+30                   5.000000e+10                      22.000000
                -625048.984399                    3300.000000                   1.000000e+30                   5.000000e+10                      22.000000
                -618605.077343                    3300.000000                   1.000000e+30                   5.000000e+10                      22.000000
                -612161.170288                    3300.000000                   1.000000e+30                   5.000000e+10                      22.000000
                -605717.263232                    3300.000000                   1.000000e+30                   5.000000e+10                      22.000000
                -599273.356176                    3300.000000                   1.000000e+30                   5.000000e+10                      22.000000
                -592829.449121                    3300.000000                   1.000000e+30                   5.000000e+10                      22.000000
                -586385.542065                    3300.000000                   1.000000e+30                   5.000000e+10                      22.000000
                -579941.635009                    3300.000000                   1.000000e+30                   5.000000e+10                      22.000000
                -573497.727954                    3300.000000                   1.000000e+30                   5.000000e+10                      22.000000
                -567053.820898                    3300.000000                   1.000000e+30                   5.000000e+10                      22.000000
                -560609.913842                    3300.000000                   1.000000e+30                   5.000000e+10                      22.000000
                -554166.006787                    3300.000000                   1.000000e+30                   5.000000e+10                      22.000000
                -547722.099731                    3300.000000                   1.000000e+30                   5.000000e+10                      22.000000
                -541278.192675                    3300.000000                   1.000000e+30                   5.000000e+10                      22.000000
                -534834.285620                    3300.000000                   1.000000e+30                   5.000000e+10                      22.000000
                -528390.378564                    3300.000000                   1.000000e+30                   5.000000e+10                      22.000000
                -521946.471508                    3300.000000                   1.000000e+30                   5.000000e+10                      22.000000
                -515502.564453                    3300.000000                   1.000000e+30                   5.000000e+10                      22.000000
                -509058.657397                    3300.000000                   1.000000e+30                   5.000000e+10                      22.000000
                -502614.750341                    3300.000000                   1.000000e+30                   5.000000e+10                      22.000000
                -496170.843286                    3300.000000                   1.000000e+30                   5.000000e+10                      22.000000
                -489726.936230                    3300.000000                   1.000000e+30                   5.000000e+10                      22.000000
                -483283.029174                    3300.000000                   1.000000e+30                   5.000000e+10                      22.000000
                -476839.122119                    3300.000000                   1.000000e+30                   5.000000e+10                      22.000000
                -470395.215063                    3300.000000                   1.000000e+30                   5.000000e+10                      22.000000
                -463951.308008                    3300.000000                   1.000000e+30                   5.000000e+10                      22.000000
                -457507.400952                    3300.000000                   1.000000e+30                   5.000000e+10                      22.000000
                -451063.493896                    3300.000000                   1.000000e+30                   5.000000e+10                      22.000000
                -444619.586841                    3300.000000                   1.000000e+30                   5.000000e+10                      22.000000
                -438175.679785                    3300.000000                   1.000000e+30                   5.000000e+10                      22.000000
                -431731.772729                    3300.000000                   1.000000e+30                   5.000000e+10                      22.000000
                -425287.865674                    3300.000000                   1.000000e+30                   5.000000e+10                      22.000000
                -418843.958618                    3300.000000                   1.000000e+30                   5.000000e+10                      22.000000
                -412400.051562                    3300.000000                   1.000000e+30                   5.000000e+10                      22.000000
                -405956.144507                    3300.000000                   1.000000e+30                   5.000000e+10                      22.000000
                -399512.237451                    3300.000000                   1.000000e+30                   5.000000e+10                      22.000000
                -393068.330395                    3300.000000                   1.000000e+30                   5.000000e+10                      22.000000
                -386624.423340                    3300.000000                   1.000000e+30                   5.000000e+10                      22.000000
                -380180.516284                    3300.000000                   1.000000e+30                   5.000000e+10                      22.000000
                -373736.609228                    3300.000000                   1.000000e+30                   5.000000e+10                      22.000000
                -367292.702173                    3300.000000                   1.000000e+30                   5.000000e+10                      22.000000
                -360848.795117                    3300.000000                   1.000000e+30                   5.000000e+10                      22.000000
                -354404.888061                    3300.000000                   1.000000e+30                   5.000000e+10                      22.000000
                -347960.981006                    3300.000000                   1.000000e+30                   5.000000e+10                      22.000000
                -341517.073950                    3300.000000                   1.000000e+30                   5.000000e+10                      22.000000
                -335073.166894                    3300.000000                   1.000000e+30                   5.000000e+10                      22.000000
                -328629.259839                    3300.000000                   1.000000e+30                   5.000000e+10                      22.000000
                -322185.352783                    3300.000000                   1.000000e+30                   5.000000e+10                      22.000000
                -315741.445727                    3300.000000                   1.000000e+30                   5.000000e+10                      22.000000
                -309297.538672                    3300.000000                   1.000000e+30                   5.000000e+10                      22.000000
                -302853.631616                    3300.000000                   1.000000e+30                   5.000000e+10                      22.000000
                -296409.724560                    3300.000000                   1.000000e+30                   5.000000e+10                      22.000000
                -289965.817505                    3300.000000                   1.000000e+30                   5.000000e+10                      22.000000
                -283521.910449                    3300.000000                   1.000000e+30                   5.000000e+10                      22.000000
                -277078.003393                    3300.000000                   1.000000e+30                   5.000000e+10                      22.000000
                -270634.096338                    3300.000000                   1.000000e+30                   5.000000e+10                      22.000000
                -264190.189282                    3300.000000                   1.000000e+30                   5.000000e+10                      22.000000
                -257746.282226                    3300.000000                   1.000000e+30                   5.000000e+10                      22.000000
                -251302.375171                    3300.000000                   1.000000e+30                   5.000000e+10                      22.000000
                -244858.468115                    3300.000000                   1.000000e+30                   5.000000e+10                      22.000000
                -238414.561059                    3300.000000                   1.000000e+30                   5.000000e+10                      22.000000
                -231970.654004                    3300.000000                   1.000000e+30                   5.000000e+10                      22.000000
                -225526.746948                    3300.000000                   1.000000e+30                   5.000000e+10                      22.000000
                -219082.839892                    3300.000000                   1.000000e+30                   5.000000e+10                      22.000000
                -212638.932837                    3300.000000                   1.000000e+30                   5.000000e+10                      22.000000
                -206195.025781                    3300.000000                   1.000000e+30                   5.000000e+10                      22.000000
                -199751.118725                    3300.000000                   1.000000e+30                   5.000000e+10                      22.000000
                -193307.211670                    3300.000000                   1.000000e+30                   5.000000e+10                      22.000000
                -186863.304614                    3300.000000                   1.000000e+30                   5.000000e+10                      22.000000
                -180419.397558                    3300.000000                   1.000000e+30                   5.000000e+10                      22.000000
                -173975.490503                    3300.000000                   1.000000e+30                   5.000000e+10                      22.000000
                -167531.583447                    3300.000000                   1.000000e+30                   5.000000e+10                      22.000000
                -161087.676391                    3300.000000                   1.000000e+30                   5.000000e+10                      22.000000
                -154643.769336                    3300.000000                   1.000000e+30                   5.000000e+10                      22.000000
                -148199.862280                    3300.000000                   1.000000e+30                   5.000000e+10                      22.000000
                -141755.955225                    3300.000000                   1.000000e+30                   5.000000e+10                      22.000000
                -135312.048169                    3300.000000                   1.000000e+30                   5.000000e+10                      22.000000
                -128868.141113                    3300.000000                   1.000000e+30                   5.000000e+10                      22.000000
                -122424.234058                    3300.000000                   1.000000e+30                   5.000000e+10                      22.000000
                -115980.327002                    3300.000000                   1.000000e+30                   5.000000e+10                      22.000000
                -109536.419946                    3300.000000                   1.000000e+30                   5.000000e+10                      22.000000
                -103092.512891                    3300.000000                   1.000000e+30                   5.000000e+10                      22.000000
                 -96648.605835                    3300.000000                   1.000000e+30                   5.000000e+10                      22.000000
                 -90204.698779                    3300.000000                   1.000000e+30                   5.000000e+10                      22.000000
                 -83760.791724                    3300.000000                   1.000000e+30                   5.000000e+10                      22.000000
                 -77316.884668                    3300.000000                   1.000000e+30                   5.000000e+10                      22.000000
                 -70872.977612                    3300.000000                   1.000000e+30                   5.000000e+10                      22.000000
                 -64429.070557                    3300.000000                   1.000000e+30                   5.000000e+10                      22.000000
                 -57985.163501                    3300.000000                   1.000000e+30                   5.000000e+10                      22.000000
                 -51541.256445                    3300.000000                   1.000000e+30                   5.000000e+10                      22.000000
                 -45097.349390                    3300.000000                   1.000000e+30                   5.000000e+10                      22.000000
                 -38653.442334                    3300.000000                   1.000000e+30                   5.000000e+10                      22.000000
                 -32209.535278                    3300.000000                   1.000000e+30                   5.000000e+10                      22.000000
                 -25765.628223                    3300.000000                   1.000000e+30                   5.000000e+10                      22.000000
                 -19321.721167                    3300.000000                   1.000000e+30                   5.000000e+10                      22.000000
                 -12877.814111                    3300.000000                   1.000000e+30                   5.000000e+10                      22.000000
                  -6433.907056                    3300.000000                   1.000000e+30                   5.000000e+10                      22.000000
                     10.000000                    3300.000000                   1.000000e+30                   5.000000e+10                      22.000000
