                   #Radius (m)               Density (kg/m^3)              Bulk modulus (Pa)             Shear modulus (Pa)               Viscosity (Pa.s)
                2575000.000000                     930.000000                   1.000000e+30                   3.500000e+09                      24.000000
                2574999.710145                     930.000000                   1.000000e+30                   3.500000e+09                      24.000000
                2574999.420290                     930.000000                   1.000000e+30                   3.500000e+09                      24.000000
                2574999.130435                     930.000000                   1.000000e+30                   3.500000e+09                      24.000000
                2574998.840580                     930.000000                   1.000000e+30                   3.500000e+09                      24.000000
                2574998.550725                     930.000000                   1.000000e+30                   3.500000e+09                      24.000000
                2574998.260870                     930.000000                   1.000000e+30                   3.500000e+09                      24.000000
                2574997.971014                     930.000000                   1.000000e+30                   3.500000e+09                      24.000000
                2574997.681159                     930.000000                   1.000000e+30                   3.500000e+09                      24.000000
                2574997.391304                     930.000000                   1.000000e+30                   3.500000e+09                      24.000000
                2574997.101449                     930.000000                   1.000000e+30                   3.500000e+09                      24.000000
                2574996.811594                     930.000000                   1.000000e+30                   3.500000e+09                      24.000000
                2574996.521739                     930.000000                   1.000000e+30                   3.500000e+09                      24.000000
                2574996.231884                     930.000000                   1.000000e+30                   3.500000e+09                      24.000000
                2574995.942029                     930.000000                   1.000000e+30                   3.500000e+09                      24.000000
                2574995.652174                     930.000000                   1.000000e+30                   3.500000e+09                      24.000000
                2574995.362319                     930.000000                   1.000000e+30                   3.500000e+09                      24.000000
                2574995.072464                     930.000000                   1.000000e+30                   3.500000e+09                      24.000000
                2574994.782609                     930.000000                   1.000000e+30                   3.500000e+09                      24.000000
                2574994.492754                     930.000000                   1.000000e+30                   3.500000e+09                      24.000000
                2574994.202899                     930.000000                   1.000000e+30                   3.500000e+09                      24.000000
                2574993.913043                     930.000000                   1.000000e+30                   3.500000e+09                      24.000000
                2574993.623188                     930.000000                   1.000000e+30                   3.500000e+09                      24.000000
                2574993.333333                     930.000000                   1.000000e+30                   3.500000e+09                      24.000000
                2574993.043478                     930.000000                   1.000000e+30                   3.500000e+09                      24.000000
                2574992.753623                     930.000000                   1.000000e+30                   3.500000e+09                      24.000000
                2574992.463768                     930.000000                   1.000000e+30                   3.500000e+09                      24.000000
                2574992.173913                     930.000000                   1.000000e+30                   3.500000e+09                      24.000000
                2574991.884058                     930.000000                   1.000000e+30                   3.500000e+09                      24.000000
                2574991.594203                     930.000000                   1.000000e+30                   3.500000e+09                      24.000000
                2574991.304348                     930.000000                   1.000000e+30                   3.500000e+09                      24.000000
                2574991.014493                     930.000000                   1.000000e+30                   3.500000e+09                      24.000000
                2574990.724638                     930.000000                   1.000000e+30                   3.500000e+09                      24.000000
                2574990.434783                     930.000000                   1.000000e+30                   3.500000e+09                      24.000000
                2574990.144928                     930.000000                   1.000000e+30                   3.500000e+09                      24.000000
                2574989.855072                     930.000000                   1.000000e+30                   3.500000e+09                      24.000000
                2574989.565217                     930.000000                   1.000000e+30                   3.500000e+09                      24.000000
                2574989.275362                     930.000000                   1.000000e+30                   3.500000e+09                      24.000000
                2574988.985507                     930.000000                   1.000000e+30                   3.500000e+09                      24.000000
                2574988.695652                     930.000000                   1.000000e+30                   3.500000e+09                      24.000000
                2574988.405797                     930.000000                   1.000000e+30                   3.500000e+09                      24.000000
                2574988.115942                     930.000000                   1.000000e+30                   3.500000e+09                      24.000000
                2574987.826087                     930.000000                   1.000000e+30                   3.500000e+09                      24.000000
                2574987.536232                     930.000000                   1.000000e+30                   3.500000e+09                      24.000000
                2574987.246377                     930.000000                   1.000000e+30                   3.500000e+09                      24.000000
                2574986.956522                     930.000000                   1.000000e+30                   3.500000e+09                      24.000000
                2574986.666667                     930.000000                   1.000000e+30                   3.500000e+09                      24.000000
                2574986.376812                     930.000000                   1.000000e+30                   3.500000e+09                      24.000000
                2574986.086957                     930.000000                   1.000000e+30                   3.500000e+09                      24.000000
                2574985.797101                     930.000000                   1.000000e+30                   3.500000e+09                      24.000000
                2574985.507246                     930.000000                   1.000000e+30                   3.500000e+09                      24.000000
                2574985.217391                     930.000000                   1.000000e+30                   3.500000e+09                      24.000000
                2574984.927536                     930.000000                   1.000000e+30                   3.500000e+09                      24.000000
                2574984.637681                     930.000000                   1.000000e+30                   3.500000e+09                      24.000000
                2574984.347826                     930.000000                   1.000000e+30                   3.500000e+09                      24.000000
                2574984.057971                     930.000000                   1.000000e+30                   3.500000e+09                      24.000000
                2574983.768116                     930.000000                   1.000000e+30                   3.500000e+09                      24.000000
                2574983.478261                     930.000000                   1.000000e+30                   3.500000e+09                      24.000000
                2574983.188406                     930.000000                   1.000000e+30                   3.500000e+09                      24.000000
                2574982.898551                     930.000000                   1.000000e+30                   3.500000e+09                      24.000000
                2574982.608696                     930.000000                   1.000000e+30                   3.500000e+09                      24.000000
                2574982.318841                     930.000000                   1.000000e+30                   3.500000e+09                      24.000000
                2574982.028986                     930.000000                   1.000000e+30                   3.500000e+09                      24.000000
                2574981.739130                     930.000000                   1.000000e+30                   3.500000e+09                      24.000000
                2574981.449275                     930.000000                   1.000000e+30                   3.500000e+09                      24.000000
                2574981.159420                     930.000000                   1.000000e+30                   3.500000e+09                      24.000000
                2574980.869565                     930.000000                   1.000000e+30                   3.500000e+09                      24.000000
                2574980.579710                     930.000000                   1.000000e+30                   3.500000e+09                      24.000000
                2574980.289855                     930.000000                   1.000000e+30                   3.500000e+09                      24.000000
                2574980.000000                     930.000000                   1.000000e+30                   3.500000e+09                      24.000000
                2574980.000000                     930.000000                   1.000000e+30                   3.500000e+09                      15.000000
                2573685.581395                     930.000000                   1.000000e+30                   3.500000e+09                      15.000000
                2572391.162791                     930.000000                   1.000000e+30                   3.500000e+09                      15.000000
                2571096.744186                     930.000000                   1.000000e+30                   3.500000e+09                      15.000000
                2569802.325581                     930.000000                   1.000000e+30                   3.500000e+09                      15.000000
                2568507.906977                     930.000000                   1.000000e+30                   3.500000e+09                      15.000000
                2567213.488372                     930.000000                   1.000000e+30                   3.500000e+09                      15.000000
                2565919.069767                     930.000000                   1.000000e+30                   3.500000e+09                      15.000000
                2564624.651163                     930.000000                   1.000000e+30                   3.500000e+09                      15.000000
                2563330.232558                     930.000000                   1.000000e+30                   3.500000e+09                      15.000000
                2562035.813953                     930.000000                   1.000000e+30                   3.500000e+09                      15.000000
                2560741.395349                     930.000000                   1.000000e+30                   3.500000e+09                      15.000000
                2559446.976744                     930.000000                   1.000000e+30                   3.500000e+09                      15.000000
                2558152.558140                     930.000000                   1.000000e+30                   3.500000e+09                      15.000000
                2556858.139535                     930.000000                   1.000000e+30                   3.500000e+09                      15.000000
                2555563.720930                     930.000000                   1.000000e+30                   3.500000e+09                      15.000000
                2554269.302326                     930.000000                   1.000000e+30                   3.500000e+09                      15.000000
                2552974.883721                     930.000000                   1.000000e+30                   3.500000e+09                      15.000000
                2551680.465116                     930.000000                   1.000000e+30                   3.500000e+09                      15.000000
                2550386.046512                     930.000000                   1.000000e+30                   3.500000e+09                      15.000000
                2549091.627907                     930.000000                   1.000000e+30                   3.500000e+09                      15.000000
                2547797.209302                     930.000000                   1.000000e+30                   3.500000e+09                      15.000000
                2546502.790698                     930.000000                   1.000000e+30                   3.500000e+09                      15.000000
                2545208.372093                     930.000000                   1.000000e+30                   3.500000e+09                      15.000000
                2543913.953488                     930.000000                   1.000000e+30                   3.500000e+09                      15.000000
                2542619.534884                     930.000000                   1.000000e+30                   3.500000e+09                      15.000000
                2541325.116279                     930.000000                   1.000000e+30                   3.500000e+09                      15.000000
                2540030.697674                     930.000000                   1.000000e+30                   3.500000e+09                      15.000000
                2538736.279070                     930.000000                   1.000000e+30                   3.500000e+09                      15.000000
                2537441.860465                     930.000000                   1.000000e+30                   3.500000e+09                      15.000000
                2536147.441860                     930.000000                   1.000000e+30                   3.500000e+09                      15.000000
                2534853.023256                     930.000000                   1.000000e+30                   3.500000e+09                      15.000000
                2533558.604651                     930.000000                   1.000000e+30                   3.500000e+09                      15.000000
                2532264.186047                     930.000000                   1.000000e+30                   3.500000e+09                      15.000000
                2530969.767442                     930.000000                   1.000000e+30                   3.500000e+09                      15.000000
                2529675.348837                     930.000000                   1.000000e+30                   3.500000e+09                      15.000000
                2528380.930233                     930.000000                   1.000000e+30                   3.500000e+09                      15.000000
                2527086.511628                     930.000000                   1.000000e+30                   3.500000e+09                      15.000000
                2525792.093023                     930.000000                   1.000000e+30                   3.500000e+09                      15.000000
                2524497.674419                     930.000000                   1.000000e+30                   3.500000e+09                      15.000000
                2523203.255814                     930.000000                   1.000000e+30                   3.500000e+09                      15.000000
                2521908.837209                     930.000000                   1.000000e+30                   3.500000e+09                      15.000000
                2520614.418605                     930.000000                   1.000000e+30                   3.500000e+09                      15.000000
                2519320.000000                     930.000000                   1.000000e+30                   3.500000e+09                      15.000000
                2518025.581395                     930.000000                   1.000000e+30                   3.500000e+09                      15.000000
                2516731.162791                     930.000000                   1.000000e+30                   3.500000e+09                      15.000000
                2515436.744186                     930.000000                   1.000000e+30                   3.500000e+09                      15.000000
                2514142.325581                     930.000000                   1.000000e+30                   3.500000e+09                      15.000000
                2512847.906977                     930.000000                   1.000000e+30                   3.500000e+09                      15.000000
                2511553.488372                     930.000000                   1.000000e+30                   3.500000e+09                      15.000000
                2510259.069767                     930.000000                   1.000000e+30                   3.500000e+09                      15.000000
                2508964.651163                     930.000000                   1.000000e+30                   3.500000e+09                      15.000000
                2507670.232558                     930.000000                   1.000000e+30                   3.500000e+09                      15.000000
                2506375.813953                     930.000000                   1.000000e+30                   3.500000e+09                      15.000000
                2505081.395349                     930.000000                   1.000000e+30                   3.500000e+09                      15.000000
                2503786.976744                     930.000000                   1.000000e+30                   3.500000e+09                      15.000000
                2502492.558140                     930.000000                   1.000000e+30                   3.500000e+09                      15.000000
                2501198.139535                     930.000000                   1.000000e+30                   3.500000e+09                      15.000000
                2499903.720930                     930.000000                   1.000000e+30                   3.500000e+09                      15.000000
                2498609.302326                     930.000000                   1.000000e+30                   3.500000e+09                      15.000000
                2497314.883721                     930.000000                   1.000000e+30                   3.500000e+09                      15.000000
                2496020.465116                     930.000000                   1.000000e+30                   3.500000e+09                      15.000000
                2494726.046512                     930.000000                   1.000000e+30                   3.500000e+09                      15.000000
                2493431.627907                     930.000000                   1.000000e+30                   3.500000e+09                      15.000000
                2492137.209302                     930.000000                   1.000000e+30                   3.500000e+09                      15.000000
                2490842.790698                     930.000000                   1.000000e+30                   3.500000e+09                      15.000000
                2489548.372093                     930.000000                   1.000000e+30                   3.500000e+09                      15.000000
                2488253.953488                     930.000000                   1.000000e+30                   3.500000e+09                      15.000000
                2486959.534884                     930.000000                   1.000000e+30                   3.500000e+09                      15.000000
                2485665.116279                     930.000000                   1.000000e+30                   3.500000e+09                      15.000000
                2484370.697674                     930.000000                   1.000000e+30                   3.500000e+09                      15.000000
                2483076.279070                     930.000000                   1.000000e+30                   3.500000e+09                      15.000000
                2481781.860465                     930.000000                   1.000000e+30                   3.500000e+09                      15.000000
                2480487.441860                     930.000000                   1.000000e+30                   3.500000e+09                      15.000000
                2479193.023256                     930.000000                   1.000000e+30                   3.500000e+09                      15.000000
                2477898.604651                     930.000000                   1.000000e+30                   3.500000e+09                      15.000000
                2476604.186047                     930.000000                   1.000000e+30                   3.500000e+09                      15.000000
                2475309.767442                     930.000000                   1.000000e+30                   3.500000e+09                      15.000000
                2474015.348837                     930.000000                   1.000000e+30                   3.500000e+09                      15.000000
                2472720.930233                     930.000000                   1.000000e+30                   3.500000e+09                      15.000000
                2471426.511628                     930.000000                   1.000000e+30                   3.500000e+09                      15.000000
                2470132.093023                     930.000000                   1.000000e+30                   3.500000e+09                      15.000000
                2468837.674419                     930.000000                   1.000000e+30                   3.500000e+09                      15.000000
                2467543.255814                     930.000000                   1.000000e+30                   3.500000e+09                      15.000000
                2466248.837209                     930.000000                   1.000000e+30                   3.500000e+09                      15.000000
                2464954.418605                     930.000000                   1.000000e+30                   3.500000e+09                      15.000000
                2463660.000000                     930.000000                   1.000000e+30                   3.500000e+09                      15.000000
                2462365.581395                     930.000000                   1.000000e+30                   3.500000e+09                      15.000000
                2461071.162791                     930.000000                   1.000000e+30                   3.500000e+09                      15.000000
                2459776.744186                     930.000000                   1.000000e+30                   3.500000e+09                      15.000000
                2458482.325581                     930.000000                   1.000000e+30                   3.500000e+09                      15.000000
                2457187.906977                     930.000000                   1.000000e+30                   3.500000e+09                      15.000000
                2455893.488372                     930.000000                   1.000000e+30                   3.500000e+09                      15.000000
                2454599.069767                     930.000000                   1.000000e+30                   3.500000e+09                      15.000000
                2453304.651163                     930.000000                   1.000000e+30                   3.500000e+09                      15.000000
                2452010.232558                     930.000000                   1.000000e+30                   3.500000e+09                      15.000000
                2450715.813953                     930.000000                   1.000000e+30                   3.500000e+09                      15.000000
                2449421.395349                     930.000000                   1.000000e+30                   3.500000e+09                      15.000000
                2448126.976744                     930.000000                   1.000000e+30                   3.500000e+09                      15.000000
                2446832.558140                     930.000000                   1.000000e+30                   3.500000e+09                      15.000000
                2445538.139535                     930.000000                   1.000000e+30                   3.500000e+09                      15.000000
                2444243.720930                     930.000000                   1.000000e+30                   3.500000e+09                      15.000000
                2442949.302326                     930.000000                   1.000000e+30                   3.500000e+09                      15.000000
                2441654.883721                     930.000000                   1.000000e+30                   3.500000e+09                      15.000000
                2440360.465116                     930.000000                   1.000000e+30                   3.500000e+09                      15.000000
                2439066.046512                     930.000000                   1.000000e+30                   3.500000e+09                      15.000000
                2437771.627907                     930.000000                   1.000000e+30                   3.500000e+09                      15.000000
                2436477.209302                     930.000000                   1.000000e+30                   3.500000e+09                      15.000000
                2435182.790698                     930.000000                   1.000000e+30                   3.500000e+09                      15.000000
                2433888.372093                     930.000000                   1.000000e+30                   3.500000e+09                      15.000000
                2432593.953488                     930.000000                   1.000000e+30                   3.500000e+09                      15.000000
                2431299.534884                     930.000000                   1.000000e+30                   3.500000e+09                      15.000000
                2430005.116279                     930.000000                   1.000000e+30                   3.500000e+09                      15.000000
                2428710.697674                     930.000000                   1.000000e+30                   3.500000e+09                      15.000000
                2427416.279070                     930.000000                   1.000000e+30                   3.500000e+09                      15.000000
                2426121.860465                     930.000000                   1.000000e+30                   3.500000e+09                      15.000000
                2424827.441860                     930.000000                   1.000000e+30                   3.500000e+09                      15.000000
                2423533.023256                     930.000000                   1.000000e+30                   3.500000e+09                      15.000000
                2422238.604651                     930.000000                   1.000000e+30                   3.500000e+09                      15.000000
                2420944.186047                     930.000000                   1.000000e+30                   3.500000e+09                      15.000000
                2419649.767442                     930.000000                   1.000000e+30                   3.500000e+09                      15.000000
                2418355.348837                     930.000000                   1.000000e+30                   3.500000e+09                      15.000000
                2417060.930233                     930.000000                   1.000000e+30                   3.500000e+09                      15.000000
                2415766.511628                     930.000000                   1.000000e+30                   3.500000e+09                      15.000000
                2414472.093023                     930.000000                   1.000000e+30                   3.500000e+09                      15.000000
                2413177.674419                     930.000000                   1.000000e+30                   3.500000e+09                      15.000000
                2411883.255814                     930.000000                   1.000000e+30                   3.500000e+09                      15.000000
                2410588.837209                     930.000000                   1.000000e+30                   3.500000e+09                      15.000000
                2409294.418605                     930.000000                   1.000000e+30                   3.500000e+09                      15.000000
                2408000.000000                     930.000000                   1.000000e+30                   3.500000e+09                      15.000000
                2408000.000000                    1100.000000                   1.000000e+30                   0.000000e+00                       2.000000
                2407997.913377                    1100.000000                   1.000000e+30                   0.000000e+00                       2.000000
                2407994.204970                    1100.000000                   1.000000e+30                   0.000000e+00                       2.000000
                2407988.645110                    1100.000000                   1.000000e+30                   0.000000e+00                       2.000000
                2407981.237093                    1100.000000                   1.000000e+30                   0.000000e+00                       2.000000
                2407971.985312                    1100.000000                   1.000000e+30                   0.000000e+00                       2.000000
                2407960.895256                    1100.000000                   1.000000e+30                   0.000000e+00                       2.000000
                2407947.973500                    1100.000000                   1.000000e+30                   0.000000e+00                       2.000000
                2407933.227708                    1100.000000                   1.000000e+30                   0.000000e+00                       2.000000
                2407916.666625                    1100.000000                   1.000000e+30                   0.000000e+00                       2.000000
                2407898.300074                    1100.000000                   1.000000e+30                   0.000000e+00                       2.000000
                2407878.138946                    1100.000000                   1.000000e+30                   0.000000e+00                       2.000000
                2407856.195198                    1100.000000                   1.000000e+30                   0.000000e+00                       2.000000
                2407832.481844                    1100.000000                   1.000000e+30                   0.000000e+00                       2.000000
                2407807.012947                    1100.000000                   1.000000e+30                   0.000000e+00                       2.000000
                2407779.803613                    1100.000000                   1.000000e+30                   0.000000e+00                       2.000000
                2407750.869978                    1100.000000                   1.000000e+30                   0.000000e+00                       2.000000
                2407720.229202                    1100.000000                   1.000000e+30                   0.000000e+00                       2.000000
                2407687.899455                    1100.000000                   1.000000e+30                   0.000000e+00                       2.000000
                2407653.899912                    1100.000000                   1.000000e+30                   0.000000e+00                       2.000000
                2407618.250737                    1100.000000                   1.000000e+30                   0.000000e+00                       2.000000
                2407580.973071                    1100.000000                   1.000000e+30                   0.000000e+00                       2.000000
                2407542.089023                    1100.000000                   1.000000e+30                   0.000000e+00                       2.000000
                2407501.621653                    1100.000000                   1.000000e+30                   0.000000e+00                       2.000000
                2407459.594960                    1100.000000                   1.000000e+30                   0.000000e+00                       2.000000
                2407416.033870                    1100.000000                   1.000000e+30                   0.000000e+00                       2.000000
                2407370.964216                    1100.000000                   1.000000e+30                   0.000000e+00                       2.000000
                2407324.412727                    1100.000000                   1.000000e+30                   0.000000e+00                       2.000000
                2407276.407012                    1100.000000                   1.000000e+30                   0.000000e+00                       2.000000
                2407226.975540                    1100.000000                   1.000000e+30                   0.000000e+00                       2.000000
                2407176.147627                    1100.000000                   1.000000e+30                   0.000000e+00                       2.000000
                2407123.953418                    1100.000000                   1.000000e+30                   0.000000e+00                       2.000000
                2407070.423866                    1100.000000                   1.000000e+30                   0.000000e+00                       2.000000
                2407015.590719                    1100.000000                   1.000000e+30                   0.000000e+00                       2.000000
                2406959.486495                    1100.000000                   1.000000e+30                   0.000000e+00                       2.000000
                2406902.144467                    1100.000000                   1.000000e+30                   0.000000e+00                       2.000000
                2406843.598643                    1100.000000                   1.000000e+30                   0.000000e+00                       2.000000
                2406783.883744                    1100.000000                   1.000000e+30                   0.000000e+00                       2.000000
                2406723.035185                    1100.000000                   1.000000e+30                   0.000000e+00                       2.000000
                2406661.089052                    1100.000000                   1.000000e+30                   0.000000e+00                       2.000000
                2406598.082083                    1100.000000                   1.000000e+30                   0.000000e+00                       2.000000
                2406534.051645                    1100.000000                   1.000000e+30                   0.000000e+00                       2.000000
                2406469.035712                    1100.000000                   1.000000e+30                   0.000000e+00                       2.000000
                2406403.072843                    1100.000000                   1.000000e+30                   0.000000e+00                       2.000000
                2406336.202157                    1100.000000                   1.000000e+30                   0.000000e+00                       2.000000
                2406268.463313                    1100.000000                   1.000000e+30                   0.000000e+00                       2.000000
                2406199.896484                    1100.000000                   1.000000e+30                   0.000000e+00                       2.000000
                2406130.542334                    1100.000000                   1.000000e+30                   0.000000e+00                       2.000000
                2406060.441994                    1100.000000                   1.000000e+30                   0.000000e+00                       2.000000
                2405989.637038                    1100.000000                   1.000000e+30                   0.000000e+00                       2.000000
                2405918.169458                    1100.000000                   1.000000e+30                   0.000000e+00                       2.000000
                2405846.081639                    1100.000000                   1.000000e+30                   0.000000e+00                       2.000000
                2405773.416332                    1100.000000                   1.000000e+30                   0.000000e+00                       2.000000
                2405700.216633                    1100.000000                   1.000000e+30                   0.000000e+00                       2.000000
                2405626.525953                    1100.000000                   1.000000e+30                   0.000000e+00                       2.000000
                2405552.387996                    1100.000000                   1.000000e+30                   0.000000e+00                       2.000000
                2405477.846730                    1100.000000                   1.000000e+30                   0.000000e+00                       2.000000
                2405402.946361                    1100.000000                   1.000000e+30                   0.000000e+00                       2.000000
                2405327.731312                    1100.000000                   1.000000e+30                   0.000000e+00                       2.000000
                2405252.246188                    1100.000000                   1.000000e+30                   0.000000e+00                       2.000000
                2405176.535757                    1100.000000                   1.000000e+30                   0.000000e+00                       2.000000
                2405100.644920                    1100.000000                   1.000000e+30                   0.000000e+00                       2.000000
                2405024.618685                    1100.000000                   1.000000e+30                   0.000000e+00                       2.000000
                2404948.502140                    1100.000000                   1.000000e+30                   0.000000e+00                       2.000000
                2404872.340426                    1100.000000                   1.000000e+30                   0.000000e+00                       2.000000
                2404796.178712                    1100.000000                   1.000000e+30                   0.000000e+00                       2.000000
                2404720.062166                    1100.000000                   1.000000e+30                   0.000000e+00                       2.000000
                2404644.035931                    1100.000000                   1.000000e+30                   0.000000e+00                       2.000000
                2404568.145094                    1100.000000                   1.000000e+30                   0.000000e+00                       2.000000
                2404492.434663                    1100.000000                   1.000000e+30                   0.000000e+00                       2.000000
                2404416.949539                    1100.000000                   1.000000e+30                   0.000000e+00                       2.000000
                2404341.734490                    1100.000000                   1.000000e+30                   0.000000e+00                       2.000000
                2404266.834122                    1100.000000                   1.000000e+30                   0.000000e+00                       2.000000
                2404192.292855                    1100.000000                   1.000000e+30                   0.000000e+00                       2.000000
                2404118.154898                    1100.000000                   1.000000e+30                   0.000000e+00                       2.000000
                2404044.464218                    1100.000000                   1.000000e+30                   0.000000e+00                       2.000000
                2403971.264519                    1100.000000                   1.000000e+30                   0.000000e+00                       2.000000
                2403898.599212                    1100.000000                   1.000000e+30                   0.000000e+00                       2.000000
                2403826.511393                    1100.000000                   1.000000e+30                   0.000000e+00                       2.000000
                2403755.043813                    1100.000000                   1.000000e+30                   0.000000e+00                       2.000000
                2403684.238857                    1100.000000                   1.000000e+30                   0.000000e+00                       2.000000
                2403614.138517                    1100.000000                   1.000000e+30                   0.000000e+00                       2.000000
                2403544.784367                    1100.000000                   1.000000e+30                   0.000000e+00                       2.000000
                2403476.217538                    1100.000000                   1.000000e+30                   0.000000e+00                       2.000000
                2403408.478694                    1100.000000                   1.000000e+30                   0.000000e+00                       2.000000
                2403341.608008                    1100.000000                   1.000000e+30                   0.000000e+00                       2.000000
                2403275.645139                    1100.000000                   1.000000e+30                   0.000000e+00                       2.000000
                2403210.629206                    1100.000000                   1.000000e+30                   0.000000e+00                       2.000000
                2403146.598768                    1100.000000                   1.000000e+30                   0.000000e+00                       2.000000
                2403083.591799                    1100.000000                   1.000000e+30                   0.000000e+00                       2.000000
                2403021.645666                    1100.000000                   1.000000e+30                   0.000000e+00                       2.000000
                2402960.797107                    1100.000000                   1.000000e+30                   0.000000e+00                       2.000000
                2402901.082208                    1100.000000                   1.000000e+30                   0.000000e+00                       2.000000
                2402842.536384                    1100.000000                   1.000000e+30                   0.000000e+00                       2.000000
                2402785.194356                    1100.000000                   1.000000e+30                   0.000000e+00                       2.000000
                2402729.090132                    1100.000000                   1.000000e+30                   0.000000e+00                       2.000000
                2402674.256985                    1100.000000                   1.000000e+30                   0.000000e+00                       2.000000
                2402620.727433                    1100.000000                   1.000000e+30                   0.000000e+00                       2.000000
                2402568.533224                    1100.000000                   1.000000e+30                   0.000000e+00                       2.000000
                2402517.705311                    1100.000000                   1.000000e+30                   0.000000e+00                       2.000000
                2402468.273839                    1100.000000                   1.000000e+30                   0.000000e+00                       2.000000
                2402420.268124                    1100.000000                   1.000000e+30                   0.000000e+00                       2.000000
                2402373.716635                    1100.000000                   1.000000e+30                   0.000000e+00                       2.000000
                2402328.646981                    1100.000000                   1.000000e+30                   0.000000e+00                       2.000000
                2402285.085891                    1100.000000                   1.000000e+30                   0.000000e+00                       2.000000
                2402243.059198                    1100.000000                   1.000000e+30                   0.000000e+00                       2.000000
                2402202.591828                    1100.000000                   1.000000e+30                   0.000000e+00                       2.000000
                2402163.707780                    1100.000000                   1.000000e+30                   0.000000e+00                       2.000000
                2402126.430114                    1100.000000                   1.000000e+30                   0.000000e+00                       2.000000
                2402090.780939                    1100.000000                   1.000000e+30                   0.000000e+00                       2.000000
                2402056.781396                    1100.000000                   1.000000e+30                   0.000000e+00                       2.000000
                2402024.451649                    1100.000000                   1.000000e+30                   0.000000e+00                       2.000000
                2401993.810873                    1100.000000                   1.000000e+30                   0.000000e+00                       2.000000
                2401964.877238                    1100.000000                   1.000000e+30                   0.000000e+00                       2.000000
                2401937.667904                    1100.000000                   1.000000e+30                   0.000000e+00                       2.000000
                2401912.199007                    1100.000000                   1.000000e+30                   0.000000e+00                       2.000000
                2401888.485654                    1100.000000                   1.000000e+30                   0.000000e+00                       2.000000
                2401866.541905                    1100.000000                   1.000000e+30                   0.000000e+00                       2.000000
                2401846.380777                    1100.000000                   1.000000e+30                   0.000000e+00                       2.000000
                2401828.014226                    1100.000000                   1.000000e+30                   0.000000e+00                       2.000000
                2401811.453143                    1100.000000                   1.000000e+30                   0.000000e+00                       2.000000
                2401796.707351                    1100.000000                   1.000000e+30                   0.000000e+00                       2.000000
                2401783.785595                    1100.000000                   1.000000e+30                   0.000000e+00                       2.000000
                2401772.695539                    1100.000000                   1.000000e+30                   0.000000e+00                       2.000000
                2401763.443758                    1100.000000                   1.000000e+30                   0.000000e+00                       2.000000
                2401756.035741                    1100.000000                   1.000000e+30                   0.000000e+00                       2.000000
                2401750.475881                    1100.000000                   1.000000e+30                   0.000000e+00                       2.000000
                2401746.767474                    1100.000000                   1.000000e+30                   0.000000e+00                       2.000000
                2401744.912721                    1100.000000                   1.000000e+30                   0.000000e+00                       2.000000
                2401744.680851                    1100.000000                   1.000000e+30                   0.000000e+00                       2.000000
                2401744.680851                    1250.000000                   1.000000e+30                   6.000000e+09                      15.000000
                2398630.381000                    1250.000000                   1.000000e+30                   6.000000e+09                      15.000000
                2395516.081148                    1250.000000                   1.000000e+30                   6.000000e+09                      15.000000
                2392401.781296                    1250.000000                   1.000000e+30                   6.000000e+09                      15.000000
                2389287.481445                    1250.000000                   1.000000e+30                   6.000000e+09                      15.000000
                2386173.181593                    1250.000000                   1.000000e+30                   6.000000e+09                      15.000000
                2383058.881742                    1250.000000                   1.000000e+30                   6.000000e+09                      15.000000
                2379944.581890                    1250.000000                   1.000000e+30                   6.000000e+09                      15.000000
                2376830.282039                    1250.000000                   1.000000e+30                   6.000000e+09                      15.000000
                2373715.982187                    1250.000000                   1.000000e+30                   6.000000e+09                      15.000000
                2370601.682335                    1250.000000                   1.000000e+30                   6.000000e+09                      15.000000
                2367487.382484                    1250.000000                   1.000000e+30                   6.000000e+09                      15.000000
                2364373.082632                    1250.000000                   1.000000e+30                   6.000000e+09                      15.000000
                2361258.782781                    1250.000000                   1.000000e+30                   6.000000e+09                      15.000000
                2358144.482929                    1250.000000                   1.000000e+30                   6.000000e+09                      15.000000
                2355030.183078                    1250.000000                   1.000000e+30                   6.000000e+09                      15.000000
                2351915.883226                    1250.000000                   1.000000e+30                   6.000000e+09                      15.000000
                2348801.583375                    1250.000000                   1.000000e+30                   6.000000e+09                      15.000000
                2345687.283523                    1250.000000                   1.000000e+30                   6.000000e+09                      15.000000
                2342572.983671                    1250.000000                   1.000000e+30                   6.000000e+09                      15.000000
                2339458.683820                    1250.000000                   1.000000e+30                   6.000000e+09                      15.000000
                2336344.383968                    1250.000000                   1.000000e+30                   6.000000e+09                      15.000000
                2333230.084117                    1250.000000                   1.000000e+30                   6.000000e+09                      15.000000
                2330115.784265                    1250.000000                   1.000000e+30                   6.000000e+09                      15.000000
                2327001.484414                    1250.000000                   1.000000e+30                   6.000000e+09                      15.000000
                2323887.184562                    1250.000000                   1.000000e+30                   6.000000e+09                      15.000000
                2320772.884711                    1250.000000                   1.000000e+30                   6.000000e+09                      15.000000
                2317658.584859                    1250.000000                   1.000000e+30                   6.000000e+09                      15.000000
                2314544.285007                    1250.000000                   1.000000e+30                   6.000000e+09                      15.000000
                2311429.985156                    1250.000000                   1.000000e+30                   6.000000e+09                      15.000000
                2308315.685304                    1250.000000                   1.000000e+30                   6.000000e+09                      15.000000
                2305201.385453                    1250.000000                   1.000000e+30                   6.000000e+09                      15.000000
                2302087.085601                    1250.000000                   1.000000e+30                   6.000000e+09                      15.000000
                2298972.785750                    1250.000000                   1.000000e+30                   6.000000e+09                      15.000000
                2295858.485898                    1250.000000                   1.000000e+30                   6.000000e+09                      15.000000
                2292744.186047                    1250.000000                   1.000000e+30                   6.000000e+09                      15.000000
                2289629.886195                    1250.000000                   1.000000e+30                   6.000000e+09                      15.000000
                2286515.586343                    1250.000000                   1.000000e+30                   6.000000e+09                      15.000000
                2283401.286492                    1250.000000                   1.000000e+30                   6.000000e+09                      15.000000
                2280286.986640                    1250.000000                   1.000000e+30                   6.000000e+09                      15.000000
                2277172.686789                    1250.000000                   1.000000e+30                   6.000000e+09                      15.000000
                2274058.386937                    1250.000000                   1.000000e+30                   6.000000e+09                      15.000000
                2270944.087086                    1250.000000                   1.000000e+30                   6.000000e+09                      15.000000
                2267829.787234                    1250.000000                   1.000000e+30                   6.000000e+09                      15.000000
                2264715.487382                    1250.000000                   1.000000e+30                   6.000000e+09                      15.000000
                2261601.187531                    1250.000000                   1.000000e+30                   6.000000e+09                      15.000000
                2258486.887679                    1250.000000                   1.000000e+30                   6.000000e+09                      15.000000
                2255372.587828                    1250.000000                   1.000000e+30                   6.000000e+09                      15.000000
                2252258.287976                    1250.000000                   1.000000e+30                   6.000000e+09                      15.000000
                2249143.988125                    1250.000000                   1.000000e+30                   6.000000e+09                      15.000000
                2246029.688273                    1250.000000                   1.000000e+30                   6.000000e+09                      15.000000
                2242915.388422                    1250.000000                   1.000000e+30                   6.000000e+09                      15.000000
                2239801.088570                    1250.000000                   1.000000e+30                   6.000000e+09                      15.000000
                2236686.788718                    1250.000000                   1.000000e+30                   6.000000e+09                      15.000000
                2233572.488867                    1250.000000                   1.000000e+30                   6.000000e+09                      15.000000
                2230458.189015                    1250.000000                   1.000000e+30                   6.000000e+09                      15.000000
                2227343.889164                    1250.000000                   1.000000e+30                   6.000000e+09                      15.000000
                2224229.589312                    1250.000000                   1.000000e+30                   6.000000e+09                      15.000000
                2221115.289461                    1250.000000                   1.000000e+30                   6.000000e+09                      15.000000
                2218000.989609                    1250.000000                   1.000000e+30                   6.000000e+09                      15.000000
                2214886.689758                    1250.000000                   1.000000e+30                   6.000000e+09                      15.000000
                2211772.389906                    1250.000000                   1.000000e+30                   6.000000e+09                      15.000000
                2208658.090054                    1250.000000                   1.000000e+30                   6.000000e+09                      15.000000
                2205543.790203                    1250.000000                   1.000000e+30                   6.000000e+09                      15.000000
                2202429.490351                    1250.000000                   1.000000e+30                   6.000000e+09                      15.000000
                2199315.190500                    1250.000000                   1.000000e+30                   6.000000e+09                      15.000000
                2196200.890648                    1250.000000                   1.000000e+30                   6.000000e+09                      15.000000
                2193086.590797                    1250.000000                   1.000000e+30                   6.000000e+09                      15.000000
                2189972.290945                    1250.000000                   1.000000e+30                   6.000000e+09                      15.000000
                2186857.991094                    1250.000000                   1.000000e+30                   6.000000e+09                      15.000000
                2183743.691242                    1250.000000                   1.000000e+30                   6.000000e+09                      15.000000
                2180629.391390                    1250.000000                   1.000000e+30                   6.000000e+09                      15.000000
                2177515.091539                    1250.000000                   1.000000e+30                   6.000000e+09                      15.000000
                2174400.791687                    1250.000000                   1.000000e+30                   6.000000e+09                      15.000000
                2171286.491836                    1250.000000                   1.000000e+30                   6.000000e+09                      15.000000
                2168172.191984                    1250.000000                   1.000000e+30                   6.000000e+09                      15.000000
                2165057.892133                    1250.000000                   1.000000e+30                   6.000000e+09                      15.000000
                2161943.592281                    1250.000000                   1.000000e+30                   6.000000e+09                      15.000000
                2158829.292429                    1250.000000                   1.000000e+30                   6.000000e+09                      15.000000
                2155714.992578                    1250.000000                   1.000000e+30                   6.000000e+09                      15.000000
                2152600.692726                    1250.000000                   1.000000e+30                   6.000000e+09                      15.000000
                2149486.392875                    1250.000000                   1.000000e+30                   6.000000e+09                      15.000000
                2146372.093023                    1250.000000                   1.000000e+30                   6.000000e+09                      15.000000
                2143257.793172                    1250.000000                   1.000000e+30                   6.000000e+09                      15.000000
                2140143.493320                    1250.000000                   1.000000e+30                   6.000000e+09                      15.000000
                2137029.193469                    1250.000000                   1.000000e+30                   6.000000e+09                      15.000000
                2133914.893617                    1250.000000                   1.000000e+30                   6.000000e+09                      15.000000
                2130800.593765                    1250.000000                   1.000000e+30                   6.000000e+09                      15.000000
                2127686.293914                    1250.000000                   1.000000e+30                   6.000000e+09                      15.000000
                2124571.994062                    1250.000000                   1.000000e+30                   6.000000e+09                      15.000000
                2121457.694211                    1250.000000                   1.000000e+30                   6.000000e+09                      15.000000
                2118343.394359                    1250.000000                   1.000000e+30                   6.000000e+09                      15.000000
                2115229.094508                    1250.000000                   1.000000e+30                   6.000000e+09                      15.000000
                2112114.794656                    1250.000000                   1.000000e+30                   6.000000e+09                      15.000000
                2109000.494805                    1250.000000                   1.000000e+30                   6.000000e+09                      15.000000
                2105886.194953                    1250.000000                   1.000000e+30                   6.000000e+09                      15.000000
                2102771.895101                    1250.000000                   1.000000e+30                   6.000000e+09                      15.000000
                2099657.595250                    1250.000000                   1.000000e+30                   6.000000e+09                      15.000000
                2096543.295398                    1250.000000                   1.000000e+30                   6.000000e+09                      15.000000
                2093428.995547                    1250.000000                   1.000000e+30                   6.000000e+09                      15.000000
                2090314.695695                    1250.000000                   1.000000e+30                   6.000000e+09                      15.000000
                2087200.395844                    1250.000000                   1.000000e+30                   6.000000e+09                      15.000000
                2084086.095992                    1250.000000                   1.000000e+30                   6.000000e+09                      15.000000
                2080971.796141                    1250.000000                   1.000000e+30                   6.000000e+09                      15.000000
                2077857.496289                    1250.000000                   1.000000e+30                   6.000000e+09                      15.000000
                2074743.196437                    1250.000000                   1.000000e+30                   6.000000e+09                      15.000000
                2071628.896586                    1250.000000                   1.000000e+30                   6.000000e+09                      15.000000
                2068514.596734                    1250.000000                   1.000000e+30                   6.000000e+09                      15.000000
                2065400.296883                    1250.000000                   1.000000e+30                   6.000000e+09                      15.000000
                2062285.997031                    1250.000000                   1.000000e+30                   6.000000e+09                      15.000000
                2059171.697180                    1250.000000                   1.000000e+30                   6.000000e+09                      15.000000
                2056057.397328                    1250.000000                   1.000000e+30                   6.000000e+09                      15.000000
                2052943.097476                    1250.000000                   1.000000e+30                   6.000000e+09                      15.000000
                2049828.797625                    1250.000000                   1.000000e+30                   6.000000e+09                      15.000000
                2046714.497773                    1250.000000                   1.000000e+30                   6.000000e+09                      15.000000
                2043600.197922                    1250.000000                   1.000000e+30                   6.000000e+09                      15.000000
                2040485.898070                    1250.000000                   1.000000e+30                   6.000000e+09                      15.000000
                2037371.598219                    1250.000000                   1.000000e+30                   6.000000e+09                      15.000000
                2034257.298367                    1250.000000                   1.000000e+30                   6.000000e+09                      15.000000
                2031142.998516                    1250.000000                   1.000000e+30                   6.000000e+09                      15.000000
                2028028.698664                    1250.000000                   1.000000e+30                   6.000000e+09                      15.000000
                2024914.398812                    1250.000000                   1.000000e+30                   6.000000e+09                      15.000000
                2021800.098961                    1250.000000                   1.000000e+30                   6.000000e+09                      15.000000
                2018685.799109                    1250.000000                   1.000000e+30                   6.000000e+09                      15.000000
                2015571.499258                    1250.000000                   1.000000e+30                   6.000000e+09                      15.000000
                2012457.199406                    1250.000000                   1.000000e+30                   6.000000e+09                      15.000000
                2009342.899555                    1250.000000                   1.000000e+30                   6.000000e+09                      15.000000
                2006228.599703                    1250.000000                   1.000000e+30                   6.000000e+09                      15.000000
                2003114.299852                    1250.000000                   1.000000e+30                   6.000000e+09                      15.000000
                2000000.000000                    1250.000000                   1.000000e+30                   6.000000e+09                      15.000000
                2000000.000000                    2835.952017                   1.000000e+30                   3.000000e+10                      17.000000
                1979160.056554                    2835.952017                   1.000000e+30                   3.000000e+10                      17.000000
                1958320.113108                    2835.952017                   1.000000e+30                   3.000000e+10                      17.000000
                1937480.169662                    2835.952017                   1.000000e+30                   3.000000e+10                      17.000000
                1916640.226216                    2835.952017                   1.000000e+30                   3.000000e+10                      17.000000
                1895800.282769                    2835.952017                   1.000000e+30                   3.000000e+10                      17.000000
                1874960.339323                    2835.952017                   1.000000e+30                   3.000000e+10                      17.000000
                1854120.395877                    2835.952017                   1.000000e+30                   3.000000e+10                      17.000000
                1833280.452431                    2835.952017                   1.000000e+30                   3.000000e+10                      17.000000
                1812440.508985                    2835.952017                   1.000000e+30                   3.000000e+10                      17.000000
                1791600.565539                    2835.952017                   1.000000e+30                   3.000000e+10                      17.000000
                1770760.622093                    2835.952017                   1.000000e+30                   3.000000e+10                      17.000000
                1749920.678647                    2835.952017                   1.000000e+30                   3.000000e+10                      17.000000
                1729080.735201                    2835.952017                   1.000000e+30                   3.000000e+10                      17.000000
                1708240.791754                    2835.952017                   1.000000e+30                   3.000000e+10                      17.000000
                1687400.848308                    2835.952017                   1.000000e+30                   3.000000e+10                      17.000000
                1666560.904862                    2835.952017                   1.000000e+30                   3.000000e+10                      17.000000
                1645720.961416                    2835.952017                   1.000000e+30                   3.000000e+10                      17.000000
                1624881.017970                    2835.952017                   1.000000e+30                   3.000000e+10                      17.000000
                1604041.074524                    2835.952017                   1.000000e+30                   3.000000e+10                      17.000000
                1583201.131078                    2835.952017                   1.000000e+30                   3.000000e+10                      17.000000
                1562361.187632                    2835.952017                   1.000000e+30                   3.000000e+10                      17.000000
                1541521.244186                    2835.952017                   1.000000e+30                   3.000000e+10                      17.000000
                1520681.300739                    2835.952017                   1.000000e+30                   3.000000e+10                      17.000000
                1499841.357293                    2835.952017                   1.000000e+30                   3.000000e+10                      17.000000
                1479001.413847                    2835.952017                   1.000000e+30                   3.000000e+10                      17.000000
                1458161.470401                    2835.952017                   1.000000e+30                   3.000000e+10                      17.000000
                1437321.526955                    2835.952017                   1.000000e+30                   3.000000e+10                      17.000000
                1416481.583509                    2835.952017                   1.000000e+30                   3.000000e+10                      17.000000
                1395641.640063                    2835.952017                   1.000000e+30                   3.000000e+10                      17.000000
                1374801.696617                    2835.952017                   1.000000e+30                   3.000000e+10                      17.000000
                1353961.753171                    2835.952017                   1.000000e+30                   3.000000e+10                      17.000000
                1333121.809724                    2835.952017                   1.000000e+30                   3.000000e+10                      17.000000
                1312281.866278                    2835.952017                   1.000000e+30                   3.000000e+10                      17.000000
                1291441.922832                    2835.952017                   1.000000e+30                   3.000000e+10                      17.000000
                1270601.979386                    2835.952017                   1.000000e+30                   3.000000e+10                      17.000000
                1249762.035940                    2835.952017                   1.000000e+30                   3.000000e+10                      17.000000
                1228922.092494                    2835.952017                   1.000000e+30                   3.000000e+10                      17.000000
                1208082.149048                    2835.952017                   1.000000e+30                   3.000000e+10                      17.000000
                1187242.205602                    2835.952017                   1.000000e+30                   3.000000e+10                      17.000000
                1166402.262156                    2835.952017                   1.000000e+30                   3.000000e+10                      17.000000
                1145562.318709                    2835.952017                   1.000000e+30                   3.000000e+10                      17.000000
                1124722.375263                    2835.952017                   1.000000e+30                   3.000000e+10                      17.000000
                1103882.431817                    2835.952017                   1.000000e+30                   3.000000e+10                      17.000000
                1083042.488371                    2835.952017                   1.000000e+30                   3.000000e+10                      17.000000
                1062202.544925                    2835.952017                   1.000000e+30                   3.000000e+10                      17.000000
                1041362.601479                    2835.952017                   1.000000e+30                   3.000000e+10                      17.000000
                1020522.658033                    2835.952017                   1.000000e+30                   3.000000e+10                      17.000000
                 999682.714587                    2835.952017                   1.000000e+30                   3.000000e+10                      17.000000
                 978842.771141                    2835.952017                   1.000000e+30                   3.000000e+10                      17.000000
                 958002.827694                    2835.952017                   1.000000e+30                   3.000000e+10                      17.000000
                 937162.884248                    2835.952017                   1.000000e+30                   3.000000e+10                      17.000000
                 916322.940802                    2835.952017                   1.000000e+30                   3.000000e+10                      17.000000
                 895482.997356                    2835.952017                   1.000000e+30                   3.000000e+10                      17.000000
                 874643.053910                    2835.952017                   1.000000e+30                   3.000000e+10                      17.000000
                 853803.110464                    2835.952017                   1.000000e+30                   3.000000e+10                      17.000000
                 832963.167018                    2835.952017                   1.000000e+30                   3.000000e+10                      17.000000
                 812123.223572                    2835.952017                   1.000000e+30                   3.000000e+10                      17.000000
                 791283.280126                    2835.952017                   1.000000e+30                   3.000000e+10                      17.000000
                 770443.336679                    2835.952017                   1.000000e+30                   3.000000e+10                      17.000000
                 749603.393233                    2835.952017                   1.000000e+30                   3.000000e+10                      17.000000
                 728763.449787                    2835.952017                   1.000000e+30                   3.000000e+10                      17.000000
                 707923.506341                    2835.952017                   1.000000e+30                   3.000000e+10                      17.000000
                 687083.562895                    2835.952017                   1.000000e+30                   3.000000e+10                      17.000000
                 666243.619449                    2835.952017                   1.000000e+30                   3.000000e+10                      17.000000
                 645403.676003                    2835.952017                   1.000000e+30                   3.000000e+10                      17.000000
                 624563.732557                    2835.952017                   1.000000e+30                   3.000000e+10                      17.000000
                 603723.789111                    2835.952017                   1.000000e+30                   3.000000e+10                      17.000000
                 582883.845664                    2835.952017                   1.000000e+30                   3.000000e+10                      17.000000
                 562043.902218                    2835.952017                   1.000000e+30                   3.000000e+10                      17.000000
                 541203.958772                    2835.952017                   1.000000e+30                   3.000000e+10                      17.000000
                 520364.015326                    2835.952017                   1.000000e+30                   3.000000e+10                      17.000000
                 499524.071880                    2835.952017                   1.000000e+30                   3.000000e+10                      17.000000
                 478684.128434                    2835.952017                   1.000000e+30                   3.000000e+10                      17.000000
                 457844.184988                    2835.952017                   1.000000e+30                   3.000000e+10                      17.000000
                 437004.241542                    2835.952017                   1.000000e+30                   3.000000e+10                      17.000000
                 416164.298096                    2835.952017                   1.000000e+30                   3.000000e+10                      17.000000
                 395324.354649                    2835.952017                   1.000000e+30                   3.000000e+10                      17.000000
                 374484.411203                    2835.952017                   1.000000e+30                   3.000000e+10                      17.000000
                 353644.467757                    2835.952017                   1.000000e+30                   3.000000e+10                      17.000000
                 332804.524311                    2835.952017                   1.000000e+30                   3.000000e+10                      17.000000
                 311964.580865                    2835.952017                   1.000000e+30                   3.000000e+10                      17.000000
                 291124.637419                    2835.952017                   1.000000e+30                   3.000000e+10                      17.000000
                 270284.693973                    2835.952017                   1.000000e+30                   3.000000e+10                      17.000000
                 249444.750527                    2835.952017                   1.000000e+30                   3.000000e+10                      17.000000
                 228604.807081                    2835.952017                   1.000000e+30                   3.000000e+10                      17.000000
                 207764.863634                    2835.952017                   1.000000e+30                   3.000000e+10                      17.000000
                 186924.920188                    2835.952017                   1.000000e+30                   3.000000e+10                      17.000000
                 166084.976742                    2835.952017                   1.000000e+30                   3.000000e+10                      17.000000
                 145245.033296                    2835.952017                   1.000000e+30                   3.000000e+10                      17.000000
                 124405.089850                    2835.952017                   1.000000e+30                   3.000000e+10                      17.000000
                 103565.146404                    2835.952017                   1.000000e+30                   3.000000e+10                      17.000000
                  82725.202958                    2835.952017                   1.000000e+30                   3.000000e+10                      17.000000
                  61885.259512                    2835.952017                   1.000000e+30                   3.000000e+10                      17.000000
                  41045.316066                    2835.952017                   1.000000e+30                   3.000000e+10                      17.000000
                  20205.372620                    2835.952017                   1.000000e+30                   3.000000e+10                      17.000000
                   -634.570827                    2835.952017                   1.000000e+30                   3.000000e+10                      17.000000
                 -21474.514273                    2835.952017                   1.000000e+30                   3.000000e+10                      17.000000
                 -42314.457719                    2835.952017                   1.000000e+30                   3.000000e+10                      17.000000
                 -63154.401165                    2835.952017                   1.000000e+30                   3.000000e+10                      17.000000
                 -83994.344611                    2835.952017                   1.000000e+30                   3.000000e+10                      17.000000
                -104834.288057                    2835.952017                   1.000000e+30                   3.000000e+10                      17.000000
                -125674.231503                    2835.952017                   1.000000e+30                   3.000000e+10                      17.000000
                -146514.174949                    2835.952017                   1.000000e+30                   3.000000e+10                      17.000000
                -167354.118395                    2835.952017                   1.000000e+30                   3.000000e+10                      17.000000
                -188194.061842                    2835.952017                   1.000000e+30                   3.000000e+10                      17.000000
                -209034.005288                    2835.952017                   1.000000e+30                   3.000000e+10                      17.000000
                -229873.948734                    2835.952017                   1.000000e+30                   3.000000e+10                      17.000000
                -250713.892180                    2835.952017                   1.000000e+30                   3.000000e+10                      17.000000
                -271553.835626                    2835.952017                   1.000000e+30                   3.000000e+10                      17.000000
                -292393.779072                    2835.952017                   1.000000e+30                   3.000000e+10                      17.000000
                -313233.722518                    2835.952017                   1.000000e+30                   3.000000e+10                      17.000000
                -334073.665964                    2835.952017                   1.000000e+30                   3.000000e+10                      17.000000
                -354913.609410                    2835.952017                   1.000000e+30                   3.000000e+10                      17.000000
                -375753.552857                    2835.952017                   1.000000e+30                   3.000000e+10                      17.000000
                -396593.496303                    2835.952017                   1.000000e+30                   3.000000e+10                      17.000000
                -417433.439749                    2835.952017                   1.000000e+30                   3.000000e+10                      17.000000
                -438273.383195                    2835.952017                   1.000000e+30                   3.000000e+10                      17.000000
                -459113.326641                    2835.952017                   1.000000e+30                   3.000000e+10                      17.000000
                -479953.270087                    2835.952017                   1.000000e+30                   3.000000e+10                      17.000000
                -500793.213533                    2835.952017                   1.000000e+30                   3.000000e+10                      17.000000
                -521633.156979                    2835.952017                   1.000000e+30                   3.000000e+10                      17.000000
                -542473.100425                    2835.952017                   1.000000e+30                   3.000000e+10                      17.000000
                -563313.043872                    2835.952017                   1.000000e+30                   3.000000e+10                      17.000000
                -584152.987318                    2835.952017                   1.000000e+30                   3.000000e+10                      17.000000
                -604992.930764                    2835.952017                   1.000000e+30                   3.000000e+10                      17.000000
                -625832.874210                    2835.952017                   1.000000e+30                   3.000000e+10                      17.000000
                -646672.817656                    2835.952017                   1.000000e+30                   3.000000e+10                      17.000000
                -667512.761102                    2835.952017                   1.000000e+30                   3.000000e+10                      17.000000
                -688352.704548                    2835.952017                   1.000000e+30                   3.000000e+10                      17.000000
                -688352.704548                    3300.000000                   1.000000e+30                   5.000000e+10                      22.000000
                -683016.559552                    3300.000000                   1.000000e+30                   5.000000e+10                      22.000000
                -677680.414555                    3300.000000                   1.000000e+30                   5.000000e+10                      22.000000
                -672344.269559                    3300.000000                   1.000000e+30                   5.000000e+10                      22.000000
                -667008.124562                    3300.000000                   1.000000e+30                   5.000000e+10                      22.000000
                -661671.979566                    3300.000000                   1.000000e+30                   5.000000e+10                      22.000000
                -656335.834569                    3300.000000                   1.000000e+30                   5.000000e+10                      22.000000
                -650999.689573                    3300.000000                   1.000000e+30                   5.000000e+10                      22.000000
                -645663.544576                    3300.000000                   1.000000e+30                   5.000000e+10                      22.000000
                -640327.399580                    3300.000000                   1.000000e+30                   5.000000e+10                      22.000000
                -634991.254583                    3300.000000                   1.000000e+30                   5.000000e+10                      22.000000
                -629655.109587                    3300.000000                   1.000000e+30                   5.000000e+10                      22.000000
                -624318.964590                    3300.000000                   1.000000e+30                   5.000000e+10                      22.000000
                -618982.819594                    3300.000000                   1.000000e+30                   5.000000e+10                      22.000000
                -613646.674597                    3300.000000                   1.000000e+30                   5.000000e+10                      22.000000
                -608310.529601                    3300.000000                   1.000000e+30                   5.000000e+10                      22.000000
                -602974.384604                    3300.000000                   1.000000e+30                   5.000000e+10                      22.000000
                -597638.239608                    3300.000000                   1.000000e+30                   5.000000e+10                      22.000000
                -592302.094611                    3300.000000                   1.000000e+30                   5.000000e+10                      22.000000
                -586965.949615                    3300.000000                   1.000000e+30                   5.000000e+10                      22.000000
                -581629.804618                    3300.000000                   1.000000e+30                   5.000000e+10                      22.000000
                -576293.659622                    3300.000000                   1.000000e+30                   5.000000e+10                      22.000000
                -570957.514625                    3300.000000                   1.000000e+30                   5.000000e+10                      22.000000
                -565621.369629                    3300.000000                   1.000000e+30                   5.000000e+10                      22.000000
                -560285.224632                    3300.000000                   1.000000e+30                   5.000000e+10                      22.000000
                -554949.079636                    3300.000000                   1.000000e+30                   5.000000e+10                      22.000000
                -549612.934639                    3300.000000                   1.000000e+30                   5.000000e+10                      22.000000
                -544276.789643                    3300.000000                   1.000000e+30                   5.000000e+10                      22.000000
                -538940.644646                    3300.000000                   1.000000e+30                   5.000000e+10                      22.000000
                -533604.499650                    3300.000000                   1.000000e+30                   5.000000e+10                      22.000000
                -528268.354653                    3300.000000                   1.000000e+30                   5.000000e+10                      22.000000
                -522932.209657                    3300.000000                   1.000000e+30                   5.000000e+10                      22.000000
                -517596.064660                    3300.000000                   1.000000e+30                   5.000000e+10                      22.000000
                -512259.919664                    3300.000000                   1.000000e+30                   5.000000e+10                      22.000000
                -506923.774667                    3300.000000                   1.000000e+30                   5.000000e+10                      22.000000
                -501587.629671                    3300.000000                   1.000000e+30                   5.000000e+10                      22.000000
                -496251.484674                    3300.000000                   1.000000e+30                   5.000000e+10                      22.000000
                -490915.339678                    3300.000000                   1.000000e+30                   5.000000e+10                      22.000000
                -485579.194681                    3300.000000                   1.000000e+30                   5.000000e+10                      22.000000
                -480243.049685                    3300.000000                   1.000000e+30                   5.000000e+10                      22.000000
                -474906.904688                    3300.000000                   1.000000e+30                   5.000000e+10                      22.000000
                -469570.759692                    3300.000000                   1.000000e+30                   5.000000e+10                      22.000000
                -464234.614695                    3300.000000                   1.000000e+30                   5.000000e+10                      22.000000
                -458898.469699                    3300.000000                   1.000000e+30                   5.000000e+10                      22.000000
                -453562.324702                    3300.000000                   1.000000e+30                   5.000000e+10                      22.000000
                -448226.179706                    3300.000000                   1.000000e+30                   5.000000e+10                      22.000000
                -442890.034709                    3300.000000                   1.000000e+30                   5.000000e+10                      22.000000
                -437553.889713                    3300.000000                   1.000000e+30                   5.000000e+10                      22.000000
                -432217.744716                    3300.000000                   1.000000e+30                   5.000000e+10                      22.000000
                -426881.599720                    3300.000000                   1.000000e+30                   5.000000e+10                      22.000000
                -421545.454723                    3300.000000                   1.000000e+30                   5.000000e+10                      22.000000
                -416209.309727                    3300.000000                   1.000000e+30                   5.000000e+10                      22.000000
                -410873.164730                    3300.000000                   1.000000e+30                   5.000000e+10                      22.000000
                -405537.019734                    3300.000000                   1.000000e+30                   5.000000e+10                      22.000000
                -400200.874737                    3300.000000                   1.000000e+30                   5.000000e+10                      22.000000
                -394864.729741                    3300.000000                   1.000000e+30                   5.000000e+10                      22.000000
                -389528.584744                    3300.000000                   1.000000e+30                   5.000000e+10                      22.000000
                -384192.439748                    3300.000000                   1.000000e+30                   5.000000e+10                      22.000000
                -378856.294751                    3300.000000                   1.000000e+30                   5.000000e+10                      22.000000
                -373520.149755                    3300.000000                   1.000000e+30                   5.000000e+10                      22.000000
                -368184.004758                    3300.000000                   1.000000e+30                   5.000000e+10                      22.000000
                -362847.859762                    3300.000000                   1.000000e+30                   5.000000e+10                      22.000000
                -357511.714765                    3300.000000                   1.000000e+30                   5.000000e+10                      22.000000
                -352175.569769                    3300.000000                   1.000000e+30                   5.000000e+10                      22.000000
                -346839.424772                    3300.000000                   1.000000e+30                   5.000000e+10                      22.000000
                -341503.279776                    3300.000000                   1.000000e+30                   5.000000e+10                      22.000000
                -336167.134779                    3300.000000                   1.000000e+30                   5.000000e+10                      22.000000
                -330830.989783                    3300.000000                   1.000000e+30                   5.000000e+10                      22.000000
                -325494.844786                    3300.000000                   1.000000e+30                   5.000000e+10                      22.000000
                -320158.699790                    3300.000000                   1.000000e+30                   5.000000e+10                      22.000000
                -314822.554793                    3300.000000                   1.000000e+30                   5.000000e+10                      22.000000
                -309486.409797                    3300.000000                   1.000000e+30                   5.000000e+10                      22.000000
                -304150.264800                    3300.000000                   1.000000e+30                   5.000000e+10                      22.000000
                -298814.119804                    3300.000000                   1.000000e+30                   5.000000e+10                      22.000000
                -293477.974807                    3300.000000                   1.000000e+30                   5.000000e+10                      22.000000
                -288141.829811                    3300.000000                   1.000000e+30                   5.000000e+10                      22.000000
                -282805.684814                    3300.000000                   1.000000e+30                   5.000000e+10                      22.000000
                -277469.539818                    3300.000000                   1.000000e+30                   5.000000e+10                      22.000000
                -272133.394821                    3300.000000                   1.000000e+30                   5.000000e+10                      22.000000
                -266797.249825                    3300.000000                   1.000000e+30                   5.000000e+10                      22.000000
                -261461.104828                    3300.000000                   1.000000e+30                   5.000000e+10                      22.000000
                -256124.959832                    3300.000000                   1.000000e+30                   5.000000e+10                      22.000000
                -250788.814835                    3300.000000                   1.000000e+30                   5.000000e+10                      22.000000
                -245452.669839                    3300.000000                   1.000000e+30                   5.000000e+10                      22.000000
                -240116.524842                    3300.000000                   1.000000e+30                   5.000000e+10                      22.000000
                -234780.379846                    3300.000000                   1.000000e+30                   5.000000e+10                      22.000000
                -229444.234849                    3300.000000                   1.000000e+30                   5.000000e+10                      22.000000
                -224108.089853                    3300.000000                   1.000000e+30                   5.000000e+10                      22.000000
                -218771.944856                    3300.000000                   1.000000e+30                   5.000000e+10                      22.000000
                -213435.799860                    3300.000000                   1.000000e+30                   5.000000e+10                      22.000000
                -208099.654863                    3300.000000                   1.000000e+30                   5.000000e+10                      22.000000
                -202763.509867                    3300.000000                   1.000000e+30                   5.000000e+10                      22.000000
                -197427.364870                    3300.000000                   1.000000e+30                   5.000000e+10                      22.000000
                -192091.219874                    3300.000000                   1.000000e+30                   5.000000e+10                      22.000000
                -186755.074877                    3300.000000                   1.000000e+30                   5.000000e+10                      22.000000
                -181418.929881                    3300.000000                   1.000000e+30                   5.000000e+10                      22.000000
                -176082.784884                    3300.000000                   1.000000e+30                   5.000000e+10                      22.000000
                -170746.639888                    3300.000000                   1.000000e+30                   5.000000e+10                      22.000000
                -165410.494891                    3300.000000                   1.000000e+30                   5.000000e+10                      22.000000
                -160074.349895                    3300.000000                   1.000000e+30                   5.000000e+10                      22.000000
                -154738.204898                    3300.000000                   1.000000e+30                   5.000000e+10                      22.000000
                -149402.059902                    3300.000000                   1.000000e+30                   5.000000e+10                      22.000000
                -144065.914905                    3300.000000                   1.000000e+30                   5.000000e+10                      22.000000
                -138729.769909                    3300.000000                   1.000000e+30                   5.000000e+10                      22.000000
                -133393.624912                    3300.000000                   1.000000e+30                   5.000000e+10                      22.000000
                -128057.479916                    3300.000000                   1.000000e+30                   5.000000e+10                      22.000000
                -122721.334919                    3300.000000                   1.000000e+30                   5.000000e+10                      22.000000
                -117385.189923                    3300.000000                   1.000000e+30                   5.000000e+10                      22.000000
                -112049.044926                    3300.000000                   1.000000e+30                   5.000000e+10                      22.000000
                -106712.899930                    3300.000000                   1.000000e+30                   5.000000e+10                      22.000000
                -101376.754933                    3300.000000                   1.000000e+30                   5.000000e+10                      22.000000
                 -96040.609937                    3300.000000                   1.000000e+30                   5.000000e+10                      22.000000
                 -90704.464940                    3300.000000                   1.000000e+30                   5.000000e+10                      22.000000
                 -85368.319944                    3300.000000                   1.000000e+30                   5.000000e+10                      22.000000
                 -80032.174947                    3300.000000                   1.000000e+30                   5.000000e+10                      22.000000
                 -74696.029951                    3300.000000                   1.000000e+30                   5.000000e+10                      22.000000
                 -69359.884954                    3300.000000                   1.000000e+30                   5.000000e+10                      22.000000
                 -64023.739958                    3300.000000                   1.000000e+30                   5.000000e+10                      22.000000
                 -58687.594961                    3300.000000                   1.000000e+30                   5.000000e+10                      22.000000
                 -53351.449965                    3300.000000                   1.000000e+30                   5.000000e+10                      22.000000
                 -48015.304968                    3300.000000                   1.000000e+30                   5.000000e+10                      22.000000
                 -42679.159972                    3300.000000                   1.000000e+30                   5.000000e+10                      22.000000
                 -37343.014975                    3300.000000                   1.000000e+30                   5.000000e+10                      22.000000
                 -32006.869979                    3300.000000                   1.000000e+30                   5.000000e+10                      22.000000
                 -26670.724982                    3300.000000                   1.000000e+30                   5.000000e+10                      22.000000
                 -21334.579986                    3300.000000                   1.000000e+30                   5.000000e+10                      22.000000
                 -15998.434989                    3300.000000                   1.000000e+30                   5.000000e+10                      22.000000
                 -10662.289993                    3300.000000                   1.000000e+30                   5.000000e+10                      22.000000
                  -5326.144996                    3300.000000                   1.000000e+30                   5.000000e+10                      22.000000
                     10.000000                    3300.000000                   1.000000e+30                   5.000000e+10                      22.000000
