                   #Radius (m)               Density (kg/m^3)              Bulk modulus (Pa)             Shear modulus (Pa)               Viscosity (Pa.s)
                2575000.000000                     930.000000                   1.000000e+30                   3.500000e+09                      24.000000
                2574999.710145                     930.000000                   1.000000e+30                   3.500000e+09                      24.000000
                2574999.420290                     930.000000                   1.000000e+30                   3.500000e+09                      24.000000
                2574999.130435                     930.000000                   1.000000e+30                   3.500000e+09                      24.000000
                2574998.840580                     930.000000                   1.000000e+30                   3.500000e+09                      24.000000
                2574998.550725                     930.000000                   1.000000e+30                   3.500000e+09                      24.000000
                2574998.260870                     930.000000                   1.000000e+30                   3.500000e+09                      24.000000
                2574997.971014                     930.000000                   1.000000e+30                   3.500000e+09                      24.000000
                2574997.681159                     930.000000                   1.000000e+30                   3.500000e+09                      24.000000
                2574997.391304                     930.000000                   1.000000e+30                   3.500000e+09                      24.000000
                2574997.101449                     930.000000                   1.000000e+30                   3.500000e+09                      24.000000
                2574996.811594                     930.000000                   1.000000e+30                   3.500000e+09                      24.000000
                2574996.521739                     930.000000                   1.000000e+30                   3.500000e+09                      24.000000
                2574996.231884                     930.000000                   1.000000e+30                   3.500000e+09                      24.000000
                2574995.942029                     930.000000                   1.000000e+30                   3.500000e+09                      24.000000
                2574995.652174                     930.000000                   1.000000e+30                   3.500000e+09                      24.000000
                2574995.362319                     930.000000                   1.000000e+30                   3.500000e+09                      24.000000
                2574995.072464                     930.000000                   1.000000e+30                   3.500000e+09                      24.000000
                2574994.782609                     930.000000                   1.000000e+30                   3.500000e+09                      24.000000
                2574994.492754                     930.000000                   1.000000e+30                   3.500000e+09                      24.000000
                2574994.202899                     930.000000                   1.000000e+30                   3.500000e+09                      24.000000
                2574993.913043                     930.000000                   1.000000e+30                   3.500000e+09                      24.000000
                2574993.623188                     930.000000                   1.000000e+30                   3.500000e+09                      24.000000
                2574993.333333                     930.000000                   1.000000e+30                   3.500000e+09                      24.000000
                2574993.043478                     930.000000                   1.000000e+30                   3.500000e+09                      24.000000
                2574992.753623                     930.000000                   1.000000e+30                   3.500000e+09                      24.000000
                2574992.463768                     930.000000                   1.000000e+30                   3.500000e+09                      24.000000
                2574992.173913                     930.000000                   1.000000e+30                   3.500000e+09                      24.000000
                2574991.884058                     930.000000                   1.000000e+30                   3.500000e+09                      24.000000
                2574991.594203                     930.000000                   1.000000e+30                   3.500000e+09                      24.000000
                2574991.304348                     930.000000                   1.000000e+30                   3.500000e+09                      24.000000
                2574991.014493                     930.000000                   1.000000e+30                   3.500000e+09                      24.000000
                2574990.724638                     930.000000                   1.000000e+30                   3.500000e+09                      24.000000
                2574990.434783                     930.000000                   1.000000e+30                   3.500000e+09                      24.000000
                2574990.144928                     930.000000                   1.000000e+30                   3.500000e+09                      24.000000
                2574989.855072                     930.000000                   1.000000e+30                   3.500000e+09                      24.000000
                2574989.565217                     930.000000                   1.000000e+30                   3.500000e+09                      24.000000
                2574989.275362                     930.000000                   1.000000e+30                   3.500000e+09                      24.000000
                2574988.985507                     930.000000                   1.000000e+30                   3.500000e+09                      24.000000
                2574988.695652                     930.000000                   1.000000e+30                   3.500000e+09                      24.000000
                2574988.405797                     930.000000                   1.000000e+30                   3.500000e+09                      24.000000
                2574988.115942                     930.000000                   1.000000e+30                   3.500000e+09                      24.000000
                2574987.826087                     930.000000                   1.000000e+30                   3.500000e+09                      24.000000
                2574987.536232                     930.000000                   1.000000e+30                   3.500000e+09                      24.000000
                2574987.246377                     930.000000                   1.000000e+30                   3.500000e+09                      24.000000
                2574986.956522                     930.000000                   1.000000e+30                   3.500000e+09                      24.000000
                2574986.666667                     930.000000                   1.000000e+30                   3.500000e+09                      24.000000
                2574986.376812                     930.000000                   1.000000e+30                   3.500000e+09                      24.000000
                2574986.086957                     930.000000                   1.000000e+30                   3.500000e+09                      24.000000
                2574985.797101                     930.000000                   1.000000e+30                   3.500000e+09                      24.000000
                2574985.507246                     930.000000                   1.000000e+30                   3.500000e+09                      24.000000
                2574985.217391                     930.000000                   1.000000e+30                   3.500000e+09                      24.000000
                2574984.927536                     930.000000                   1.000000e+30                   3.500000e+09                      24.000000
                2574984.637681                     930.000000                   1.000000e+30                   3.500000e+09                      24.000000
                2574984.347826                     930.000000                   1.000000e+30                   3.500000e+09                      24.000000
                2574984.057971                     930.000000                   1.000000e+30                   3.500000e+09                      24.000000
                2574983.768116                     930.000000                   1.000000e+30                   3.500000e+09                      24.000000
                2574983.478261                     930.000000                   1.000000e+30                   3.500000e+09                      24.000000
                2574983.188406                     930.000000                   1.000000e+30                   3.500000e+09                      24.000000
                2574982.898551                     930.000000                   1.000000e+30                   3.500000e+09                      24.000000
                2574982.608696                     930.000000                   1.000000e+30                   3.500000e+09                      24.000000
                2574982.318841                     930.000000                   1.000000e+30                   3.500000e+09                      24.000000
                2574982.028986                     930.000000                   1.000000e+30                   3.500000e+09                      24.000000
                2574981.739130                     930.000000                   1.000000e+30                   3.500000e+09                      24.000000
                2574981.449275                     930.000000                   1.000000e+30                   3.500000e+09                      24.000000
                2574981.159420                     930.000000                   1.000000e+30                   3.500000e+09                      24.000000
                2574980.869565                     930.000000                   1.000000e+30                   3.500000e+09                      24.000000
                2574980.579710                     930.000000                   1.000000e+30                   3.500000e+09                      24.000000
                2574980.289855                     930.000000                   1.000000e+30                   3.500000e+09                      24.000000
                2574980.000000                     930.000000                   1.000000e+30                   3.500000e+09                      24.000000
                2574980.000000                     930.000000                   1.000000e+30                   3.500000e+09                      15.000000
                2573685.581395                     930.000000                   1.000000e+30                   3.500000e+09                      15.000000
                2572391.162791                     930.000000                   1.000000e+30                   3.500000e+09                      15.000000
                2571096.744186                     930.000000                   1.000000e+30                   3.500000e+09                      15.000000
                2569802.325581                     930.000000                   1.000000e+30                   3.500000e+09                      15.000000
                2568507.906977                     930.000000                   1.000000e+30                   3.500000e+09                      15.000000
                2567213.488372                     930.000000                   1.000000e+30                   3.500000e+09                      15.000000
                2565919.069767                     930.000000                   1.000000e+30                   3.500000e+09                      15.000000
                2564624.651163                     930.000000                   1.000000e+30                   3.500000e+09                      15.000000
                2563330.232558                     930.000000                   1.000000e+30                   3.500000e+09                      15.000000
                2562035.813953                     930.000000                   1.000000e+30                   3.500000e+09                      15.000000
                2560741.395349                     930.000000                   1.000000e+30                   3.500000e+09                      15.000000
                2559446.976744                     930.000000                   1.000000e+30                   3.500000e+09                      15.000000
                2558152.558140                     930.000000                   1.000000e+30                   3.500000e+09                      15.000000
                2556858.139535                     930.000000                   1.000000e+30                   3.500000e+09                      15.000000
                2555563.720930                     930.000000                   1.000000e+30                   3.500000e+09                      15.000000
                2554269.302326                     930.000000                   1.000000e+30                   3.500000e+09                      15.000000
                2552974.883721                     930.000000                   1.000000e+30                   3.500000e+09                      15.000000
                2551680.465116                     930.000000                   1.000000e+30                   3.500000e+09                      15.000000
                2550386.046512                     930.000000                   1.000000e+30                   3.500000e+09                      15.000000
                2549091.627907                     930.000000                   1.000000e+30                   3.500000e+09                      15.000000
                2547797.209302                     930.000000                   1.000000e+30                   3.500000e+09                      15.000000
                2546502.790698                     930.000000                   1.000000e+30                   3.500000e+09                      15.000000
                2545208.372093                     930.000000                   1.000000e+30                   3.500000e+09                      15.000000
                2543913.953488                     930.000000                   1.000000e+30                   3.500000e+09                      15.000000
                2542619.534884                     930.000000                   1.000000e+30                   3.500000e+09                      15.000000
                2541325.116279                     930.000000                   1.000000e+30                   3.500000e+09                      15.000000
                2540030.697674                     930.000000                   1.000000e+30                   3.500000e+09                      15.000000
                2538736.279070                     930.000000                   1.000000e+30                   3.500000e+09                      15.000000
                2537441.860465                     930.000000                   1.000000e+30                   3.500000e+09                      15.000000
                2536147.441860                     930.000000                   1.000000e+30                   3.500000e+09                      15.000000
                2534853.023256                     930.000000                   1.000000e+30                   3.500000e+09                      15.000000
                2533558.604651                     930.000000                   1.000000e+30                   3.500000e+09                      15.000000
                2532264.186047                     930.000000                   1.000000e+30                   3.500000e+09                      15.000000
                2530969.767442                     930.000000                   1.000000e+30                   3.500000e+09                      15.000000
                2529675.348837                     930.000000                   1.000000e+30                   3.500000e+09                      15.000000
                2528380.930233                     930.000000                   1.000000e+30                   3.500000e+09                      15.000000
                2527086.511628                     930.000000                   1.000000e+30                   3.500000e+09                      15.000000
                2525792.093023                     930.000000                   1.000000e+30                   3.500000e+09                      15.000000
                2524497.674419                     930.000000                   1.000000e+30                   3.500000e+09                      15.000000
                2523203.255814                     930.000000                   1.000000e+30                   3.500000e+09                      15.000000
                2521908.837209                     930.000000                   1.000000e+30                   3.500000e+09                      15.000000
                2520614.418605                     930.000000                   1.000000e+30                   3.500000e+09                      15.000000
                2519320.000000                     930.000000                   1.000000e+30                   3.500000e+09                      15.000000
                2518025.581395                     930.000000                   1.000000e+30                   3.500000e+09                      15.000000
                2516731.162791                     930.000000                   1.000000e+30                   3.500000e+09                      15.000000
                2515436.744186                     930.000000                   1.000000e+30                   3.500000e+09                      15.000000
                2514142.325581                     930.000000                   1.000000e+30                   3.500000e+09                      15.000000
                2512847.906977                     930.000000                   1.000000e+30                   3.500000e+09                      15.000000
                2511553.488372                     930.000000                   1.000000e+30                   3.500000e+09                      15.000000
                2510259.069767                     930.000000                   1.000000e+30                   3.500000e+09                      15.000000
                2508964.651163                     930.000000                   1.000000e+30                   3.500000e+09                      15.000000
                2507670.232558                     930.000000                   1.000000e+30                   3.500000e+09                      15.000000
                2506375.813953                     930.000000                   1.000000e+30                   3.500000e+09                      15.000000
                2505081.395349                     930.000000                   1.000000e+30                   3.500000e+09                      15.000000
                2503786.976744                     930.000000                   1.000000e+30                   3.500000e+09                      15.000000
                2502492.558140                     930.000000                   1.000000e+30                   3.500000e+09                      15.000000
                2501198.139535                     930.000000                   1.000000e+30                   3.500000e+09                      15.000000
                2499903.720930                     930.000000                   1.000000e+30                   3.500000e+09                      15.000000
                2498609.302326                     930.000000                   1.000000e+30                   3.500000e+09                      15.000000
                2497314.883721                     930.000000                   1.000000e+30                   3.500000e+09                      15.000000
                2496020.465116                     930.000000                   1.000000e+30                   3.500000e+09                      15.000000
                2494726.046512                     930.000000                   1.000000e+30                   3.500000e+09                      15.000000
                2493431.627907                     930.000000                   1.000000e+30                   3.500000e+09                      15.000000
                2492137.209302                     930.000000                   1.000000e+30                   3.500000e+09                      15.000000
                2490842.790698                     930.000000                   1.000000e+30                   3.500000e+09                      15.000000
                2489548.372093                     930.000000                   1.000000e+30                   3.500000e+09                      15.000000
                2488253.953488                     930.000000                   1.000000e+30                   3.500000e+09                      15.000000
                2486959.534884                     930.000000                   1.000000e+30                   3.500000e+09                      15.000000
                2485665.116279                     930.000000                   1.000000e+30                   3.500000e+09                      15.000000
                2484370.697674                     930.000000                   1.000000e+30                   3.500000e+09                      15.000000
                2483076.279070                     930.000000                   1.000000e+30                   3.500000e+09                      15.000000
                2481781.860465                     930.000000                   1.000000e+30                   3.500000e+09                      15.000000
                2480487.441860                     930.000000                   1.000000e+30                   3.500000e+09                      15.000000
                2479193.023256                     930.000000                   1.000000e+30                   3.500000e+09                      15.000000
                2477898.604651                     930.000000                   1.000000e+30                   3.500000e+09                      15.000000
                2476604.186047                     930.000000                   1.000000e+30                   3.500000e+09                      15.000000
                2475309.767442                     930.000000                   1.000000e+30                   3.500000e+09                      15.000000
                2474015.348837                     930.000000                   1.000000e+30                   3.500000e+09                      15.000000
                2472720.930233                     930.000000                   1.000000e+30                   3.500000e+09                      15.000000
                2471426.511628                     930.000000                   1.000000e+30                   3.500000e+09                      15.000000
                2470132.093023                     930.000000                   1.000000e+30                   3.500000e+09                      15.000000
                2468837.674419                     930.000000                   1.000000e+30                   3.500000e+09                      15.000000
                2467543.255814                     930.000000                   1.000000e+30                   3.500000e+09                      15.000000
                2466248.837209                     930.000000                   1.000000e+30                   3.500000e+09                      15.000000
                2464954.418605                     930.000000                   1.000000e+30                   3.500000e+09                      15.000000
                2463660.000000                     930.000000                   1.000000e+30                   3.500000e+09                      15.000000
                2462365.581395                     930.000000                   1.000000e+30                   3.500000e+09                      15.000000
                2461071.162791                     930.000000                   1.000000e+30                   3.500000e+09                      15.000000
                2459776.744186                     930.000000                   1.000000e+30                   3.500000e+09                      15.000000
                2458482.325581                     930.000000                   1.000000e+30                   3.500000e+09                      15.000000
                2457187.906977                     930.000000                   1.000000e+30                   3.500000e+09                      15.000000
                2455893.488372                     930.000000                   1.000000e+30                   3.500000e+09                      15.000000
                2454599.069767                     930.000000                   1.000000e+30                   3.500000e+09                      15.000000
                2453304.651163                     930.000000                   1.000000e+30                   3.500000e+09                      15.000000
                2452010.232558                     930.000000                   1.000000e+30                   3.500000e+09                      15.000000
                2450715.813953                     930.000000                   1.000000e+30                   3.500000e+09                      15.000000
                2449421.395349                     930.000000                   1.000000e+30                   3.500000e+09                      15.000000
                2448126.976744                     930.000000                   1.000000e+30                   3.500000e+09                      15.000000
                2446832.558140                     930.000000                   1.000000e+30                   3.500000e+09                      15.000000
                2445538.139535                     930.000000                   1.000000e+30                   3.500000e+09                      15.000000
                2444243.720930                     930.000000                   1.000000e+30                   3.500000e+09                      15.000000
                2442949.302326                     930.000000                   1.000000e+30                   3.500000e+09                      15.000000
                2441654.883721                     930.000000                   1.000000e+30                   3.500000e+09                      15.000000
                2440360.465116                     930.000000                   1.000000e+30                   3.500000e+09                      15.000000
                2439066.046512                     930.000000                   1.000000e+30                   3.500000e+09                      15.000000
                2437771.627907                     930.000000                   1.000000e+30                   3.500000e+09                      15.000000
                2436477.209302                     930.000000                   1.000000e+30                   3.500000e+09                      15.000000
                2435182.790698                     930.000000                   1.000000e+30                   3.500000e+09                      15.000000
                2433888.372093                     930.000000                   1.000000e+30                   3.500000e+09                      15.000000
                2432593.953488                     930.000000                   1.000000e+30                   3.500000e+09                      15.000000
                2431299.534884                     930.000000                   1.000000e+30                   3.500000e+09                      15.000000
                2430005.116279                     930.000000                   1.000000e+30                   3.500000e+09                      15.000000
                2428710.697674                     930.000000                   1.000000e+30                   3.500000e+09                      15.000000
                2427416.279070                     930.000000                   1.000000e+30                   3.500000e+09                      15.000000
                2426121.860465                     930.000000                   1.000000e+30                   3.500000e+09                      15.000000
                2424827.441860                     930.000000                   1.000000e+30                   3.500000e+09                      15.000000
                2423533.023256                     930.000000                   1.000000e+30                   3.500000e+09                      15.000000
                2422238.604651                     930.000000                   1.000000e+30                   3.500000e+09                      15.000000
                2420944.186047                     930.000000                   1.000000e+30                   3.500000e+09                      15.000000
                2419649.767442                     930.000000                   1.000000e+30                   3.500000e+09                      15.000000
                2418355.348837                     930.000000                   1.000000e+30                   3.500000e+09                      15.000000
                2417060.930233                     930.000000                   1.000000e+30                   3.500000e+09                      15.000000
                2415766.511628                     930.000000                   1.000000e+30                   3.500000e+09                      15.000000
                2414472.093023                     930.000000                   1.000000e+30                   3.500000e+09                      15.000000
                2413177.674419                     930.000000                   1.000000e+30                   3.500000e+09                      15.000000
                2411883.255814                     930.000000                   1.000000e+30                   3.500000e+09                      15.000000
                2410588.837209                     930.000000                   1.000000e+30                   3.500000e+09                      15.000000
                2409294.418605                     930.000000                   1.000000e+30                   3.500000e+09                      15.000000
                2408000.000000                     930.000000                   1.000000e+30                   3.500000e+09                      15.000000
                2408000.000000                    1100.000000                   1.000000e+30                   0.000000e+00                       2.000000
                2407998.992175                    1100.000000                   1.000000e+30                   0.000000e+00                       2.000000
                2407997.201040                    1100.000000                   1.000000e+30                   0.000000e+00                       2.000000
                2407994.515665                    1100.000000                   1.000000e+30                   0.000000e+00                       2.000000
                2407990.937643                    1100.000000                   1.000000e+30                   0.000000e+00                       2.000000
                2407986.469096                    1100.000000                   1.000000e+30                   0.000000e+00                       2.000000
                2407981.112675                    1100.000000                   1.000000e+30                   0.000000e+00                       2.000000
                2407974.871554                    1100.000000                   1.000000e+30                   0.000000e+00                       2.000000
                2407967.749437                    1100.000000                   1.000000e+30                   0.000000e+00                       2.000000
                2407959.750547                    1100.000000                   1.000000e+30                   0.000000e+00                       2.000000
                2407950.879627                    1100.000000                   1.000000e+30                   0.000000e+00                       2.000000
                2407941.141940                    1100.000000                   1.000000e+30                   0.000000e+00                       2.000000
                2407930.543259                    1100.000000                   1.000000e+30                   0.000000e+00                       2.000000
                2407919.089870                    1100.000000                   1.000000e+30                   0.000000e+00                       2.000000
                2407906.788566                    1100.000000                   1.000000e+30                   0.000000e+00                       2.000000
                2407893.646643                    1100.000000                   1.000000e+30                   0.000000e+00                       2.000000
                2407879.671894                    1100.000000                   1.000000e+30                   0.000000e+00                       2.000000
                2407864.872608                    1100.000000                   1.000000e+30                   0.000000e+00                       2.000000
                2407849.257560                    1100.000000                   1.000000e+30                   0.000000e+00                       2.000000
                2407832.836012                    1100.000000                   1.000000e+30                   0.000000e+00                       2.000000
                2407815.617703                    1100.000000                   1.000000e+30                   0.000000e+00                       2.000000
                2407797.612844                    1100.000000                   1.000000e+30                   0.000000e+00                       2.000000
                2407778.832113                    1100.000000                   1.000000e+30                   0.000000e+00                       2.000000
                2407759.286649                    1100.000000                   1.000000e+30                   0.000000e+00                       2.000000
                2407738.988042                    1100.000000                   1.000000e+30                   0.000000e+00                       2.000000
                2407717.948332                    1100.000000                   1.000000e+30                   0.000000e+00                       2.000000
                2407696.179995                    1100.000000                   1.000000e+30                   0.000000e+00                       2.000000
                2407673.695943                    1100.000000                   1.000000e+30                   0.000000e+00                       2.000000
                2407650.509509                    1100.000000                   1.000000e+30                   0.000000e+00                       2.000000
                2407626.634444                    1100.000000                   1.000000e+30                   0.000000e+00                       2.000000
                2407602.084908                    1100.000000                   1.000000e+30                   0.000000e+00                       2.000000
                2407576.875460                    1100.000000                   1.000000e+30                   0.000000e+00                       2.000000
                2407551.021051                    1100.000000                   1.000000e+30                   0.000000e+00                       2.000000
                2407524.537014                    1100.000000                   1.000000e+30                   0.000000e+00                       2.000000
                2407497.439055                    1100.000000                   1.000000e+30                   0.000000e+00                       2.000000
                2407469.743246                    1100.000000                   1.000000e+30                   0.000000e+00                       2.000000
                2407441.466011                    1100.000000                   1.000000e+30                   0.000000e+00                       2.000000
                2407412.624121                    1100.000000                   1.000000e+30                   0.000000e+00                       2.000000
                2407383.234681                    1100.000000                   1.000000e+30                   0.000000e+00                       2.000000
                2407353.315120                    1100.000000                   1.000000e+30                   0.000000e+00                       2.000000
                2407322.883183                    1100.000000                   1.000000e+30                   0.000000e+00                       2.000000
                2407291.956917                    1100.000000                   1.000000e+30                   0.000000e+00                       2.000000
                2407260.554664                    1100.000000                   1.000000e+30                   0.000000e+00                       2.000000
                2407228.695047                    1100.000000                   1.000000e+30                   0.000000e+00                       2.000000
                2407196.396960                    1100.000000                   1.000000e+30                   0.000000e+00                       2.000000
                2407163.679559                    1100.000000                   1.000000e+30                   0.000000e+00                       2.000000
                2407130.562247                    1100.000000                   1.000000e+30                   0.000000e+00                       2.000000
                2407097.064665                    1100.000000                   1.000000e+30                   0.000000e+00                       2.000000
                2407063.206677                    1100.000000                   1.000000e+30                   0.000000e+00                       2.000000
                2407029.008365                    1100.000000                   1.000000e+30                   0.000000e+00                       2.000000
                2406994.490011                    1100.000000                   1.000000e+30                   0.000000e+00                       2.000000
                2406959.672084                    1100.000000                   1.000000e+30                   0.000000e+00                       2.000000
                2406924.575235                    1100.000000                   1.000000e+30                   0.000000e+00                       2.000000
                2406889.220278                    1100.000000                   1.000000e+30                   0.000000e+00                       2.000000
                2406853.628181                    1100.000000                   1.000000e+30                   0.000000e+00                       2.000000
                2406817.820052                    1100.000000                   1.000000e+30                   0.000000e+00                       2.000000
                2406781.817128                    1100.000000                   1.000000e+30                   0.000000e+00                       2.000000
                2406745.640760                    1100.000000                   1.000000e+30                   0.000000e+00                       2.000000
                2406709.312402                    1100.000000                   1.000000e+30                   0.000000e+00                       2.000000
                2406672.853601                    1100.000000                   1.000000e+30                   0.000000e+00                       2.000000
                2406636.285978                    1100.000000                   1.000000e+30                   0.000000e+00                       2.000000
                2406599.631220                    1100.000000                   1.000000e+30                   0.000000e+00                       2.000000
                2406562.911066                    1100.000000                   1.000000e+30                   0.000000e+00                       2.000000
                2406526.147292                    1100.000000                   1.000000e+30                   0.000000e+00                       2.000000
                2406489.361702                    1100.000000                   1.000000e+30                   0.000000e+00                       2.000000
                2406452.576112                    1100.000000                   1.000000e+30                   0.000000e+00                       2.000000
                2406415.812339                    1100.000000                   1.000000e+30                   0.000000e+00                       2.000000
                2406379.092184                    1100.000000                   1.000000e+30                   0.000000e+00                       2.000000
                2406342.437426                    1100.000000                   1.000000e+30                   0.000000e+00                       2.000000
                2406305.869803                    1100.000000                   1.000000e+30                   0.000000e+00                       2.000000
                2406269.411002                    1100.000000                   1.000000e+30                   0.000000e+00                       2.000000
                2406233.082645                    1100.000000                   1.000000e+30                   0.000000e+00                       2.000000
                2406196.906276                    1100.000000                   1.000000e+30                   0.000000e+00                       2.000000
                2406160.903352                    1100.000000                   1.000000e+30                   0.000000e+00                       2.000000
                2406125.095223                    1100.000000                   1.000000e+30                   0.000000e+00                       2.000000
                2406089.503126                    1100.000000                   1.000000e+30                   0.000000e+00                       2.000000
                2406054.148169                    1100.000000                   1.000000e+30                   0.000000e+00                       2.000000
                2406019.051320                    1100.000000                   1.000000e+30                   0.000000e+00                       2.000000
                2405984.233394                    1100.000000                   1.000000e+30                   0.000000e+00                       2.000000
                2405949.715039                    1100.000000                   1.000000e+30                   0.000000e+00                       2.000000
                2405915.516727                    1100.000000                   1.000000e+30                   0.000000e+00                       2.000000
                2405881.658740                    1100.000000                   1.000000e+30                   0.000000e+00                       2.000000
                2405848.161157                    1100.000000                   1.000000e+30                   0.000000e+00                       2.000000
                2405815.043845                    1100.000000                   1.000000e+30                   0.000000e+00                       2.000000
                2405782.326444                    1100.000000                   1.000000e+30                   0.000000e+00                       2.000000
                2405750.028358                    1100.000000                   1.000000e+30                   0.000000e+00                       2.000000
                2405718.168740                    1100.000000                   1.000000e+30                   0.000000e+00                       2.000000
                2405686.766487                    1100.000000                   1.000000e+30                   0.000000e+00                       2.000000
                2405655.840221                    1100.000000                   1.000000e+30                   0.000000e+00                       2.000000
                2405625.408284                    1100.000000                   1.000000e+30                   0.000000e+00                       2.000000
                2405595.488723                    1100.000000                   1.000000e+30                   0.000000e+00                       2.000000
                2405566.099283                    1100.000000                   1.000000e+30                   0.000000e+00                       2.000000
                2405537.257393                    1100.000000                   1.000000e+30                   0.000000e+00                       2.000000
                2405508.980158                    1100.000000                   1.000000e+30                   0.000000e+00                       2.000000
                2405481.284349                    1100.000000                   1.000000e+30                   0.000000e+00                       2.000000
                2405454.186390                    1100.000000                   1.000000e+30                   0.000000e+00                       2.000000
                2405427.702353                    1100.000000                   1.000000e+30                   0.000000e+00                       2.000000
                2405401.847944                    1100.000000                   1.000000e+30                   0.000000e+00                       2.000000
                2405376.638496                    1100.000000                   1.000000e+30                   0.000000e+00                       2.000000
                2405352.088960                    1100.000000                   1.000000e+30                   0.000000e+00                       2.000000
                2405328.213895                    1100.000000                   1.000000e+30                   0.000000e+00                       2.000000
                2405305.027461                    1100.000000                   1.000000e+30                   0.000000e+00                       2.000000
                2405282.543409                    1100.000000                   1.000000e+30                   0.000000e+00                       2.000000
                2405260.775073                    1100.000000                   1.000000e+30                   0.000000e+00                       2.000000
                2405239.735362                    1100.000000                   1.000000e+30                   0.000000e+00                       2.000000
                2405219.436756                    1100.000000                   1.000000e+30                   0.000000e+00                       2.000000
                2405199.891291                    1100.000000                   1.000000e+30                   0.000000e+00                       2.000000
                2405181.110560                    1100.000000                   1.000000e+30                   0.000000e+00                       2.000000
                2405163.105701                    1100.000000                   1.000000e+30                   0.000000e+00                       2.000000
                2405145.887392                    1100.000000                   1.000000e+30                   0.000000e+00                       2.000000
                2405129.465844                    1100.000000                   1.000000e+30                   0.000000e+00                       2.000000
                2405113.850797                    1100.000000                   1.000000e+30                   0.000000e+00                       2.000000
                2405099.051510                    1100.000000                   1.000000e+30                   0.000000e+00                       2.000000
                2405085.076761                    1100.000000                   1.000000e+30                   0.000000e+00                       2.000000
                2405071.934838                    1100.000000                   1.000000e+30                   0.000000e+00                       2.000000
                2405059.633534                    1100.000000                   1.000000e+30                   0.000000e+00                       2.000000
                2405048.180146                    1100.000000                   1.000000e+30                   0.000000e+00                       2.000000
                2405037.581465                    1100.000000                   1.000000e+30                   0.000000e+00                       2.000000
                2405027.843777                    1100.000000                   1.000000e+30                   0.000000e+00                       2.000000
                2405018.972857                    1100.000000                   1.000000e+30                   0.000000e+00                       2.000000
                2405010.973967                    1100.000000                   1.000000e+30                   0.000000e+00                       2.000000
                2405003.851850                    1100.000000                   1.000000e+30                   0.000000e+00                       2.000000
                2404997.610730                    1100.000000                   1.000000e+30                   0.000000e+00                       2.000000
                2404992.254308                    1100.000000                   1.000000e+30                   0.000000e+00                       2.000000
                2404987.785761                    1100.000000                   1.000000e+30                   0.000000e+00                       2.000000
                2404984.207739                    1100.000000                   1.000000e+30                   0.000000e+00                       2.000000
                2404981.522364                    1100.000000                   1.000000e+30                   0.000000e+00                       2.000000
                2404979.731229                    1100.000000                   1.000000e+30                   0.000000e+00                       2.000000
                2404978.835396                    1100.000000                   1.000000e+30                   0.000000e+00                       2.000000
                2404978.723404                    1100.000000                   1.000000e+30                   0.000000e+00                       2.000000
                2404978.723404                    1250.000000                   1.000000e+30                   6.000000e+09                      15.000000
                2401839.353455                    1250.000000                   1.000000e+30                   6.000000e+09                      15.000000
                2398699.983507                    1250.000000                   1.000000e+30                   6.000000e+09                      15.000000
                2395560.613558                    1250.000000                   1.000000e+30                   6.000000e+09                      15.000000
                2392421.243609                    1250.000000                   1.000000e+30                   6.000000e+09                      15.000000
                2389281.873660                    1250.000000                   1.000000e+30                   6.000000e+09                      15.000000
                2386142.503711                    1250.000000                   1.000000e+30                   6.000000e+09                      15.000000
                2383003.133762                    1250.000000                   1.000000e+30                   6.000000e+09                      15.000000
                2379863.763813                    1250.000000                   1.000000e+30                   6.000000e+09                      15.000000
                2376724.393864                    1250.000000                   1.000000e+30                   6.000000e+09                      15.000000
                2373585.023916                    1250.000000                   1.000000e+30                   6.000000e+09                      15.000000
                2370445.653967                    1250.000000                   1.000000e+30                   6.000000e+09                      15.000000
                2367306.284018                    1250.000000                   1.000000e+30                   6.000000e+09                      15.000000
                2364166.914069                    1250.000000                   1.000000e+30                   6.000000e+09                      15.000000
                2361027.544120                    1250.000000                   1.000000e+30                   6.000000e+09                      15.000000
                2357888.174171                    1250.000000                   1.000000e+30                   6.000000e+09                      15.000000
                2354748.804222                    1250.000000                   1.000000e+30                   6.000000e+09                      15.000000
                2351609.434273                    1250.000000                   1.000000e+30                   6.000000e+09                      15.000000
                2348470.064325                    1250.000000                   1.000000e+30                   6.000000e+09                      15.000000
                2345330.694376                    1250.000000                   1.000000e+30                   6.000000e+09                      15.000000
                2342191.324427                    1250.000000                   1.000000e+30                   6.000000e+09                      15.000000
                2339051.954478                    1250.000000                   1.000000e+30                   6.000000e+09                      15.000000
                2335912.584529                    1250.000000                   1.000000e+30                   6.000000e+09                      15.000000
                2332773.214580                    1250.000000                   1.000000e+30                   6.000000e+09                      15.000000
                2329633.844631                    1250.000000                   1.000000e+30                   6.000000e+09                      15.000000
                2326494.474683                    1250.000000                   1.000000e+30                   6.000000e+09                      15.000000
                2323355.104734                    1250.000000                   1.000000e+30                   6.000000e+09                      15.000000
                2320215.734785                    1250.000000                   1.000000e+30                   6.000000e+09                      15.000000
                2317076.364836                    1250.000000                   1.000000e+30                   6.000000e+09                      15.000000
                2313936.994887                    1250.000000                   1.000000e+30                   6.000000e+09                      15.000000
                2310797.624938                    1250.000000                   1.000000e+30                   6.000000e+09                      15.000000
                2307658.254989                    1250.000000                   1.000000e+30                   6.000000e+09                      15.000000
                2304518.885040                    1250.000000                   1.000000e+30                   6.000000e+09                      15.000000
                2301379.515092                    1250.000000                   1.000000e+30                   6.000000e+09                      15.000000
                2298240.145143                    1250.000000                   1.000000e+30                   6.000000e+09                      15.000000
                2295100.775194                    1250.000000                   1.000000e+30                   6.000000e+09                      15.000000
                2291961.405245                    1250.000000                   1.000000e+30                   6.000000e+09                      15.000000
                2288822.035296                    1250.000000                   1.000000e+30                   6.000000e+09                      15.000000
                2285682.665347                    1250.000000                   1.000000e+30                   6.000000e+09                      15.000000
                2282543.295398                    1250.000000                   1.000000e+30                   6.000000e+09                      15.000000
                2279403.925449                    1250.000000                   1.000000e+30                   6.000000e+09                      15.000000
                2276264.555501                    1250.000000                   1.000000e+30                   6.000000e+09                      15.000000
                2273125.185552                    1250.000000                   1.000000e+30                   6.000000e+09                      15.000000
                2269985.815603                    1250.000000                   1.000000e+30                   6.000000e+09                      15.000000
                2266846.445654                    1250.000000                   1.000000e+30                   6.000000e+09                      15.000000
                2263707.075705                    1250.000000                   1.000000e+30                   6.000000e+09                      15.000000
                2260567.705756                    1250.000000                   1.000000e+30                   6.000000e+09                      15.000000
                2257428.335807                    1250.000000                   1.000000e+30                   6.000000e+09                      15.000000
                2254288.965858                    1250.000000                   1.000000e+30                   6.000000e+09                      15.000000
                2251149.595910                    1250.000000                   1.000000e+30                   6.000000e+09                      15.000000
                2248010.225961                    1250.000000                   1.000000e+30                   6.000000e+09                      15.000000
                2244870.856012                    1250.000000                   1.000000e+30                   6.000000e+09                      15.000000
                2241731.486063                    1250.000000                   1.000000e+30                   6.000000e+09                      15.000000
                2238592.116114                    1250.000000                   1.000000e+30                   6.000000e+09                      15.000000
                2235452.746165                    1250.000000                   1.000000e+30                   6.000000e+09                      15.000000
                2232313.376216                    1250.000000                   1.000000e+30                   6.000000e+09                      15.000000
                2229174.006268                    1250.000000                   1.000000e+30                   6.000000e+09                      15.000000
                2226034.636319                    1250.000000                   1.000000e+30                   6.000000e+09                      15.000000
                2222895.266370                    1250.000000                   1.000000e+30                   6.000000e+09                      15.000000
                2219755.896421                    1250.000000                   1.000000e+30                   6.000000e+09                      15.000000
                2216616.526472                    1250.000000                   1.000000e+30                   6.000000e+09                      15.000000
                2213477.156523                    1250.000000                   1.000000e+30                   6.000000e+09                      15.000000
                2210337.786574                    1250.000000                   1.000000e+30                   6.000000e+09                      15.000000
                2207198.416625                    1250.000000                   1.000000e+30                   6.000000e+09                      15.000000
                2204059.046677                    1250.000000                   1.000000e+30                   6.000000e+09                      15.000000
                2200919.676728                    1250.000000                   1.000000e+30                   6.000000e+09                      15.000000
                2197780.306779                    1250.000000                   1.000000e+30                   6.000000e+09                      15.000000
                2194640.936830                    1250.000000                   1.000000e+30                   6.000000e+09                      15.000000
                2191501.566881                    1250.000000                   1.000000e+30                   6.000000e+09                      15.000000
                2188362.196932                    1250.000000                   1.000000e+30                   6.000000e+09                      15.000000
                2185222.826983                    1250.000000                   1.000000e+30                   6.000000e+09                      15.000000
                2182083.457034                    1250.000000                   1.000000e+30                   6.000000e+09                      15.000000
                2178944.087086                    1250.000000                   1.000000e+30                   6.000000e+09                      15.000000
                2175804.717137                    1250.000000                   1.000000e+30                   6.000000e+09                      15.000000
                2172665.347188                    1250.000000                   1.000000e+30                   6.000000e+09                      15.000000
                2169525.977239                    1250.000000                   1.000000e+30                   6.000000e+09                      15.000000
                2166386.607290                    1250.000000                   1.000000e+30                   6.000000e+09                      15.000000
                2163247.237341                    1250.000000                   1.000000e+30                   6.000000e+09                      15.000000
                2160107.867392                    1250.000000                   1.000000e+30                   6.000000e+09                      15.000000
                2156968.497444                    1250.000000                   1.000000e+30                   6.000000e+09                      15.000000
                2153829.127495                    1250.000000                   1.000000e+30                   6.000000e+09                      15.000000
                2150689.757546                    1250.000000                   1.000000e+30                   6.000000e+09                      15.000000
                2147550.387597                    1250.000000                   1.000000e+30                   6.000000e+09                      15.000000
                2144411.017648                    1250.000000                   1.000000e+30                   6.000000e+09                      15.000000
                2141271.647699                    1250.000000                   1.000000e+30                   6.000000e+09                      15.000000
                2138132.277750                    1250.000000                   1.000000e+30                   6.000000e+09                      15.000000
                2134992.907801                    1250.000000                   1.000000e+30                   6.000000e+09                      15.000000
                2131853.537853                    1250.000000                   1.000000e+30                   6.000000e+09                      15.000000
                2128714.167904                    1250.000000                   1.000000e+30                   6.000000e+09                      15.000000
                2125574.797955                    1250.000000                   1.000000e+30                   6.000000e+09                      15.000000
                2122435.428006                    1250.000000                   1.000000e+30                   6.000000e+09                      15.000000
                2119296.058057                    1250.000000                   1.000000e+30                   6.000000e+09                      15.000000
                2116156.688108                    1250.000000                   1.000000e+30                   6.000000e+09                      15.000000
                2113017.318159                    1250.000000                   1.000000e+30                   6.000000e+09                      15.000000
                2109877.948210                    1250.000000                   1.000000e+30                   6.000000e+09                      15.000000
                2106738.578262                    1250.000000                   1.000000e+30                   6.000000e+09                      15.000000
                2103599.208313                    1250.000000                   1.000000e+30                   6.000000e+09                      15.000000
                2100459.838364                    1250.000000                   1.000000e+30                   6.000000e+09                      15.000000
                2097320.468415                    1250.000000                   1.000000e+30                   6.000000e+09                      15.000000
                2094181.098466                    1250.000000                   1.000000e+30                   6.000000e+09                      15.000000
                2091041.728517                    1250.000000                   1.000000e+30                   6.000000e+09                      15.000000
                2087902.358568                    1250.000000                   1.000000e+30                   6.000000e+09                      15.000000
                2084762.988619                    1250.000000                   1.000000e+30                   6.000000e+09                      15.000000
                2081623.618671                    1250.000000                   1.000000e+30                   6.000000e+09                      15.000000
                2078484.248722                    1250.000000                   1.000000e+30                   6.000000e+09                      15.000000
                2075344.878773                    1250.000000                   1.000000e+30                   6.000000e+09                      15.000000
                2072205.508824                    1250.000000                   1.000000e+30                   6.000000e+09                      15.000000
                2069066.138875                    1250.000000                   1.000000e+30                   6.000000e+09                      15.000000
                2065926.768926                    1250.000000                   1.000000e+30                   6.000000e+09                      15.000000
                2062787.398977                    1250.000000                   1.000000e+30                   6.000000e+09                      15.000000
                2059648.029029                    1250.000000                   1.000000e+30                   6.000000e+09                      15.000000
                2056508.659080                    1250.000000                   1.000000e+30                   6.000000e+09                      15.000000
                2053369.289131                    1250.000000                   1.000000e+30                   6.000000e+09                      15.000000
                2050229.919182                    1250.000000                   1.000000e+30                   6.000000e+09                      15.000000
                2047090.549233                    1250.000000                   1.000000e+30                   6.000000e+09                      15.000000
                2043951.179284                    1250.000000                   1.000000e+30                   6.000000e+09                      15.000000
                2040811.809335                    1250.000000                   1.000000e+30                   6.000000e+09                      15.000000
                2037672.439386                    1250.000000                   1.000000e+30                   6.000000e+09                      15.000000
                2034533.069438                    1250.000000                   1.000000e+30                   6.000000e+09                      15.000000
                2031393.699489                    1250.000000                   1.000000e+30                   6.000000e+09                      15.000000
                2028254.329540                    1250.000000                   1.000000e+30                   6.000000e+09                      15.000000
                2025114.959591                    1250.000000                   1.000000e+30                   6.000000e+09                      15.000000
                2021975.589642                    1250.000000                   1.000000e+30                   6.000000e+09                      15.000000
                2018836.219693                    1250.000000                   1.000000e+30                   6.000000e+09                      15.000000
                2015696.849744                    1250.000000                   1.000000e+30                   6.000000e+09                      15.000000
                2012557.479795                    1250.000000                   1.000000e+30                   6.000000e+09                      15.000000
                2009418.109847                    1250.000000                   1.000000e+30                   6.000000e+09                      15.000000
                2006278.739898                    1250.000000                   1.000000e+30                   6.000000e+09                      15.000000
                2003139.369949                    1250.000000                   1.000000e+30                   6.000000e+09                      15.000000
                2000000.000000                    1250.000000                   1.000000e+30                   6.000000e+09                      15.000000
                2000000.000000                    2833.816417                   1.000000e+30                   3.000000e+10                      17.000000
                1978989.735991                    2833.816417                   1.000000e+30                   3.000000e+10                      17.000000
                1957979.471983                    2833.816417                   1.000000e+30                   3.000000e+10                      17.000000
                1936969.207974                    2833.816417                   1.000000e+30                   3.000000e+10                      17.000000
                1915958.943965                    2833.816417                   1.000000e+30                   3.000000e+10                      17.000000
                1894948.679957                    2833.816417                   1.000000e+30                   3.000000e+10                      17.000000
                1873938.415948                    2833.816417                   1.000000e+30                   3.000000e+10                      17.000000
                1852928.151939                    2833.816417                   1.000000e+30                   3.000000e+10                      17.000000
                1831917.887931                    2833.816417                   1.000000e+30                   3.000000e+10                      17.000000
                1810907.623922                    2833.816417                   1.000000e+30                   3.000000e+10                      17.000000
                1789897.359913                    2833.816417                   1.000000e+30                   3.000000e+10                      17.000000
                1768887.095905                    2833.816417                   1.000000e+30                   3.000000e+10                      17.000000
                1747876.831896                    2833.816417                   1.000000e+30                   3.000000e+10                      17.000000
                1726866.567887                    2833.816417                   1.000000e+30                   3.000000e+10                      17.000000
                1705856.303879                    2833.816417                   1.000000e+30                   3.000000e+10                      17.000000
                1684846.039870                    2833.816417                   1.000000e+30                   3.000000e+10                      17.000000
                1663835.775861                    2833.816417                   1.000000e+30                   3.000000e+10                      17.000000
                1642825.511853                    2833.816417                   1.000000e+30                   3.000000e+10                      17.000000
                1621815.247844                    2833.816417                   1.000000e+30                   3.000000e+10                      17.000000
                1600804.983835                    2833.816417                   1.000000e+30                   3.000000e+10                      17.000000
                1579794.719827                    2833.816417                   1.000000e+30                   3.000000e+10                      17.000000
                1558784.455818                    2833.816417                   1.000000e+30                   3.000000e+10                      17.000000
                1537774.191809                    2833.816417                   1.000000e+30                   3.000000e+10                      17.000000
                1516763.927801                    2833.816417                   1.000000e+30                   3.000000e+10                      17.000000
                1495753.663792                    2833.816417                   1.000000e+30                   3.000000e+10                      17.000000
                1474743.399783                    2833.816417                   1.000000e+30                   3.000000e+10                      17.000000
                1453733.135775                    2833.816417                   1.000000e+30                   3.000000e+10                      17.000000
                1432722.871766                    2833.816417                   1.000000e+30                   3.000000e+10                      17.000000
                1411712.607757                    2833.816417                   1.000000e+30                   3.000000e+10                      17.000000
                1390702.343749                    2833.816417                   1.000000e+30                   3.000000e+10                      17.000000
                1369692.079740                    2833.816417                   1.000000e+30                   3.000000e+10                      17.000000
                1348681.815731                    2833.816417                   1.000000e+30                   3.000000e+10                      17.000000
                1327671.551723                    2833.816417                   1.000000e+30                   3.000000e+10                      17.000000
                1306661.287714                    2833.816417                   1.000000e+30                   3.000000e+10                      17.000000
                1285651.023705                    2833.816417                   1.000000e+30                   3.000000e+10                      17.000000
                1264640.759697                    2833.816417                   1.000000e+30                   3.000000e+10                      17.000000
                1243630.495688                    2833.816417                   1.000000e+30                   3.000000e+10                      17.000000
                1222620.231679                    2833.816417                   1.000000e+30                   3.000000e+10                      17.000000
                1201609.967671                    2833.816417                   1.000000e+30                   3.000000e+10                      17.000000
                1180599.703662                    2833.816417                   1.000000e+30                   3.000000e+10                      17.000000
                1159589.439653                    2833.816417                   1.000000e+30                   3.000000e+10                      17.000000
                1138579.175645                    2833.816417                   1.000000e+30                   3.000000e+10                      17.000000
                1117568.911636                    2833.816417                   1.000000e+30                   3.000000e+10                      17.000000
                1096558.647627                    2833.816417                   1.000000e+30                   3.000000e+10                      17.000000
                1075548.383619                    2833.816417                   1.000000e+30                   3.000000e+10                      17.000000
                1054538.119610                    2833.816417                   1.000000e+30                   3.000000e+10                      17.000000
                1033527.855601                    2833.816417                   1.000000e+30                   3.000000e+10                      17.000000
                1012517.591593                    2833.816417                   1.000000e+30                   3.000000e+10                      17.000000
                 991507.327584                    2833.816417                   1.000000e+30                   3.000000e+10                      17.000000
                 970497.063575                    2833.816417                   1.000000e+30                   3.000000e+10                      17.000000
                 949486.799567                    2833.816417                   1.000000e+30                   3.000000e+10                      17.000000
                 928476.535558                    2833.816417                   1.000000e+30                   3.000000e+10                      17.000000
                 907466.271550                    2833.816417                   1.000000e+30                   3.000000e+10                      17.000000
                 886456.007541                    2833.816417                   1.000000e+30                   3.000000e+10                      17.000000
                 865445.743532                    2833.816417                   1.000000e+30                   3.000000e+10                      17.000000
                 844435.479524                    2833.816417                   1.000000e+30                   3.000000e+10                      17.000000
                 823425.215515                    2833.816417                   1.000000e+30                   3.000000e+10                      17.000000
                 802414.951506                    2833.816417                   1.000000e+30                   3.000000e+10                      17.000000
                 781404.687498                    2833.816417                   1.000000e+30                   3.000000e+10                      17.000000
                 760394.423489                    2833.816417                   1.000000e+30                   3.000000e+10                      17.000000
                 739384.159480                    2833.816417                   1.000000e+30                   3.000000e+10                      17.000000
                 718373.895472                    2833.816417                   1.000000e+30                   3.000000e+10                      17.000000
                 697363.631463                    2833.816417                   1.000000e+30                   3.000000e+10                      17.000000
                 676353.367454                    2833.816417                   1.000000e+30                   3.000000e+10                      17.000000
                 655343.103446                    2833.816417                   1.000000e+30                   3.000000e+10                      17.000000
                 634332.839437                    2833.816417                   1.000000e+30                   3.000000e+10                      17.000000
                 613322.575428                    2833.816417                   1.000000e+30                   3.000000e+10                      17.000000
                 592312.311420                    2833.816417                   1.000000e+30                   3.000000e+10                      17.000000
                 571302.047411                    2833.816417                   1.000000e+30                   3.000000e+10                      17.000000
                 550291.783402                    2833.816417                   1.000000e+30                   3.000000e+10                      17.000000
                 529281.519394                    2833.816417                   1.000000e+30                   3.000000e+10                      17.000000
                 508271.255385                    2833.816417                   1.000000e+30                   3.000000e+10                      17.000000
                 487260.991376                    2833.816417                   1.000000e+30                   3.000000e+10                      17.000000
                 466250.727368                    2833.816417                   1.000000e+30                   3.000000e+10                      17.000000
                 445240.463359                    2833.816417                   1.000000e+30                   3.000000e+10                      17.000000
                 424230.199350                    2833.816417                   1.000000e+30                   3.000000e+10                      17.000000
                 403219.935342                    2833.816417                   1.000000e+30                   3.000000e+10                      17.000000
                 382209.671333                    2833.816417                   1.000000e+30                   3.000000e+10                      17.000000
                 361199.407324                    2833.816417                   1.000000e+30                   3.000000e+10                      17.000000
                 340189.143316                    2833.816417                   1.000000e+30                   3.000000e+10                      17.000000
                 319178.879307                    2833.816417                   1.000000e+30                   3.000000e+10                      17.000000
                 298168.615298                    2833.816417                   1.000000e+30                   3.000000e+10                      17.000000
                 277158.351290                    2833.816417                   1.000000e+30                   3.000000e+10                      17.000000
                 256148.087281                    2833.816417                   1.000000e+30                   3.000000e+10                      17.000000
                 235137.823272                    2833.816417                   1.000000e+30                   3.000000e+10                      17.000000
                 214127.559264                    2833.816417                   1.000000e+30                   3.000000e+10                      17.000000
                 193117.295255                    2833.816417                   1.000000e+30                   3.000000e+10                      17.000000
                 172107.031246                    2833.816417                   1.000000e+30                   3.000000e+10                      17.000000
                 151096.767238                    2833.816417                   1.000000e+30                   3.000000e+10                      17.000000
                 130086.503229                    2833.816417                   1.000000e+30                   3.000000e+10                      17.000000
                 109076.239220                    2833.816417                   1.000000e+30                   3.000000e+10                      17.000000
                  88065.975212                    2833.816417                   1.000000e+30                   3.000000e+10                      17.000000
                  67055.711203                    2833.816417                   1.000000e+30                   3.000000e+10                      17.000000
                  46045.447194                    2833.816417                   1.000000e+30                   3.000000e+10                      17.000000
                  25035.183186                    2833.816417                   1.000000e+30                   3.000000e+10                      17.000000
                   4024.919177                    2833.816417                   1.000000e+30                   3.000000e+10                      17.000000
                 -16985.344832                    2833.816417                   1.000000e+30                   3.000000e+10                      17.000000
                 -37995.608840                    2833.816417                   1.000000e+30                   3.000000e+10                      17.000000
                 -59005.872849                    2833.816417                   1.000000e+30                   3.000000e+10                      17.000000
                 -80016.136858                    2833.816417                   1.000000e+30                   3.000000e+10                      17.000000
                -101026.400866                    2833.816417                   1.000000e+30                   3.000000e+10                      17.000000
                -122036.664875                    2833.816417                   1.000000e+30                   3.000000e+10                      17.000000
                -143046.928884                    2833.816417                   1.000000e+30                   3.000000e+10                      17.000000
                -164057.192892                    2833.816417                   1.000000e+30                   3.000000e+10                      17.000000
                -185067.456901                    2833.816417                   1.000000e+30                   3.000000e+10                      17.000000
                -206077.720910                    2833.816417                   1.000000e+30                   3.000000e+10                      17.000000
                -227087.984918                    2833.816417                   1.000000e+30                   3.000000e+10                      17.000000
                -248098.248927                    2833.816417                   1.000000e+30                   3.000000e+10                      17.000000
                -269108.512936                    2833.816417                   1.000000e+30                   3.000000e+10                      17.000000
                -290118.776944                    2833.816417                   1.000000e+30                   3.000000e+10                      17.000000
                -311129.040953                    2833.816417                   1.000000e+30                   3.000000e+10                      17.000000
                -332139.304962                    2833.816417                   1.000000e+30                   3.000000e+10                      17.000000
                -353149.568970                    2833.816417                   1.000000e+30                   3.000000e+10                      17.000000
                -374159.832979                    2833.816417                   1.000000e+30                   3.000000e+10                      17.000000
                -395170.096988                    2833.816417                   1.000000e+30                   3.000000e+10                      17.000000
                -416180.360996                    2833.816417                   1.000000e+30                   3.000000e+10                      17.000000
                -437190.625005                    2833.816417                   1.000000e+30                   3.000000e+10                      17.000000
                -458200.889014                    2833.816417                   1.000000e+30                   3.000000e+10                      17.000000
                -479211.153022                    2833.816417                   1.000000e+30                   3.000000e+10                      17.000000
                -500221.417031                    2833.816417                   1.000000e+30                   3.000000e+10                      17.000000
                -521231.681040                    2833.816417                   1.000000e+30                   3.000000e+10                      17.000000
                -542241.945048                    2833.816417                   1.000000e+30                   3.000000e+10                      17.000000
                -563252.209057                    2833.816417                   1.000000e+30                   3.000000e+10                      17.000000
                -584262.473066                    2833.816417                   1.000000e+30                   3.000000e+10                      17.000000
                -605272.737074                    2833.816417                   1.000000e+30                   3.000000e+10                      17.000000
                -626283.001083                    2833.816417                   1.000000e+30                   3.000000e+10                      17.000000
                -647293.265092                    2833.816417                   1.000000e+30                   3.000000e+10                      17.000000
                -668303.529100                    2833.816417                   1.000000e+30                   3.000000e+10                      17.000000
                -689313.793109                    2833.816417                   1.000000e+30                   3.000000e+10                      17.000000
                -710324.057118                    2833.816417                   1.000000e+30                   3.000000e+10                      17.000000
                -710324.057118                    3300.000000                   1.000000e+30                   5.000000e+10                      22.000000
                -704817.591559                    3300.000000                   1.000000e+30                   5.000000e+10                      22.000000
                -699311.125999                    3300.000000                   1.000000e+30                   5.000000e+10                      22.000000
                -693804.660440                    3300.000000                   1.000000e+30                   5.000000e+10                      22.000000
                -688298.194881                    3300.000000                   1.000000e+30                   5.000000e+10                      22.000000
                -682791.729322                    3300.000000                   1.000000e+30                   5.000000e+10                      22.000000
                -677285.263763                    3300.000000                   1.000000e+30                   5.000000e+10                      22.000000
                -671778.798204                    3300.000000                   1.000000e+30                   5.000000e+10                      22.000000
                -666272.332645                    3300.000000                   1.000000e+30                   5.000000e+10                      22.000000
                -660765.867086                    3300.000000                   1.000000e+30                   5.000000e+10                      22.000000
                -655259.401527                    3300.000000                   1.000000e+30                   5.000000e+10                      22.000000
                -649752.935968                    3300.000000                   1.000000e+30                   5.000000e+10                      22.000000
                -644246.470409                    3300.000000                   1.000000e+30                   5.000000e+10                      22.000000
                -638740.004850                    3300.000000                   1.000000e+30                   5.000000e+10                      22.000000
                -633233.539291                    3300.000000                   1.000000e+30                   5.000000e+10                      22.000000
                -627727.073732                    3300.000000                   1.000000e+30                   5.000000e+10                      22.000000
                -622220.608173                    3300.000000                   1.000000e+30                   5.000000e+10                      22.000000
                -616714.142614                    3300.000000                   1.000000e+30                   5.000000e+10                      22.000000
                -611207.677055                    3300.000000                   1.000000e+30                   5.000000e+10                      22.000000
                -605701.211496                    3300.000000                   1.000000e+30                   5.000000e+10                      22.000000
                -600194.745937                    3300.000000                   1.000000e+30                   5.000000e+10                      22.000000
                -594688.280378                    3300.000000                   1.000000e+30                   5.000000e+10                      22.000000
                -589181.814818                    3300.000000                   1.000000e+30                   5.000000e+10                      22.000000
                -583675.349259                    3300.000000                   1.000000e+30                   5.000000e+10                      22.000000
                -578168.883700                    3300.000000                   1.000000e+30                   5.000000e+10                      22.000000
                -572662.418141                    3300.000000                   1.000000e+30                   5.000000e+10                      22.000000
                -567155.952582                    3300.000000                   1.000000e+30                   5.000000e+10                      22.000000
                -561649.487023                    3300.000000                   1.000000e+30                   5.000000e+10                      22.000000
                -556143.021464                    3300.000000                   1.000000e+30                   5.000000e+10                      22.000000
                -550636.555905                    3300.000000                   1.000000e+30                   5.000000e+10                      22.000000
                -545130.090346                    3300.000000                   1.000000e+30                   5.000000e+10                      22.000000
                -539623.624787                    3300.000000                   1.000000e+30                   5.000000e+10                      22.000000
                -534117.159228                    3300.000000                   1.000000e+30                   5.000000e+10                      22.000000
                -528610.693669                    3300.000000                   1.000000e+30                   5.000000e+10                      22.000000
                -523104.228110                    3300.000000                   1.000000e+30                   5.000000e+10                      22.000000
                -517597.762551                    3300.000000                   1.000000e+30                   5.000000e+10                      22.000000
                -512091.296992                    3300.000000                   1.000000e+30                   5.000000e+10                      22.000000
                -506584.831433                    3300.000000                   1.000000e+30                   5.000000e+10                      22.000000
                -501078.365874                    3300.000000                   1.000000e+30                   5.000000e+10                      22.000000
                -495571.900315                    3300.000000                   1.000000e+30                   5.000000e+10                      22.000000
                -490065.434756                    3300.000000                   1.000000e+30                   5.000000e+10                      22.000000
                -484558.969196                    3300.000000                   1.000000e+30                   5.000000e+10                      22.000000
                -479052.503637                    3300.000000                   1.000000e+30                   5.000000e+10                      22.000000
                -473546.038078                    3300.000000                   1.000000e+30                   5.000000e+10                      22.000000
                -468039.572519                    3300.000000                   1.000000e+30                   5.000000e+10                      22.000000
                -462533.106960                    3300.000000                   1.000000e+30                   5.000000e+10                      22.000000
                -457026.641401                    3300.000000                   1.000000e+30                   5.000000e+10                      22.000000
                -451520.175842                    3300.000000                   1.000000e+30                   5.000000e+10                      22.000000
                -446013.710283                    3300.000000                   1.000000e+30                   5.000000e+10                      22.000000
                -440507.244724                    3300.000000                   1.000000e+30                   5.000000e+10                      22.000000
                -435000.779165                    3300.000000                   1.000000e+30                   5.000000e+10                      22.000000
                -429494.313606                    3300.000000                   1.000000e+30                   5.000000e+10                      22.000000
                -423987.848047                    3300.000000                   1.000000e+30                   5.000000e+10                      22.000000
                -418481.382488                    3300.000000                   1.000000e+30                   5.000000e+10                      22.000000
                -412974.916929                    3300.000000                   1.000000e+30                   5.000000e+10                      22.000000
                -407468.451370                    3300.000000                   1.000000e+30                   5.000000e+10                      22.000000
                -401961.985811                    3300.000000                   1.000000e+30                   5.000000e+10                      22.000000
                -396455.520252                    3300.000000                   1.000000e+30                   5.000000e+10                      22.000000
                -390949.054693                    3300.000000                   1.000000e+30                   5.000000e+10                      22.000000
                -385442.589134                    3300.000000                   1.000000e+30                   5.000000e+10                      22.000000
                -379936.123575                    3300.000000                   1.000000e+30                   5.000000e+10                      22.000000
                -374429.658015                    3300.000000                   1.000000e+30                   5.000000e+10                      22.000000
                -368923.192456                    3300.000000                   1.000000e+30                   5.000000e+10                      22.000000
                -363416.726897                    3300.000000                   1.000000e+30                   5.000000e+10                      22.000000
                -357910.261338                    3300.000000                   1.000000e+30                   5.000000e+10                      22.000000
                -352403.795779                    3300.000000                   1.000000e+30                   5.000000e+10                      22.000000
                -346897.330220                    3300.000000                   1.000000e+30                   5.000000e+10                      22.000000
                -341390.864661                    3300.000000                   1.000000e+30                   5.000000e+10                      22.000000
                -335884.399102                    3300.000000                   1.000000e+30                   5.000000e+10                      22.000000
                -330377.933543                    3300.000000                   1.000000e+30                   5.000000e+10                      22.000000
                -324871.467984                    3300.000000                   1.000000e+30                   5.000000e+10                      22.000000
                -319365.002425                    3300.000000                   1.000000e+30                   5.000000e+10                      22.000000
                -313858.536866                    3300.000000                   1.000000e+30                   5.000000e+10                      22.000000
                -308352.071307                    3300.000000                   1.000000e+30                   5.000000e+10                      22.000000
                -302845.605748                    3300.000000                   1.000000e+30                   5.000000e+10                      22.000000
                -297339.140189                    3300.000000                   1.000000e+30                   5.000000e+10                      22.000000
                -291832.674630                    3300.000000                   1.000000e+30                   5.000000e+10                      22.000000
                -286326.209071                    3300.000000                   1.000000e+30                   5.000000e+10                      22.000000
                -280819.743512                    3300.000000                   1.000000e+30                   5.000000e+10                      22.000000
                -275313.277953                    3300.000000                   1.000000e+30                   5.000000e+10                      22.000000
                -269806.812393                    3300.000000                   1.000000e+30                   5.000000e+10                      22.000000
                -264300.346834                    3300.000000                   1.000000e+30                   5.000000e+10                      22.000000
                -258793.881275                    3300.000000                   1.000000e+30                   5.000000e+10                      22.000000
                -253287.415716                    3300.000000                   1.000000e+30                   5.000000e+10                      22.000000
                -247780.950157                    3300.000000                   1.000000e+30                   5.000000e+10                      22.000000
                -242274.484598                    3300.000000                   1.000000e+30                   5.000000e+10                      22.000000
                -236768.019039                    3300.000000                   1.000000e+30                   5.000000e+10                      22.000000
                -231261.553480                    3300.000000                   1.000000e+30                   5.000000e+10                      22.000000
                -225755.087921                    3300.000000                   1.000000e+30                   5.000000e+10                      22.000000
                -220248.622362                    3300.000000                   1.000000e+30                   5.000000e+10                      22.000000
                -214742.156803                    3300.000000                   1.000000e+30                   5.000000e+10                      22.000000
                -209235.691244                    3300.000000                   1.000000e+30                   5.000000e+10                      22.000000
                -203729.225685                    3300.000000                   1.000000e+30                   5.000000e+10                      22.000000
                -198222.760126                    3300.000000                   1.000000e+30                   5.000000e+10                      22.000000
                -192716.294567                    3300.000000                   1.000000e+30                   5.000000e+10                      22.000000
                -187209.829008                    3300.000000                   1.000000e+30                   5.000000e+10                      22.000000
                -181703.363449                    3300.000000                   1.000000e+30                   5.000000e+10                      22.000000
                -176196.897890                    3300.000000                   1.000000e+30                   5.000000e+10                      22.000000
                -170690.432331                    3300.000000                   1.000000e+30                   5.000000e+10                      22.000000
                -165183.966772                    3300.000000                   1.000000e+30                   5.000000e+10                      22.000000
                -159677.501212                    3300.000000                   1.000000e+30                   5.000000e+10                      22.000000
                -154171.035653                    3300.000000                   1.000000e+30                   5.000000e+10                      22.000000
                -148664.570094                    3300.000000                   1.000000e+30                   5.000000e+10                      22.000000
                -143158.104535                    3300.000000                   1.000000e+30                   5.000000e+10                      22.000000
                -137651.638976                    3300.000000                   1.000000e+30                   5.000000e+10                      22.000000
                -132145.173417                    3300.000000                   1.000000e+30                   5.000000e+10                      22.000000
                -126638.707858                    3300.000000                   1.000000e+30                   5.000000e+10                      22.000000
                -121132.242299                    3300.000000                   1.000000e+30                   5.000000e+10                      22.000000
                -115625.776740                    3300.000000                   1.000000e+30                   5.000000e+10                      22.000000
                -110119.311181                    3300.000000                   1.000000e+30                   5.000000e+10                      22.000000
                -104612.845622                    3300.000000                   1.000000e+30                   5.000000e+10                      22.000000
                 -99106.380063                    3300.000000                   1.000000e+30                   5.000000e+10                      22.000000
                 -93599.914504                    3300.000000                   1.000000e+30                   5.000000e+10                      22.000000
                 -88093.448945                    3300.000000                   1.000000e+30                   5.000000e+10                      22.000000
                 -82586.983386                    3300.000000                   1.000000e+30                   5.000000e+10                      22.000000
                 -77080.517827                    3300.000000                   1.000000e+30                   5.000000e+10                      22.000000
                 -71574.052268                    3300.000000                   1.000000e+30                   5.000000e+10                      22.000000
                 -66067.586709                    3300.000000                   1.000000e+30                   5.000000e+10                      22.000000
                 -60561.121150                    3300.000000                   1.000000e+30                   5.000000e+10                      22.000000
                 -55054.655591                    3300.000000                   1.000000e+30                   5.000000e+10                      22.000000
                 -49548.190031                    3300.000000                   1.000000e+30                   5.000000e+10                      22.000000
                 -44041.724472                    3300.000000                   1.000000e+30                   5.000000e+10                      22.000000
                 -38535.258913                    3300.000000                   1.000000e+30                   5.000000e+10                      22.000000
                 -33028.793354                    3300.000000                   1.000000e+30                   5.000000e+10                      22.000000
                 -27522.327795                    3300.000000                   1.000000e+30                   5.000000e+10                      22.000000
                 -22015.862236                    3300.000000                   1.000000e+30                   5.000000e+10                      22.000000
                 -16509.396677                    3300.000000                   1.000000e+30                   5.000000e+10                      22.000000
                 -11002.931118                    3300.000000                   1.000000e+30                   5.000000e+10                      22.000000
                  -5496.465559                    3300.000000                   1.000000e+30                   5.000000e+10                      22.000000
                     10.000000                    3300.000000                   1.000000e+30                   5.000000e+10                      22.000000
