                   #Radius (m)               Density (kg/m^3)              Bulk modulus (Pa)             Shear modulus (Pa)               Viscosity (Pa.s)
                2575000.000000                     930.000000                   1.000000e+30                   3.500000e+09                      24.000000
                2574999.710145                     930.000000                   1.000000e+30                   3.500000e+09                      24.000000
                2574999.420290                     930.000000                   1.000000e+30                   3.500000e+09                      24.000000
                2574999.130435                     930.000000                   1.000000e+30                   3.500000e+09                      24.000000
                2574998.840580                     930.000000                   1.000000e+30                   3.500000e+09                      24.000000
                2574998.550725                     930.000000                   1.000000e+30                   3.500000e+09                      24.000000
                2574998.260870                     930.000000                   1.000000e+30                   3.500000e+09                      24.000000
                2574997.971014                     930.000000                   1.000000e+30                   3.500000e+09                      24.000000
                2574997.681159                     930.000000                   1.000000e+30                   3.500000e+09                      24.000000
                2574997.391304                     930.000000                   1.000000e+30                   3.500000e+09                      24.000000
                2574997.101449                     930.000000                   1.000000e+30                   3.500000e+09                      24.000000
                2574996.811594                     930.000000                   1.000000e+30                   3.500000e+09                      24.000000
                2574996.521739                     930.000000                   1.000000e+30                   3.500000e+09                      24.000000
                2574996.231884                     930.000000                   1.000000e+30                   3.500000e+09                      24.000000
                2574995.942029                     930.000000                   1.000000e+30                   3.500000e+09                      24.000000
                2574995.652174                     930.000000                   1.000000e+30                   3.500000e+09                      24.000000
                2574995.362319                     930.000000                   1.000000e+30                   3.500000e+09                      24.000000
                2574995.072464                     930.000000                   1.000000e+30                   3.500000e+09                      24.000000
                2574994.782609                     930.000000                   1.000000e+30                   3.500000e+09                      24.000000
                2574994.492754                     930.000000                   1.000000e+30                   3.500000e+09                      24.000000
                2574994.202899                     930.000000                   1.000000e+30                   3.500000e+09                      24.000000
                2574993.913043                     930.000000                   1.000000e+30                   3.500000e+09                      24.000000
                2574993.623188                     930.000000                   1.000000e+30                   3.500000e+09                      24.000000
                2574993.333333                     930.000000                   1.000000e+30                   3.500000e+09                      24.000000
                2574993.043478                     930.000000                   1.000000e+30                   3.500000e+09                      24.000000
                2574992.753623                     930.000000                   1.000000e+30                   3.500000e+09                      24.000000
                2574992.463768                     930.000000                   1.000000e+30                   3.500000e+09                      24.000000
                2574992.173913                     930.000000                   1.000000e+30                   3.500000e+09                      24.000000
                2574991.884058                     930.000000                   1.000000e+30                   3.500000e+09                      24.000000
                2574991.594203                     930.000000                   1.000000e+30                   3.500000e+09                      24.000000
                2574991.304348                     930.000000                   1.000000e+30                   3.500000e+09                      24.000000
                2574991.014493                     930.000000                   1.000000e+30                   3.500000e+09                      24.000000
                2574990.724638                     930.000000                   1.000000e+30                   3.500000e+09                      24.000000
                2574990.434783                     930.000000                   1.000000e+30                   3.500000e+09                      24.000000
                2574990.144928                     930.000000                   1.000000e+30                   3.500000e+09                      24.000000
                2574989.855072                     930.000000                   1.000000e+30                   3.500000e+09                      24.000000
                2574989.565217                     930.000000                   1.000000e+30                   3.500000e+09                      24.000000
                2574989.275362                     930.000000                   1.000000e+30                   3.500000e+09                      24.000000
                2574988.985507                     930.000000                   1.000000e+30                   3.500000e+09                      24.000000
                2574988.695652                     930.000000                   1.000000e+30                   3.500000e+09                      24.000000
                2574988.405797                     930.000000                   1.000000e+30                   3.500000e+09                      24.000000
                2574988.115942                     930.000000                   1.000000e+30                   3.500000e+09                      24.000000
                2574987.826087                     930.000000                   1.000000e+30                   3.500000e+09                      24.000000
                2574987.536232                     930.000000                   1.000000e+30                   3.500000e+09                      24.000000
                2574987.246377                     930.000000                   1.000000e+30                   3.500000e+09                      24.000000
                2574986.956522                     930.000000                   1.000000e+30                   3.500000e+09                      24.000000
                2574986.666667                     930.000000                   1.000000e+30                   3.500000e+09                      24.000000
                2574986.376812                     930.000000                   1.000000e+30                   3.500000e+09                      24.000000
                2574986.086957                     930.000000                   1.000000e+30                   3.500000e+09                      24.000000
                2574985.797101                     930.000000                   1.000000e+30                   3.500000e+09                      24.000000
                2574985.507246                     930.000000                   1.000000e+30                   3.500000e+09                      24.000000
                2574985.217391                     930.000000                   1.000000e+30                   3.500000e+09                      24.000000
                2574984.927536                     930.000000                   1.000000e+30                   3.500000e+09                      24.000000
                2574984.637681                     930.000000                   1.000000e+30                   3.500000e+09                      24.000000
                2574984.347826                     930.000000                   1.000000e+30                   3.500000e+09                      24.000000
                2574984.057971                     930.000000                   1.000000e+30                   3.500000e+09                      24.000000
                2574983.768116                     930.000000                   1.000000e+30                   3.500000e+09                      24.000000
                2574983.478261                     930.000000                   1.000000e+30                   3.500000e+09                      24.000000
                2574983.188406                     930.000000                   1.000000e+30                   3.500000e+09                      24.000000
                2574982.898551                     930.000000                   1.000000e+30                   3.500000e+09                      24.000000
                2574982.608696                     930.000000                   1.000000e+30                   3.500000e+09                      24.000000
                2574982.318841                     930.000000                   1.000000e+30                   3.500000e+09                      24.000000
                2574982.028986                     930.000000                   1.000000e+30                   3.500000e+09                      24.000000
                2574981.739130                     930.000000                   1.000000e+30                   3.500000e+09                      24.000000
                2574981.449275                     930.000000                   1.000000e+30                   3.500000e+09                      24.000000
                2574981.159420                     930.000000                   1.000000e+30                   3.500000e+09                      24.000000
                2574980.869565                     930.000000                   1.000000e+30                   3.500000e+09                      24.000000
                2574980.579710                     930.000000                   1.000000e+30                   3.500000e+09                      24.000000
                2574980.289855                     930.000000                   1.000000e+30                   3.500000e+09                      24.000000
                2574980.000000                     930.000000                   1.000000e+30                   3.500000e+09                      24.000000
                2574980.000000                     930.000000                   1.000000e+30                   3.500000e+09                      15.000000
                2573685.581395                     930.000000                   1.000000e+30                   3.500000e+09                      15.000000
                2572391.162791                     930.000000                   1.000000e+30                   3.500000e+09                      15.000000
                2571096.744186                     930.000000                   1.000000e+30                   3.500000e+09                      15.000000
                2569802.325581                     930.000000                   1.000000e+30                   3.500000e+09                      15.000000
                2568507.906977                     930.000000                   1.000000e+30                   3.500000e+09                      15.000000
                2567213.488372                     930.000000                   1.000000e+30                   3.500000e+09                      15.000000
                2565919.069767                     930.000000                   1.000000e+30                   3.500000e+09                      15.000000
                2564624.651163                     930.000000                   1.000000e+30                   3.500000e+09                      15.000000
                2563330.232558                     930.000000                   1.000000e+30                   3.500000e+09                      15.000000
                2562035.813953                     930.000000                   1.000000e+30                   3.500000e+09                      15.000000
                2560741.395349                     930.000000                   1.000000e+30                   3.500000e+09                      15.000000
                2559446.976744                     930.000000                   1.000000e+30                   3.500000e+09                      15.000000
                2558152.558140                     930.000000                   1.000000e+30                   3.500000e+09                      15.000000
                2556858.139535                     930.000000                   1.000000e+30                   3.500000e+09                      15.000000
                2555563.720930                     930.000000                   1.000000e+30                   3.500000e+09                      15.000000
                2554269.302326                     930.000000                   1.000000e+30                   3.500000e+09                      15.000000
                2552974.883721                     930.000000                   1.000000e+30                   3.500000e+09                      15.000000
                2551680.465116                     930.000000                   1.000000e+30                   3.500000e+09                      15.000000
                2550386.046512                     930.000000                   1.000000e+30                   3.500000e+09                      15.000000
                2549091.627907                     930.000000                   1.000000e+30                   3.500000e+09                      15.000000
                2547797.209302                     930.000000                   1.000000e+30                   3.500000e+09                      15.000000
                2546502.790698                     930.000000                   1.000000e+30                   3.500000e+09                      15.000000
                2545208.372093                     930.000000                   1.000000e+30                   3.500000e+09                      15.000000
                2543913.953488                     930.000000                   1.000000e+30                   3.500000e+09                      15.000000
                2542619.534884                     930.000000                   1.000000e+30                   3.500000e+09                      15.000000
                2541325.116279                     930.000000                   1.000000e+30                   3.500000e+09                      15.000000
                2540030.697674                     930.000000                   1.000000e+30                   3.500000e+09                      15.000000
                2538736.279070                     930.000000                   1.000000e+30                   3.500000e+09                      15.000000
                2537441.860465                     930.000000                   1.000000e+30                   3.500000e+09                      15.000000
                2536147.441860                     930.000000                   1.000000e+30                   3.500000e+09                      15.000000
                2534853.023256                     930.000000                   1.000000e+30                   3.500000e+09                      15.000000
                2533558.604651                     930.000000                   1.000000e+30                   3.500000e+09                      15.000000
                2532264.186047                     930.000000                   1.000000e+30                   3.500000e+09                      15.000000
                2530969.767442                     930.000000                   1.000000e+30                   3.500000e+09                      15.000000
                2529675.348837                     930.000000                   1.000000e+30                   3.500000e+09                      15.000000
                2528380.930233                     930.000000                   1.000000e+30                   3.500000e+09                      15.000000
                2527086.511628                     930.000000                   1.000000e+30                   3.500000e+09                      15.000000
                2525792.093023                     930.000000                   1.000000e+30                   3.500000e+09                      15.000000
                2524497.674419                     930.000000                   1.000000e+30                   3.500000e+09                      15.000000
                2523203.255814                     930.000000                   1.000000e+30                   3.500000e+09                      15.000000
                2521908.837209                     930.000000                   1.000000e+30                   3.500000e+09                      15.000000
                2520614.418605                     930.000000                   1.000000e+30                   3.500000e+09                      15.000000
                2519320.000000                     930.000000                   1.000000e+30                   3.500000e+09                      15.000000
                2518025.581395                     930.000000                   1.000000e+30                   3.500000e+09                      15.000000
                2516731.162791                     930.000000                   1.000000e+30                   3.500000e+09                      15.000000
                2515436.744186                     930.000000                   1.000000e+30                   3.500000e+09                      15.000000
                2514142.325581                     930.000000                   1.000000e+30                   3.500000e+09                      15.000000
                2512847.906977                     930.000000                   1.000000e+30                   3.500000e+09                      15.000000
                2511553.488372                     930.000000                   1.000000e+30                   3.500000e+09                      15.000000
                2510259.069767                     930.000000                   1.000000e+30                   3.500000e+09                      15.000000
                2508964.651163                     930.000000                   1.000000e+30                   3.500000e+09                      15.000000
                2507670.232558                     930.000000                   1.000000e+30                   3.500000e+09                      15.000000
                2506375.813953                     930.000000                   1.000000e+30                   3.500000e+09                      15.000000
                2505081.395349                     930.000000                   1.000000e+30                   3.500000e+09                      15.000000
                2503786.976744                     930.000000                   1.000000e+30                   3.500000e+09                      15.000000
                2502492.558140                     930.000000                   1.000000e+30                   3.500000e+09                      15.000000
                2501198.139535                     930.000000                   1.000000e+30                   3.500000e+09                      15.000000
                2499903.720930                     930.000000                   1.000000e+30                   3.500000e+09                      15.000000
                2498609.302326                     930.000000                   1.000000e+30                   3.500000e+09                      15.000000
                2497314.883721                     930.000000                   1.000000e+30                   3.500000e+09                      15.000000
                2496020.465116                     930.000000                   1.000000e+30                   3.500000e+09                      15.000000
                2494726.046512                     930.000000                   1.000000e+30                   3.500000e+09                      15.000000
                2493431.627907                     930.000000                   1.000000e+30                   3.500000e+09                      15.000000
                2492137.209302                     930.000000                   1.000000e+30                   3.500000e+09                      15.000000
                2490842.790698                     930.000000                   1.000000e+30                   3.500000e+09                      15.000000
                2489548.372093                     930.000000                   1.000000e+30                   3.500000e+09                      15.000000
                2488253.953488                     930.000000                   1.000000e+30                   3.500000e+09                      15.000000
                2486959.534884                     930.000000                   1.000000e+30                   3.500000e+09                      15.000000
                2485665.116279                     930.000000                   1.000000e+30                   3.500000e+09                      15.000000
                2484370.697674                     930.000000                   1.000000e+30                   3.500000e+09                      15.000000
                2483076.279070                     930.000000                   1.000000e+30                   3.500000e+09                      15.000000
                2481781.860465                     930.000000                   1.000000e+30                   3.500000e+09                      15.000000
                2480487.441860                     930.000000                   1.000000e+30                   3.500000e+09                      15.000000
                2479193.023256                     930.000000                   1.000000e+30                   3.500000e+09                      15.000000
                2477898.604651                     930.000000                   1.000000e+30                   3.500000e+09                      15.000000
                2476604.186047                     930.000000                   1.000000e+30                   3.500000e+09                      15.000000
                2475309.767442                     930.000000                   1.000000e+30                   3.500000e+09                      15.000000
                2474015.348837                     930.000000                   1.000000e+30                   3.500000e+09                      15.000000
                2472720.930233                     930.000000                   1.000000e+30                   3.500000e+09                      15.000000
                2471426.511628                     930.000000                   1.000000e+30                   3.500000e+09                      15.000000
                2470132.093023                     930.000000                   1.000000e+30                   3.500000e+09                      15.000000
                2468837.674419                     930.000000                   1.000000e+30                   3.500000e+09                      15.000000
                2467543.255814                     930.000000                   1.000000e+30                   3.500000e+09                      15.000000
                2466248.837209                     930.000000                   1.000000e+30                   3.500000e+09                      15.000000
                2464954.418605                     930.000000                   1.000000e+30                   3.500000e+09                      15.000000
                2463660.000000                     930.000000                   1.000000e+30                   3.500000e+09                      15.000000
                2462365.581395                     930.000000                   1.000000e+30                   3.500000e+09                      15.000000
                2461071.162791                     930.000000                   1.000000e+30                   3.500000e+09                      15.000000
                2459776.744186                     930.000000                   1.000000e+30                   3.500000e+09                      15.000000
                2458482.325581                     930.000000                   1.000000e+30                   3.500000e+09                      15.000000
                2457187.906977                     930.000000                   1.000000e+30                   3.500000e+09                      15.000000
                2455893.488372                     930.000000                   1.000000e+30                   3.500000e+09                      15.000000
                2454599.069767                     930.000000                   1.000000e+30                   3.500000e+09                      15.000000
                2453304.651163                     930.000000                   1.000000e+30                   3.500000e+09                      15.000000
                2452010.232558                     930.000000                   1.000000e+30                   3.500000e+09                      15.000000
                2450715.813953                     930.000000                   1.000000e+30                   3.500000e+09                      15.000000
                2449421.395349                     930.000000                   1.000000e+30                   3.500000e+09                      15.000000
                2448126.976744                     930.000000                   1.000000e+30                   3.500000e+09                      15.000000
                2446832.558140                     930.000000                   1.000000e+30                   3.500000e+09                      15.000000
                2445538.139535                     930.000000                   1.000000e+30                   3.500000e+09                      15.000000
                2444243.720930                     930.000000                   1.000000e+30                   3.500000e+09                      15.000000
                2442949.302326                     930.000000                   1.000000e+30                   3.500000e+09                      15.000000
                2441654.883721                     930.000000                   1.000000e+30                   3.500000e+09                      15.000000
                2440360.465116                     930.000000                   1.000000e+30                   3.500000e+09                      15.000000
                2439066.046512                     930.000000                   1.000000e+30                   3.500000e+09                      15.000000
                2437771.627907                     930.000000                   1.000000e+30                   3.500000e+09                      15.000000
                2436477.209302                     930.000000                   1.000000e+30                   3.500000e+09                      15.000000
                2435182.790698                     930.000000                   1.000000e+30                   3.500000e+09                      15.000000
                2433888.372093                     930.000000                   1.000000e+30                   3.500000e+09                      15.000000
                2432593.953488                     930.000000                   1.000000e+30                   3.500000e+09                      15.000000
                2431299.534884                     930.000000                   1.000000e+30                   3.500000e+09                      15.000000
                2430005.116279                     930.000000                   1.000000e+30                   3.500000e+09                      15.000000
                2428710.697674                     930.000000                   1.000000e+30                   3.500000e+09                      15.000000
                2427416.279070                     930.000000                   1.000000e+30                   3.500000e+09                      15.000000
                2426121.860465                     930.000000                   1.000000e+30                   3.500000e+09                      15.000000
                2424827.441860                     930.000000                   1.000000e+30                   3.500000e+09                      15.000000
                2423533.023256                     930.000000                   1.000000e+30                   3.500000e+09                      15.000000
                2422238.604651                     930.000000                   1.000000e+30                   3.500000e+09                      15.000000
                2420944.186047                     930.000000                   1.000000e+30                   3.500000e+09                      15.000000
                2419649.767442                     930.000000                   1.000000e+30                   3.500000e+09                      15.000000
                2418355.348837                     930.000000                   1.000000e+30                   3.500000e+09                      15.000000
                2417060.930233                     930.000000                   1.000000e+30                   3.500000e+09                      15.000000
                2415766.511628                     930.000000                   1.000000e+30                   3.500000e+09                      15.000000
                2414472.093023                     930.000000                   1.000000e+30                   3.500000e+09                      15.000000
                2413177.674419                     930.000000                   1.000000e+30                   3.500000e+09                      15.000000
                2411883.255814                     930.000000                   1.000000e+30                   3.500000e+09                      15.000000
                2410588.837209                     930.000000                   1.000000e+30                   3.500000e+09                      15.000000
                2409294.418605                     930.000000                   1.000000e+30                   3.500000e+09                      15.000000
                2408000.000000                     930.000000                   1.000000e+30                   3.500000e+09                      15.000000
                2408000.000000                    1100.000000                   1.000000e+30                   0.000000e+00                       2.000000
                2407995.620930                    1100.000000                   1.000000e+30                   0.000000e+00                       2.000000
                2407987.838322                    1100.000000                   1.000000e+30                   0.000000e+00                       2.000000
                2407976.170180                    1100.000000                   1.000000e+30                   0.000000e+00                       2.000000
                2407960.623423                    1100.000000                   1.000000e+30                   0.000000e+00                       2.000000
                2407941.207271                    1100.000000                   1.000000e+30                   0.000000e+00                       2.000000
                2407917.933241                    1100.000000                   1.000000e+30                   0.000000e+00                       2.000000
                2407890.815134                    1100.000000                   1.000000e+30                   0.000000e+00                       2.000000
                2407859.869034                    1100.000000                   1.000000e+30                   0.000000e+00                       2.000000
                2407825.113292                    1100.000000                   1.000000e+30                   0.000000e+00                       2.000000
                2407786.568522                    1100.000000                   1.000000e+30                   0.000000e+00                       2.000000
                2407744.257583                    1100.000000                   1.000000e+30                   0.000000e+00                       2.000000
                2407698.205568                    1100.000000                   1.000000e+30                   0.000000e+00                       2.000000
                2407648.439788                    1100.000000                   1.000000e+30                   0.000000e+00                       2.000000
                2407594.989757                    1100.000000                   1.000000e+30                   0.000000e+00                       2.000000
                2407537.887175                    1100.000000                   1.000000e+30                   0.000000e+00                       2.000000
                2407477.165907                    1100.000000                   1.000000e+30                   0.000000e+00                       2.000000
                2407412.861964                    1100.000000                   1.000000e+30                   0.000000e+00                       2.000000
                2407345.013483                    1100.000000                   1.000000e+30                   0.000000e+00                       2.000000
                2407273.660701                    1100.000000                   1.000000e+30                   0.000000e+00                       2.000000
                2407198.845935                    1100.000000                   1.000000e+30                   0.000000e+00                       2.000000
                2407120.613555                    1100.000000                   1.000000e+30                   0.000000e+00                       2.000000
                2407039.009957                    1100.000000                   1.000000e+30                   0.000000e+00                       2.000000
                2406954.083537                    1100.000000                   1.000000e+30                   0.000000e+00                       2.000000
                2406865.884662                    1100.000000                   1.000000e+30                   0.000000e+00                       2.000000
                2406774.465639                    1100.000000                   1.000000e+30                   0.000000e+00                       2.000000
                2406679.880684                    1100.000000                   1.000000e+30                   0.000000e+00                       2.000000
                2406582.185893                    1100.000000                   1.000000e+30                   0.000000e+00                       2.000000
                2406481.439205                    1100.000000                   1.000000e+30                   0.000000e+00                       2.000000
                2406377.700367                    1100.000000                   1.000000e+30                   0.000000e+00                       2.000000
                2406271.030905                    1100.000000                   1.000000e+30                   0.000000e+00                       2.000000
                2406161.494078                    1100.000000                   1.000000e+30                   0.000000e+00                       2.000000
                2406049.154849                    1100.000000                   1.000000e+30                   0.000000e+00                       2.000000
                2405934.079842                    1100.000000                   1.000000e+30                   0.000000e+00                       2.000000
                2405816.337303                    1100.000000                   1.000000e+30                   0.000000e+00                       2.000000
                2405695.997062                    1100.000000                   1.000000e+30                   0.000000e+00                       2.000000
                2405573.130486                    1100.000000                   1.000000e+30                   0.000000e+00                       2.000000
                2405447.810443                    1100.000000                   1.000000e+30                   0.000000e+00                       2.000000
                2405320.111255                    1100.000000                   1.000000e+30                   0.000000e+00                       2.000000
                2405190.108656                    1100.000000                   1.000000e+30                   0.000000e+00                       2.000000
                2405057.879745                    1100.000000                   1.000000e+30                   0.000000e+00                       2.000000
                2404923.502942                    1100.000000                   1.000000e+30                   0.000000e+00                       2.000000
                2404787.057941                    1100.000000                   1.000000e+30                   0.000000e+00                       2.000000
                2404648.625661                    1100.000000                   1.000000e+30                   0.000000e+00                       2.000000
                2404508.288201                    1100.000000                   1.000000e+30                   0.000000e+00                       2.000000
                2404366.128790                    1100.000000                   1.000000e+30                   0.000000e+00                       2.000000
                2404222.231736                    1100.000000                   1.000000e+30                   0.000000e+00                       2.000000
                2404076.682380                    1100.000000                   1.000000e+30                   0.000000e+00                       2.000000
                2403929.567042                    1100.000000                   1.000000e+30                   0.000000e+00                       2.000000
                2403780.972968                    1100.000000                   1.000000e+30                   0.000000e+00                       2.000000
                2403630.988285                    1100.000000                   1.000000e+30                   0.000000e+00                       2.000000
                2403479.701943                    1100.000000                   1.000000e+30                   0.000000e+00                       2.000000
                2403327.203663                    1100.000000                   1.000000e+30                   0.000000e+00                       2.000000
                2403173.583886                    1100.000000                   1.000000e+30                   0.000000e+00                       2.000000
                2403018.933718                    1100.000000                   1.000000e+30                   0.000000e+00                       2.000000
                2402863.344876                    1100.000000                   1.000000e+30                   0.000000e+00                       2.000000
                2402706.909633                    1100.000000                   1.000000e+30                   0.000000e+00                       2.000000
                2402549.720765                    1100.000000                   1.000000e+30                   0.000000e+00                       2.000000
                2402391.871495                    1100.000000                   1.000000e+30                   0.000000e+00                       2.000000
                2402233.455436                    1100.000000                   1.000000e+30                   0.000000e+00                       2.000000
                2402074.566538                    1100.000000                   1.000000e+30                   0.000000e+00                       2.000000
                2401915.299033                    1100.000000                   1.000000e+30                   0.000000e+00                       2.000000
                2401755.747376                    1100.000000                   1.000000e+30                   0.000000e+00                       2.000000
                2401596.006191                    1100.000000                   1.000000e+30                   0.000000e+00                       2.000000
                2401436.170213                    1100.000000                   1.000000e+30                   0.000000e+00                       2.000000
                2401276.334235                    1100.000000                   1.000000e+30                   0.000000e+00                       2.000000
                2401116.593049                    1100.000000                   1.000000e+30                   0.000000e+00                       2.000000
                2400957.041392                    1100.000000                   1.000000e+30                   0.000000e+00                       2.000000
                2400797.773887                    1100.000000                   1.000000e+30                   0.000000e+00                       2.000000
                2400638.884990                    1100.000000                   1.000000e+30                   0.000000e+00                       2.000000
                2400480.468931                    1100.000000                   1.000000e+30                   0.000000e+00                       2.000000
                2400322.619660                    1100.000000                   1.000000e+30                   0.000000e+00                       2.000000
                2400165.430792                    1100.000000                   1.000000e+30                   0.000000e+00                       2.000000
                2400008.995550                    1100.000000                   1.000000e+30                   0.000000e+00                       2.000000
                2399853.406707                    1100.000000                   1.000000e+30                   0.000000e+00                       2.000000
                2399698.756540                    1100.000000                   1.000000e+30                   0.000000e+00                       2.000000
                2399545.136763                    1100.000000                   1.000000e+30                   0.000000e+00                       2.000000
                2399392.638483                    1100.000000                   1.000000e+30                   0.000000e+00                       2.000000
                2399241.352140                    1100.000000                   1.000000e+30                   0.000000e+00                       2.000000
                2399091.367457                    1100.000000                   1.000000e+30                   0.000000e+00                       2.000000
                2398942.773384                    1100.000000                   1.000000e+30                   0.000000e+00                       2.000000
                2398795.658045                    1100.000000                   1.000000e+30                   0.000000e+00                       2.000000
                2398650.108689                    1100.000000                   1.000000e+30                   0.000000e+00                       2.000000
                2398506.211636                    1100.000000                   1.000000e+30                   0.000000e+00                       2.000000
                2398364.052225                    1100.000000                   1.000000e+30                   0.000000e+00                       2.000000
                2398223.714765                    1100.000000                   1.000000e+30                   0.000000e+00                       2.000000
                2398085.282485                    1100.000000                   1.000000e+30                   0.000000e+00                       2.000000
                2397948.837483                    1100.000000                   1.000000e+30                   0.000000e+00                       2.000000
                2397814.460680                    1100.000000                   1.000000e+30                   0.000000e+00                       2.000000
                2397682.231769                    1100.000000                   1.000000e+30                   0.000000e+00                       2.000000
                2397552.229171                    1100.000000                   1.000000e+30                   0.000000e+00                       2.000000
                2397424.529983                    1100.000000                   1.000000e+30                   0.000000e+00                       2.000000
                2397299.209940                    1100.000000                   1.000000e+30                   0.000000e+00                       2.000000
                2397176.343364                    1100.000000                   1.000000e+30                   0.000000e+00                       2.000000
                2397056.003122                    1100.000000                   1.000000e+30                   0.000000e+00                       2.000000
                2396938.260583                    1100.000000                   1.000000e+30                   0.000000e+00                       2.000000
                2396823.185577                    1100.000000                   1.000000e+30                   0.000000e+00                       2.000000
                2396710.846348                    1100.000000                   1.000000e+30                   0.000000e+00                       2.000000
                2396601.309521                    1100.000000                   1.000000e+30                   0.000000e+00                       2.000000
                2396494.640058                    1100.000000                   1.000000e+30                   0.000000e+00                       2.000000
                2396390.901221                    1100.000000                   1.000000e+30                   0.000000e+00                       2.000000
                2396290.154532                    1100.000000                   1.000000e+30                   0.000000e+00                       2.000000
                2396192.459741                    1100.000000                   1.000000e+30                   0.000000e+00                       2.000000
                2396097.874787                    1100.000000                   1.000000e+30                   0.000000e+00                       2.000000
                2396006.455764                    1100.000000                   1.000000e+30                   0.000000e+00                       2.000000
                2395918.256889                    1100.000000                   1.000000e+30                   0.000000e+00                       2.000000
                2395833.330469                    1100.000000                   1.000000e+30                   0.000000e+00                       2.000000
                2395751.726871                    1100.000000                   1.000000e+30                   0.000000e+00                       2.000000
                2395673.494491                    1100.000000                   1.000000e+30                   0.000000e+00                       2.000000
                2395598.679725                    1100.000000                   1.000000e+30                   0.000000e+00                       2.000000
                2395527.326943                    1100.000000                   1.000000e+30                   0.000000e+00                       2.000000
                2395459.478461                    1100.000000                   1.000000e+30                   0.000000e+00                       2.000000
                2395395.174518                    1100.000000                   1.000000e+30                   0.000000e+00                       2.000000
                2395334.453250                    1100.000000                   1.000000e+30                   0.000000e+00                       2.000000
                2395277.350668                    1100.000000                   1.000000e+30                   0.000000e+00                       2.000000
                2395223.900638                    1100.000000                   1.000000e+30                   0.000000e+00                       2.000000
                2395174.134858                    1100.000000                   1.000000e+30                   0.000000e+00                       2.000000
                2395128.082842                    1100.000000                   1.000000e+30                   0.000000e+00                       2.000000
                2395085.771903                    1100.000000                   1.000000e+30                   0.000000e+00                       2.000000
                2395047.227133                    1100.000000                   1.000000e+30                   0.000000e+00                       2.000000
                2395012.471392                    1100.000000                   1.000000e+30                   0.000000e+00                       2.000000
                2394981.525291                    1100.000000                   1.000000e+30                   0.000000e+00                       2.000000
                2394954.407185                    1100.000000                   1.000000e+30                   0.000000e+00                       2.000000
                2394931.133154                    1100.000000                   1.000000e+30                   0.000000e+00                       2.000000
                2394911.717003                    1100.000000                   1.000000e+30                   0.000000e+00                       2.000000
                2394896.170246                    1100.000000                   1.000000e+30                   0.000000e+00                       2.000000
                2394884.502103                    1100.000000                   1.000000e+30                   0.000000e+00                       2.000000
                2394876.719495                    1100.000000                   1.000000e+30                   0.000000e+00                       2.000000
                2394872.827037                    1100.000000                   1.000000e+30                   0.000000e+00                       2.000000
                2394872.340426                    1100.000000                   1.000000e+30                   0.000000e+00                       2.000000
                2394872.340426                    1250.000000                   1.000000e+30                   6.000000e+09                      15.000000
                2391811.314531                    1250.000000                   1.000000e+30                   6.000000e+09                      15.000000
                2388750.288636                    1250.000000                   1.000000e+30                   6.000000e+09                      15.000000
                2385689.262741                    1250.000000                   1.000000e+30                   6.000000e+09                      15.000000
                2382628.236846                    1250.000000                   1.000000e+30                   6.000000e+09                      15.000000
                2379567.210952                    1250.000000                   1.000000e+30                   6.000000e+09                      15.000000
                2376506.185057                    1250.000000                   1.000000e+30                   6.000000e+09                      15.000000
                2373445.159162                    1250.000000                   1.000000e+30                   6.000000e+09                      15.000000
                2370384.133267                    1250.000000                   1.000000e+30                   6.000000e+09                      15.000000
                2367323.107373                    1250.000000                   1.000000e+30                   6.000000e+09                      15.000000
                2364262.081478                    1250.000000                   1.000000e+30                   6.000000e+09                      15.000000
                2361201.055583                    1250.000000                   1.000000e+30                   6.000000e+09                      15.000000
                2358140.029688                    1250.000000                   1.000000e+30                   6.000000e+09                      15.000000
                2355079.003794                    1250.000000                   1.000000e+30                   6.000000e+09                      15.000000
                2352017.977899                    1250.000000                   1.000000e+30                   6.000000e+09                      15.000000
                2348956.952004                    1250.000000                   1.000000e+30                   6.000000e+09                      15.000000
                2345895.926109                    1250.000000                   1.000000e+30                   6.000000e+09                      15.000000
                2342834.900214                    1250.000000                   1.000000e+30                   6.000000e+09                      15.000000
                2339773.874320                    1250.000000                   1.000000e+30                   6.000000e+09                      15.000000
                2336712.848425                    1250.000000                   1.000000e+30                   6.000000e+09                      15.000000
                2333651.822530                    1250.000000                   1.000000e+30                   6.000000e+09                      15.000000
                2330590.796635                    1250.000000                   1.000000e+30                   6.000000e+09                      15.000000
                2327529.770741                    1250.000000                   1.000000e+30                   6.000000e+09                      15.000000
                2324468.744846                    1250.000000                   1.000000e+30                   6.000000e+09                      15.000000
                2321407.718951                    1250.000000                   1.000000e+30                   6.000000e+09                      15.000000
                2318346.693056                    1250.000000                   1.000000e+30                   6.000000e+09                      15.000000
                2315285.667161                    1250.000000                   1.000000e+30                   6.000000e+09                      15.000000
                2312224.641267                    1250.000000                   1.000000e+30                   6.000000e+09                      15.000000
                2309163.615372                    1250.000000                   1.000000e+30                   6.000000e+09                      15.000000
                2306102.589477                    1250.000000                   1.000000e+30                   6.000000e+09                      15.000000
                2303041.563582                    1250.000000                   1.000000e+30                   6.000000e+09                      15.000000
                2299980.537688                    1250.000000                   1.000000e+30                   6.000000e+09                      15.000000
                2296919.511793                    1250.000000                   1.000000e+30                   6.000000e+09                      15.000000
                2293858.485898                    1250.000000                   1.000000e+30                   6.000000e+09                      15.000000
                2290797.460003                    1250.000000                   1.000000e+30                   6.000000e+09                      15.000000
                2287736.434109                    1250.000000                   1.000000e+30                   6.000000e+09                      15.000000
                2284675.408214                    1250.000000                   1.000000e+30                   6.000000e+09                      15.000000
                2281614.382319                    1250.000000                   1.000000e+30                   6.000000e+09                      15.000000
                2278553.356424                    1250.000000                   1.000000e+30                   6.000000e+09                      15.000000
                2275492.330529                    1250.000000                   1.000000e+30                   6.000000e+09                      15.000000
                2272431.304635                    1250.000000                   1.000000e+30                   6.000000e+09                      15.000000
                2269370.278740                    1250.000000                   1.000000e+30                   6.000000e+09                      15.000000
                2266309.252845                    1250.000000                   1.000000e+30                   6.000000e+09                      15.000000
                2263248.226950                    1250.000000                   1.000000e+30                   6.000000e+09                      15.000000
                2260187.201056                    1250.000000                   1.000000e+30                   6.000000e+09                      15.000000
                2257126.175161                    1250.000000                   1.000000e+30                   6.000000e+09                      15.000000
                2254065.149266                    1250.000000                   1.000000e+30                   6.000000e+09                      15.000000
                2251004.123371                    1250.000000                   1.000000e+30                   6.000000e+09                      15.000000
                2247943.097476                    1250.000000                   1.000000e+30                   6.000000e+09                      15.000000
                2244882.071582                    1250.000000                   1.000000e+30                   6.000000e+09                      15.000000
                2241821.045687                    1250.000000                   1.000000e+30                   6.000000e+09                      15.000000
                2238760.019792                    1250.000000                   1.000000e+30                   6.000000e+09                      15.000000
                2235698.993897                    1250.000000                   1.000000e+30                   6.000000e+09                      15.000000
                2232637.968003                    1250.000000                   1.000000e+30                   6.000000e+09                      15.000000
                2229576.942108                    1250.000000                   1.000000e+30                   6.000000e+09                      15.000000
                2226515.916213                    1250.000000                   1.000000e+30                   6.000000e+09                      15.000000
                2223454.890318                    1250.000000                   1.000000e+30                   6.000000e+09                      15.000000
                2220393.864424                    1250.000000                   1.000000e+30                   6.000000e+09                      15.000000
                2217332.838529                    1250.000000                   1.000000e+30                   6.000000e+09                      15.000000
                2214271.812634                    1250.000000                   1.000000e+30                   6.000000e+09                      15.000000
                2211210.786739                    1250.000000                   1.000000e+30                   6.000000e+09                      15.000000
                2208149.760844                    1250.000000                   1.000000e+30                   6.000000e+09                      15.000000
                2205088.734950                    1250.000000                   1.000000e+30                   6.000000e+09                      15.000000
                2202027.709055                    1250.000000                   1.000000e+30                   6.000000e+09                      15.000000
                2198966.683160                    1250.000000                   1.000000e+30                   6.000000e+09                      15.000000
                2195905.657265                    1250.000000                   1.000000e+30                   6.000000e+09                      15.000000
                2192844.631371                    1250.000000                   1.000000e+30                   6.000000e+09                      15.000000
                2189783.605476                    1250.000000                   1.000000e+30                   6.000000e+09                      15.000000
                2186722.579581                    1250.000000                   1.000000e+30                   6.000000e+09                      15.000000
                2183661.553686                    1250.000000                   1.000000e+30                   6.000000e+09                      15.000000
                2180600.527792                    1250.000000                   1.000000e+30                   6.000000e+09                      15.000000
                2177539.501897                    1250.000000                   1.000000e+30                   6.000000e+09                      15.000000
                2174478.476002                    1250.000000                   1.000000e+30                   6.000000e+09                      15.000000
                2171417.450107                    1250.000000                   1.000000e+30                   6.000000e+09                      15.000000
                2168356.424212                    1250.000000                   1.000000e+30                   6.000000e+09                      15.000000
                2165295.398318                    1250.000000                   1.000000e+30                   6.000000e+09                      15.000000
                2162234.372423                    1250.000000                   1.000000e+30                   6.000000e+09                      15.000000
                2159173.346528                    1250.000000                   1.000000e+30                   6.000000e+09                      15.000000
                2156112.320633                    1250.000000                   1.000000e+30                   6.000000e+09                      15.000000
                2153051.294739                    1250.000000                   1.000000e+30                   6.000000e+09                      15.000000
                2149990.268844                    1250.000000                   1.000000e+30                   6.000000e+09                      15.000000
                2146929.242949                    1250.000000                   1.000000e+30                   6.000000e+09                      15.000000
                2143868.217054                    1250.000000                   1.000000e+30                   6.000000e+09                      15.000000
                2140807.191159                    1250.000000                   1.000000e+30                   6.000000e+09                      15.000000
                2137746.165265                    1250.000000                   1.000000e+30                   6.000000e+09                      15.000000
                2134685.139370                    1250.000000                   1.000000e+30                   6.000000e+09                      15.000000
                2131624.113475                    1250.000000                   1.000000e+30                   6.000000e+09                      15.000000
                2128563.087580                    1250.000000                   1.000000e+30                   6.000000e+09                      15.000000
                2125502.061686                    1250.000000                   1.000000e+30                   6.000000e+09                      15.000000
                2122441.035791                    1250.000000                   1.000000e+30                   6.000000e+09                      15.000000
                2119380.009896                    1250.000000                   1.000000e+30                   6.000000e+09                      15.000000
                2116318.984001                    1250.000000                   1.000000e+30                   6.000000e+09                      15.000000
                2113257.958107                    1250.000000                   1.000000e+30                   6.000000e+09                      15.000000
                2110196.932212                    1250.000000                   1.000000e+30                   6.000000e+09                      15.000000
                2107135.906317                    1250.000000                   1.000000e+30                   6.000000e+09                      15.000000
                2104074.880422                    1250.000000                   1.000000e+30                   6.000000e+09                      15.000000
                2101013.854527                    1250.000000                   1.000000e+30                   6.000000e+09                      15.000000
                2097952.828633                    1250.000000                   1.000000e+30                   6.000000e+09                      15.000000
                2094891.802738                    1250.000000                   1.000000e+30                   6.000000e+09                      15.000000
                2091830.776843                    1250.000000                   1.000000e+30                   6.000000e+09                      15.000000
                2088769.750948                    1250.000000                   1.000000e+30                   6.000000e+09                      15.000000
                2085708.725054                    1250.000000                   1.000000e+30                   6.000000e+09                      15.000000
                2082647.699159                    1250.000000                   1.000000e+30                   6.000000e+09                      15.000000
                2079586.673264                    1250.000000                   1.000000e+30                   6.000000e+09                      15.000000
                2076525.647369                    1250.000000                   1.000000e+30                   6.000000e+09                      15.000000
                2073464.621475                    1250.000000                   1.000000e+30                   6.000000e+09                      15.000000
                2070403.595580                    1250.000000                   1.000000e+30                   6.000000e+09                      15.000000
                2067342.569685                    1250.000000                   1.000000e+30                   6.000000e+09                      15.000000
                2064281.543790                    1250.000000                   1.000000e+30                   6.000000e+09                      15.000000
                2061220.517895                    1250.000000                   1.000000e+30                   6.000000e+09                      15.000000
                2058159.492001                    1250.000000                   1.000000e+30                   6.000000e+09                      15.000000
                2055098.466106                    1250.000000                   1.000000e+30                   6.000000e+09                      15.000000
                2052037.440211                    1250.000000                   1.000000e+30                   6.000000e+09                      15.000000
                2048976.414316                    1250.000000                   1.000000e+30                   6.000000e+09                      15.000000
                2045915.388422                    1250.000000                   1.000000e+30                   6.000000e+09                      15.000000
                2042854.362527                    1250.000000                   1.000000e+30                   6.000000e+09                      15.000000
                2039793.336632                    1250.000000                   1.000000e+30                   6.000000e+09                      15.000000
                2036732.310737                    1250.000000                   1.000000e+30                   6.000000e+09                      15.000000
                2033671.284842                    1250.000000                   1.000000e+30                   6.000000e+09                      15.000000
                2030610.258948                    1250.000000                   1.000000e+30                   6.000000e+09                      15.000000
                2027549.233053                    1250.000000                   1.000000e+30                   6.000000e+09                      15.000000
                2024488.207158                    1250.000000                   1.000000e+30                   6.000000e+09                      15.000000
                2021427.181263                    1250.000000                   1.000000e+30                   6.000000e+09                      15.000000
                2018366.155369                    1250.000000                   1.000000e+30                   6.000000e+09                      15.000000
                2015305.129474                    1250.000000                   1.000000e+30                   6.000000e+09                      15.000000
                2012244.103579                    1250.000000                   1.000000e+30                   6.000000e+09                      15.000000
                2009183.077684                    1250.000000                   1.000000e+30                   6.000000e+09                      15.000000
                2006122.051790                    1250.000000                   1.000000e+30                   6.000000e+09                      15.000000
                2003061.025895                    1250.000000                   1.000000e+30                   6.000000e+09                      15.000000
                2000000.000000                    1250.000000                   1.000000e+30                   6.000000e+09                      15.000000
                2000000.000000                    2844.614818                   1.000000e+30                   3.000000e+10                      17.000000
                1978069.040082                    2844.614818                   1.000000e+30                   3.000000e+10                      17.000000
                1956138.080163                    2844.614818                   1.000000e+30                   3.000000e+10                      17.000000
                1934207.120245                    2844.614818                   1.000000e+30                   3.000000e+10                      17.000000
                1912276.160327                    2844.614818                   1.000000e+30                   3.000000e+10                      17.000000
                1890345.200408                    2844.614818                   1.000000e+30                   3.000000e+10                      17.000000
                1868414.240490                    2844.614818                   1.000000e+30                   3.000000e+10                      17.000000
                1846483.280572                    2844.614818                   1.000000e+30                   3.000000e+10                      17.000000
                1824552.320653                    2844.614818                   1.000000e+30                   3.000000e+10                      17.000000
                1802621.360735                    2844.614818                   1.000000e+30                   3.000000e+10                      17.000000
                1780690.400817                    2844.614818                   1.000000e+30                   3.000000e+10                      17.000000
                1758759.440898                    2844.614818                   1.000000e+30                   3.000000e+10                      17.000000
                1736828.480980                    2844.614818                   1.000000e+30                   3.000000e+10                      17.000000
                1714897.521062                    2844.614818                   1.000000e+30                   3.000000e+10                      17.000000
                1692966.561143                    2844.614818                   1.000000e+30                   3.000000e+10                      17.000000
                1671035.601225                    2844.614818                   1.000000e+30                   3.000000e+10                      17.000000
                1649104.641307                    2844.614818                   1.000000e+30                   3.000000e+10                      17.000000
                1627173.681388                    2844.614818                   1.000000e+30                   3.000000e+10                      17.000000
                1605242.721470                    2844.614818                   1.000000e+30                   3.000000e+10                      17.000000
                1583311.761551                    2844.614818                   1.000000e+30                   3.000000e+10                      17.000000
                1561380.801633                    2844.614818                   1.000000e+30                   3.000000e+10                      17.000000
                1539449.841715                    2844.614818                   1.000000e+30                   3.000000e+10                      17.000000
                1517518.881796                    2844.614818                   1.000000e+30                   3.000000e+10                      17.000000
                1495587.921878                    2844.614818                   1.000000e+30                   3.000000e+10                      17.000000
                1473656.961960                    2844.614818                   1.000000e+30                   3.000000e+10                      17.000000
                1451726.002041                    2844.614818                   1.000000e+30                   3.000000e+10                      17.000000
                1429795.042123                    2844.614818                   1.000000e+30                   3.000000e+10                      17.000000
                1407864.082205                    2844.614818                   1.000000e+30                   3.000000e+10                      17.000000
                1385933.122286                    2844.614818                   1.000000e+30                   3.000000e+10                      17.000000
                1364002.162368                    2844.614818                   1.000000e+30                   3.000000e+10                      17.000000
                1342071.202450                    2844.614818                   1.000000e+30                   3.000000e+10                      17.000000
                1320140.242531                    2844.614818                   1.000000e+30                   3.000000e+10                      17.000000
                1298209.282613                    2844.614818                   1.000000e+30                   3.000000e+10                      17.000000
                1276278.322695                    2844.614818                   1.000000e+30                   3.000000e+10                      17.000000
                1254347.362776                    2844.614818                   1.000000e+30                   3.000000e+10                      17.000000
                1232416.402858                    2844.614818                   1.000000e+30                   3.000000e+10                      17.000000
                1210485.442940                    2844.614818                   1.000000e+30                   3.000000e+10                      17.000000
                1188554.483021                    2844.614818                   1.000000e+30                   3.000000e+10                      17.000000
                1166623.523103                    2844.614818                   1.000000e+30                   3.000000e+10                      17.000000
                1144692.563185                    2844.614818                   1.000000e+30                   3.000000e+10                      17.000000
                1122761.603266                    2844.614818                   1.000000e+30                   3.000000e+10                      17.000000
                1100830.643348                    2844.614818                   1.000000e+30                   3.000000e+10                      17.000000
                1078899.683430                    2844.614818                   1.000000e+30                   3.000000e+10                      17.000000
                1056968.723511                    2844.614818                   1.000000e+30                   3.000000e+10                      17.000000
                1035037.763593                    2844.614818                   1.000000e+30                   3.000000e+10                      17.000000
                1013106.803675                    2844.614818                   1.000000e+30                   3.000000e+10                      17.000000
                 991175.843756                    2844.614818                   1.000000e+30                   3.000000e+10                      17.000000
                 969244.883838                    2844.614818                   1.000000e+30                   3.000000e+10                      17.000000
                 947313.923920                    2844.614818                   1.000000e+30                   3.000000e+10                      17.000000
                 925382.964001                    2844.614818                   1.000000e+30                   3.000000e+10                      17.000000
                 903452.004083                    2844.614818                   1.000000e+30                   3.000000e+10                      17.000000
                 881521.044164                    2844.614818                   1.000000e+30                   3.000000e+10                      17.000000
                 859590.084246                    2844.614818                   1.000000e+30                   3.000000e+10                      17.000000
                 837659.124328                    2844.614818                   1.000000e+30                   3.000000e+10                      17.000000
                 815728.164409                    2844.614818                   1.000000e+30                   3.000000e+10                      17.000000
                 793797.204491                    2844.614818                   1.000000e+30                   3.000000e+10                      17.000000
                 771866.244573                    2844.614818                   1.000000e+30                   3.000000e+10                      17.000000
                 749935.284654                    2844.614818                   1.000000e+30                   3.000000e+10                      17.000000
                 728004.324736                    2844.614818                   1.000000e+30                   3.000000e+10                      17.000000
                 706073.364818                    2844.614818                   1.000000e+30                   3.000000e+10                      17.000000
                 684142.404899                    2844.614818                   1.000000e+30                   3.000000e+10                      17.000000
                 662211.444981                    2844.614818                   1.000000e+30                   3.000000e+10                      17.000000
                 640280.485063                    2844.614818                   1.000000e+30                   3.000000e+10                      17.000000
                 618349.525144                    2844.614818                   1.000000e+30                   3.000000e+10                      17.000000
                 596418.565226                    2844.614818                   1.000000e+30                   3.000000e+10                      17.000000
                 574487.605308                    2844.614818                   1.000000e+30                   3.000000e+10                      17.000000
                 552556.645389                    2844.614818                   1.000000e+30                   3.000000e+10                      17.000000
                 530625.685471                    2844.614818                   1.000000e+30                   3.000000e+10                      17.000000
                 508694.725553                    2844.614818                   1.000000e+30                   3.000000e+10                      17.000000
                 486763.765634                    2844.614818                   1.000000e+30                   3.000000e+10                      17.000000
                 464832.805716                    2844.614818                   1.000000e+30                   3.000000e+10                      17.000000
                 442901.845798                    2844.614818                   1.000000e+30                   3.000000e+10                      17.000000
                 420970.885879                    2844.614818                   1.000000e+30                   3.000000e+10                      17.000000
                 399039.925961                    2844.614818                   1.000000e+30                   3.000000e+10                      17.000000
                 377108.966043                    2844.614818                   1.000000e+30                   3.000000e+10                      17.000000
                 355178.006124                    2844.614818                   1.000000e+30                   3.000000e+10                      17.000000
                 333247.046206                    2844.614818                   1.000000e+30                   3.000000e+10                      17.000000
                 311316.086288                    2844.614818                   1.000000e+30                   3.000000e+10                      17.000000
                 289385.126369                    2844.614818                   1.000000e+30                   3.000000e+10                      17.000000
                 267454.166451                    2844.614818                   1.000000e+30                   3.000000e+10                      17.000000
                 245523.206533                    2844.614818                   1.000000e+30                   3.000000e+10                      17.000000
                 223592.246614                    2844.614818                   1.000000e+30                   3.000000e+10                      17.000000
                 201661.286696                    2844.614818                   1.000000e+30                   3.000000e+10                      17.000000
                 179730.326777                    2844.614818                   1.000000e+30                   3.000000e+10                      17.000000
                 157799.366859                    2844.614818                   1.000000e+30                   3.000000e+10                      17.000000
                 135868.406941                    2844.614818                   1.000000e+30                   3.000000e+10                      17.000000
                 113937.447022                    2844.614818                   1.000000e+30                   3.000000e+10                      17.000000
                  92006.487104                    2844.614818                   1.000000e+30                   3.000000e+10                      17.000000
                  70075.527186                    2844.614818                   1.000000e+30                   3.000000e+10                      17.000000
                  48144.567267                    2844.614818                   1.000000e+30                   3.000000e+10                      17.000000
                  26213.607349                    2844.614818                   1.000000e+30                   3.000000e+10                      17.000000
                   4282.647431                    2844.614818                   1.000000e+30                   3.000000e+10                      17.000000
                 -17648.312488                    2844.614818                   1.000000e+30                   3.000000e+10                      17.000000
                 -39579.272406                    2844.614818                   1.000000e+30                   3.000000e+10                      17.000000
                 -61510.232324                    2844.614818                   1.000000e+30                   3.000000e+10                      17.000000
                 -83441.192243                    2844.614818                   1.000000e+30                   3.000000e+10                      17.000000
                -105372.152161                    2844.614818                   1.000000e+30                   3.000000e+10                      17.000000
                -127303.112079                    2844.614818                   1.000000e+30                   3.000000e+10                      17.000000
                -149234.071998                    2844.614818                   1.000000e+30                   3.000000e+10                      17.000000
                -171165.031916                    2844.614818                   1.000000e+30                   3.000000e+10                      17.000000
                -193095.991834                    2844.614818                   1.000000e+30                   3.000000e+10                      17.000000
                -215026.951753                    2844.614818                   1.000000e+30                   3.000000e+10                      17.000000
                -236957.911671                    2844.614818                   1.000000e+30                   3.000000e+10                      17.000000
                -258888.871589                    2844.614818                   1.000000e+30                   3.000000e+10                      17.000000
                -280819.831508                    2844.614818                   1.000000e+30                   3.000000e+10                      17.000000
                -302750.791426                    2844.614818                   1.000000e+30                   3.000000e+10                      17.000000
                -324681.751344                    2844.614818                   1.000000e+30                   3.000000e+10                      17.000000
                -346612.711263                    2844.614818                   1.000000e+30                   3.000000e+10                      17.000000
                -368543.671181                    2844.614818                   1.000000e+30                   3.000000e+10                      17.000000
                -390474.631099                    2844.614818                   1.000000e+30                   3.000000e+10                      17.000000
                -412405.591018                    2844.614818                   1.000000e+30                   3.000000e+10                      17.000000
                -434336.550936                    2844.614818                   1.000000e+30                   3.000000e+10                      17.000000
                -456267.510854                    2844.614818                   1.000000e+30                   3.000000e+10                      17.000000
                -478198.470773                    2844.614818                   1.000000e+30                   3.000000e+10                      17.000000
                -500129.430691                    2844.614818                   1.000000e+30                   3.000000e+10                      17.000000
                -522060.390610                    2844.614818                   1.000000e+30                   3.000000e+10                      17.000000
                -543991.350528                    2844.614818                   1.000000e+30                   3.000000e+10                      17.000000
                -565922.310446                    2844.614818                   1.000000e+30                   3.000000e+10                      17.000000
                -587853.270365                    2844.614818                   1.000000e+30                   3.000000e+10                      17.000000
                -609784.230283                    2844.614818                   1.000000e+30                   3.000000e+10                      17.000000
                -631715.190201                    2844.614818                   1.000000e+30                   3.000000e+10                      17.000000
                -653646.150120                    2844.614818                   1.000000e+30                   3.000000e+10                      17.000000
                -675577.110038                    2844.614818                   1.000000e+30                   3.000000e+10                      17.000000
                -697508.069956                    2844.614818                   1.000000e+30                   3.000000e+10                      17.000000
                -719439.029875                    2844.614818                   1.000000e+30                   3.000000e+10                      17.000000
                -741369.989793                    2844.614818                   1.000000e+30                   3.000000e+10                      17.000000
                -763300.949711                    2844.614818                   1.000000e+30                   3.000000e+10                      17.000000
                -785231.909630                    2844.614818                   1.000000e+30                   3.000000e+10                      17.000000
                -807162.869548                    2844.614818                   1.000000e+30                   3.000000e+10                      17.000000
                -829093.829466                    2844.614818                   1.000000e+30                   3.000000e+10                      17.000000
                -829093.829466                    3300.000000                   1.000000e+30                   5.000000e+10                      22.000000
                -822666.667998                    3300.000000                   1.000000e+30                   5.000000e+10                      22.000000
                -816239.506529                    3300.000000                   1.000000e+30                   5.000000e+10                      22.000000
                -809812.345060                    3300.000000                   1.000000e+30                   5.000000e+10                      22.000000
                -803385.183591                    3300.000000                   1.000000e+30                   5.000000e+10                      22.000000
                -796958.022123                    3300.000000                   1.000000e+30                   5.000000e+10                      22.000000
                -790530.860654                    3300.000000                   1.000000e+30                   5.000000e+10                      22.000000
                -784103.699185                    3300.000000                   1.000000e+30                   5.000000e+10                      22.000000
                -777676.537716                    3300.000000                   1.000000e+30                   5.000000e+10                      22.000000
                -771249.376248                    3300.000000                   1.000000e+30                   5.000000e+10                      22.000000
                -764822.214779                    3300.000000                   1.000000e+30                   5.000000e+10                      22.000000
                -758395.053310                    3300.000000                   1.000000e+30                   5.000000e+10                      22.000000
                -751967.891842                    3300.000000                   1.000000e+30                   5.000000e+10                      22.000000
                -745540.730373                    3300.000000                   1.000000e+30                   5.000000e+10                      22.000000
                -739113.568904                    3300.000000                   1.000000e+30                   5.000000e+10                      22.000000
                -732686.407435                    3300.000000                   1.000000e+30                   5.000000e+10                      22.000000
                -726259.245967                    3300.000000                   1.000000e+30                   5.000000e+10                      22.000000
                -719832.084498                    3300.000000                   1.000000e+30                   5.000000e+10                      22.000000
                -713404.923029                    3300.000000                   1.000000e+30                   5.000000e+10                      22.000000
                -706977.761560                    3300.000000                   1.000000e+30                   5.000000e+10                      22.000000
                -700550.600092                    3300.000000                   1.000000e+30                   5.000000e+10                      22.000000
                -694123.438623                    3300.000000                   1.000000e+30                   5.000000e+10                      22.000000
                -687696.277154                    3300.000000                   1.000000e+30                   5.000000e+10                      22.000000
                -681269.115686                    3300.000000                   1.000000e+30                   5.000000e+10                      22.000000
                -674841.954217                    3300.000000                   1.000000e+30                   5.000000e+10                      22.000000
                -668414.792748                    3300.000000                   1.000000e+30                   5.000000e+10                      22.000000
                -661987.631279                    3300.000000                   1.000000e+30                   5.000000e+10                      22.000000
                -655560.469811                    3300.000000                   1.000000e+30                   5.000000e+10                      22.000000
                -649133.308342                    3300.000000                   1.000000e+30                   5.000000e+10                      22.000000
                -642706.146873                    3300.000000                   1.000000e+30                   5.000000e+10                      22.000000
                -636278.985404                    3300.000000                   1.000000e+30                   5.000000e+10                      22.000000
                -629851.823936                    3300.000000                   1.000000e+30                   5.000000e+10                      22.000000
                -623424.662467                    3300.000000                   1.000000e+30                   5.000000e+10                      22.000000
                -616997.500998                    3300.000000                   1.000000e+30                   5.000000e+10                      22.000000
                -610570.339529                    3300.000000                   1.000000e+30                   5.000000e+10                      22.000000
                -604143.178061                    3300.000000                   1.000000e+30                   5.000000e+10                      22.000000
                -597716.016592                    3300.000000                   1.000000e+30                   5.000000e+10                      22.000000
                -591288.855123                    3300.000000                   1.000000e+30                   5.000000e+10                      22.000000
                -584861.693655                    3300.000000                   1.000000e+30                   5.000000e+10                      22.000000
                -578434.532186                    3300.000000                   1.000000e+30                   5.000000e+10                      22.000000
                -572007.370717                    3300.000000                   1.000000e+30                   5.000000e+10                      22.000000
                -565580.209248                    3300.000000                   1.000000e+30                   5.000000e+10                      22.000000
                -559153.047780                    3300.000000                   1.000000e+30                   5.000000e+10                      22.000000
                -552725.886311                    3300.000000                   1.000000e+30                   5.000000e+10                      22.000000
                -546298.724842                    3300.000000                   1.000000e+30                   5.000000e+10                      22.000000
                -539871.563373                    3300.000000                   1.000000e+30                   5.000000e+10                      22.000000
                -533444.401905                    3300.000000                   1.000000e+30                   5.000000e+10                      22.000000
                -527017.240436                    3300.000000                   1.000000e+30                   5.000000e+10                      22.000000
                -520590.078967                    3300.000000                   1.000000e+30                   5.000000e+10                      22.000000
                -514162.917498                    3300.000000                   1.000000e+30                   5.000000e+10                      22.000000
                -507735.756030                    3300.000000                   1.000000e+30                   5.000000e+10                      22.000000
                -501308.594561                    3300.000000                   1.000000e+30                   5.000000e+10                      22.000000
                -494881.433092                    3300.000000                   1.000000e+30                   5.000000e+10                      22.000000
                -488454.271624                    3300.000000                   1.000000e+30                   5.000000e+10                      22.000000
                -482027.110155                    3300.000000                   1.000000e+30                   5.000000e+10                      22.000000
                -475599.948686                    3300.000000                   1.000000e+30                   5.000000e+10                      22.000000
                -469172.787217                    3300.000000                   1.000000e+30                   5.000000e+10                      22.000000
                -462745.625749                    3300.000000                   1.000000e+30                   5.000000e+10                      22.000000
                -456318.464280                    3300.000000                   1.000000e+30                   5.000000e+10                      22.000000
                -449891.302811                    3300.000000                   1.000000e+30                   5.000000e+10                      22.000000
                -443464.141342                    3300.000000                   1.000000e+30                   5.000000e+10                      22.000000
                -437036.979874                    3300.000000                   1.000000e+30                   5.000000e+10                      22.000000
                -430609.818405                    3300.000000                   1.000000e+30                   5.000000e+10                      22.000000
                -424182.656936                    3300.000000                   1.000000e+30                   5.000000e+10                      22.000000
                -417755.495468                    3300.000000                   1.000000e+30                   5.000000e+10                      22.000000
                -411328.333999                    3300.000000                   1.000000e+30                   5.000000e+10                      22.000000
                -404901.172530                    3300.000000                   1.000000e+30                   5.000000e+10                      22.000000
                -398474.011061                    3300.000000                   1.000000e+30                   5.000000e+10                      22.000000
                -392046.849593                    3300.000000                   1.000000e+30                   5.000000e+10                      22.000000
                -385619.688124                    3300.000000                   1.000000e+30                   5.000000e+10                      22.000000
                -379192.526655                    3300.000000                   1.000000e+30                   5.000000e+10                      22.000000
                -372765.365186                    3300.000000                   1.000000e+30                   5.000000e+10                      22.000000
                -366338.203718                    3300.000000                   1.000000e+30                   5.000000e+10                      22.000000
                -359911.042249                    3300.000000                   1.000000e+30                   5.000000e+10                      22.000000
                -353483.880780                    3300.000000                   1.000000e+30                   5.000000e+10                      22.000000
                -347056.719311                    3300.000000                   1.000000e+30                   5.000000e+10                      22.000000
                -340629.557843                    3300.000000                   1.000000e+30                   5.000000e+10                      22.000000
                -334202.396374                    3300.000000                   1.000000e+30                   5.000000e+10                      22.000000
                -327775.234905                    3300.000000                   1.000000e+30                   5.000000e+10                      22.000000
                -321348.073437                    3300.000000                   1.000000e+30                   5.000000e+10                      22.000000
                -314920.911968                    3300.000000                   1.000000e+30                   5.000000e+10                      22.000000
                -308493.750499                    3300.000000                   1.000000e+30                   5.000000e+10                      22.000000
                -302066.589030                    3300.000000                   1.000000e+30                   5.000000e+10                      22.000000
                -295639.427562                    3300.000000                   1.000000e+30                   5.000000e+10                      22.000000
                -289212.266093                    3300.000000                   1.000000e+30                   5.000000e+10                      22.000000
                -282785.104624                    3300.000000                   1.000000e+30                   5.000000e+10                      22.000000
                -276357.943155                    3300.000000                   1.000000e+30                   5.000000e+10                      22.000000
                -269930.781687                    3300.000000                   1.000000e+30                   5.000000e+10                      22.000000
                -263503.620218                    3300.000000                   1.000000e+30                   5.000000e+10                      22.000000
                -257076.458749                    3300.000000                   1.000000e+30                   5.000000e+10                      22.000000
                -250649.297281                    3300.000000                   1.000000e+30                   5.000000e+10                      22.000000
                -244222.135812                    3300.000000                   1.000000e+30                   5.000000e+10                      22.000000
                -237794.974343                    3300.000000                   1.000000e+30                   5.000000e+10                      22.000000
                -231367.812874                    3300.000000                   1.000000e+30                   5.000000e+10                      22.000000
                -224940.651406                    3300.000000                   1.000000e+30                   5.000000e+10                      22.000000
                -218513.489937                    3300.000000                   1.000000e+30                   5.000000e+10                      22.000000
                -212086.328468                    3300.000000                   1.000000e+30                   5.000000e+10                      22.000000
                -205659.166999                    3300.000000                   1.000000e+30                   5.000000e+10                      22.000000
                -199232.005531                    3300.000000                   1.000000e+30                   5.000000e+10                      22.000000
                -192804.844062                    3300.000000                   1.000000e+30                   5.000000e+10                      22.000000
                -186377.682593                    3300.000000                   1.000000e+30                   5.000000e+10                      22.000000
                -179950.521124                    3300.000000                   1.000000e+30                   5.000000e+10                      22.000000
                -173523.359656                    3300.000000                   1.000000e+30                   5.000000e+10                      22.000000
                -167096.198187                    3300.000000                   1.000000e+30                   5.000000e+10                      22.000000
                -160669.036718                    3300.000000                   1.000000e+30                   5.000000e+10                      22.000000
                -154241.875250                    3300.000000                   1.000000e+30                   5.000000e+10                      22.000000
                -147814.713781                    3300.000000                   1.000000e+30                   5.000000e+10                      22.000000
                -141387.552312                    3300.000000                   1.000000e+30                   5.000000e+10                      22.000000
                -134960.390843                    3300.000000                   1.000000e+30                   5.000000e+10                      22.000000
                -128533.229375                    3300.000000                   1.000000e+30                   5.000000e+10                      22.000000
                -122106.067906                    3300.000000                   1.000000e+30                   5.000000e+10                      22.000000
                -115678.906437                    3300.000000                   1.000000e+30                   5.000000e+10                      22.000000
                -109251.744968                    3300.000000                   1.000000e+30                   5.000000e+10                      22.000000
                -102824.583500                    3300.000000                   1.000000e+30                   5.000000e+10                      22.000000
                 -96397.422031                    3300.000000                   1.000000e+30                   5.000000e+10                      22.000000
                 -89970.260562                    3300.000000                   1.000000e+30                   5.000000e+10                      22.000000
                 -83543.099094                    3300.000000                   1.000000e+30                   5.000000e+10                      22.000000
                 -77115.937625                    3300.000000                   1.000000e+30                   5.000000e+10                      22.000000
                 -70688.776156                    3300.000000                   1.000000e+30                   5.000000e+10                      22.000000
                 -64261.614687                    3300.000000                   1.000000e+30                   5.000000e+10                      22.000000
                 -57834.453219                    3300.000000                   1.000000e+30                   5.000000e+10                      22.000000
                 -51407.291750                    3300.000000                   1.000000e+30                   5.000000e+10                      22.000000
                 -44980.130281                    3300.000000                   1.000000e+30                   5.000000e+10                      22.000000
                 -38552.968812                    3300.000000                   1.000000e+30                   5.000000e+10                      22.000000
                 -32125.807344                    3300.000000                   1.000000e+30                   5.000000e+10                      22.000000
                 -25698.645875                    3300.000000                   1.000000e+30                   5.000000e+10                      22.000000
                 -19271.484406                    3300.000000                   1.000000e+30                   5.000000e+10                      22.000000
                 -12844.322937                    3300.000000                   1.000000e+30                   5.000000e+10                      22.000000
                  -6417.161469                    3300.000000                   1.000000e+30                   5.000000e+10                      22.000000
                     10.000000                    3300.000000                   1.000000e+30                   5.000000e+10                      22.000000
